[2025-03-10 16:00:51] This is codeql database create codeqldb --language=java --overwrite --build-mode=none
[2025-03-10 16:00:51] Log file was started late.
[2025-03-10 16:00:51] [PROGRESS] database create> Initializing database at /Users/pripum/Documents/codeql-snyk-github-testing/codeql-and-workflows/codeqldb.
[2025-03-10 16:00:51] Running plumbing command: codeql database init --overwrite --language=java --extractor-options-verbosity=1 --qlconfig-file=/Users/pripum/Documents/codeql-snyk-github-testing/codeql-and-workflows/qlconfig.yml --build-mode=none --source-root=/Users/pripum/Documents/codeql-snyk-github-testing/codeql-and-workflows --allow-missing-source-root=false --allow-already-existing -- /Users/pripum/Documents/codeql-snyk-github-testing/codeql-and-workflows/codeqldb
[2025-03-10 16:00:51] Calling plumbing command: codeql resolve languages --extractor-options-verbosity=1 --format=betterjson
[2025-03-10 16:00:52] [DETAILS] resolve languages> Scanning for [codeql-extractor.yml] from /opt/homebrew/Caskroom/codeql/2.20.5/codeql/.codeqlmanifest.json
[2025-03-10 16:00:52] [DETAILS] resolve languages> Parsing /opt/homebrew/Caskroom/codeql/2.20.5/codeql/go/codeql-extractor.yml.
[2025-03-10 16:00:52] [DETAILS] resolve languages> Parsing /opt/homebrew/Caskroom/codeql/2.20.5/codeql/python/codeql-extractor.yml.
[2025-03-10 16:00:52] [DETAILS] resolve languages> Parsing /opt/homebrew/Caskroom/codeql/2.20.5/codeql/java/codeql-extractor.yml.
[2025-03-10 16:00:52] [DETAILS] resolve languages> Parsing /opt/homebrew/Caskroom/codeql/2.20.5/codeql/html/codeql-extractor.yml.
[2025-03-10 16:00:52] [DETAILS] resolve languages> Parsing /opt/homebrew/Caskroom/codeql/2.20.5/codeql/xml/codeql-extractor.yml.
[2025-03-10 16:00:52] [DETAILS] resolve languages> Parsing /opt/homebrew/Caskroom/codeql/2.20.5/codeql/properties/codeql-extractor.yml.
[2025-03-10 16:00:52] [DETAILS] resolve languages> Parsing /opt/homebrew/Caskroom/codeql/2.20.5/codeql/cpp/codeql-extractor.yml.
[2025-03-10 16:00:52] [DETAILS] resolve languages> Parsing /opt/homebrew/Caskroom/codeql/2.20.5/codeql/swift/codeql-extractor.yml.
[2025-03-10 16:00:52] [DETAILS] resolve languages> Parsing /opt/homebrew/Caskroom/codeql/2.20.5/codeql/csv/codeql-extractor.yml.
[2025-03-10 16:00:52] [DETAILS] resolve languages> Parsing /opt/homebrew/Caskroom/codeql/2.20.5/codeql/actions/codeql-extractor.yml.
[2025-03-10 16:00:52] [DETAILS] resolve languages> Parsing /opt/homebrew/Caskroom/codeql/2.20.5/codeql/yaml/codeql-extractor.yml.
[2025-03-10 16:00:52] [DETAILS] resolve languages> Parsing /opt/homebrew/Caskroom/codeql/2.20.5/codeql/csharp/codeql-extractor.yml.
[2025-03-10 16:00:52] [DETAILS] resolve languages> Parsing /opt/homebrew/Caskroom/codeql/2.20.5/codeql/javascript/codeql-extractor.yml.
[2025-03-10 16:00:52] [DETAILS] resolve languages> Parsing /opt/homebrew/Caskroom/codeql/2.20.5/codeql/ruby/codeql-extractor.yml.
[2025-03-10 16:00:52] Plumbing command codeql resolve languages completed:
                      {
                        "aliases" : {
                          "c" : "cpp",
                          "c++" : "cpp",
                          "c-c++" : "cpp",
                          "c-cpp" : "cpp",
                          "c#" : "csharp",
                          "java-kotlin" : "java",
                          "kotlin" : "java",
                          "javascript-typescript" : "javascript",
                          "typescript" : "javascript"
                        },
                        "extractors" : {
                          "go" : [
                            {
                              "extractor_root" : "/opt/homebrew/Caskroom/codeql/2.20.5/codeql/go",
                              "extractor_options" : {
                                "extract_tests" : {
                                  "title" : "Whether to include Go test files in the CodeQL database.",
                                  "description" : "A value indicating whether Go test files should be included in the CodeQL database. The default is 'false'.\n",
                                  "type" : "string",
                                  "pattern" : "^(false|true)$"
                                },
                                "extract_vendor_dirs" : {
                                  "title" : "Whether to include Go vendor directories in the CodeQL database.",
                                  "description" : "A value indicating whether Go vendor directories should be included in the CodeQL database. The default is 'false'.\n",
                                  "type" : "string",
                                  "pattern" : "^(false|true)$"
                                }
                              }
                            }
                          ],
                          "python" : [
                            {
                              "extractor_root" : "/opt/homebrew/Caskroom/codeql/2.20.5/codeql/python",
                              "extractor_options" : {
                                "logging" : {
                                  "title" : "Options pertaining to logging.",
                                  "description" : "Options pertaining to logging.",
                                  "type" : "object",
                                  "properties" : {
                                    "verbosity" : {
                                      "title" : "Python extractor logging verbosity level.",
                                      "description" : "Controls the level of verbosity of the CodeQL Python extractor.\nThe supported levels are (in order of increasing verbosity):\n\n  - off\n  - errors\n  - warnings\n  - info or progress\n  - debug or progress+\n  - trace or progress++\n  - progress+++\n",
                                      "type" : "string",
                                      "pattern" : "^(off|errors|warnings|(info|progress)|(debug|progress\\+)|(trace|progress\\+\\+)|progress\\+\\+\\+)$"
                                    }
                                  }
                                },
                                "python_executable_name" : {
                                  "title" : "Controls the name of the Python executable used by the Python extractor.",
                                  "description" : "The Python extractor uses platform-dependent heuristics to determine the name of the Python executable to use. Specifying a value for this option overrides the name of the Python executable used by the extractor. Accepted values are py, python and python3. Use this setting with caution, the Python extractor requires Python 3 to run.\n",
                                  "type" : "string",
                                  "pattern" : "^(py|python|python3)$"
                                }
                              }
                            }
                          ],
                          "java" : [
                            {
                              "extractor_root" : "/opt/homebrew/Caskroom/codeql/2.20.5/codeql/java",
                              "extractor_options" : {
                                "exclude" : {
                                  "title" : "A glob excluding files from analysis.",
                                  "description" : "A glob indicating what files to exclude from the analysis.\n",
                                  "type" : "string"
                                },
                                "add_prefer_source" : {
                                  "title" : "Whether to always prefer source files over class files.",
                                  "description" : "A value indicating whether source files should be preferred over class files. If set to 'true', the extraction adds '-Xprefer:source' to the javac command line. If set to 'false', the extraction uses the default javac behavior ('-Xprefer:newer'). The default is 'true'.\n",
                                  "type" : "string",
                                  "pattern" : "^(false|true)$"
                                },
                                "buildless" : {
                                  "title" : "Whether to use buildless (standalone) extraction (experimental).",
                                  "description" : "A value indicating, which type of extraction the autobuilder should perform. If 'true', then the standalone extractor will be used, otherwise tracing extraction will be performed. The default is 'false'. Note that buildless extraction will generally yield less accurate analysis results, and should only be used in cases where it is not possible to build the code (for example if it uses inaccessible dependencies).\n",
                                  "type" : "string",
                                  "pattern" : "^(false|true)$"
                                }
                              }
                            }
                          ],
                          "html" : [
                            {
                              "extractor_root" : "/opt/homebrew/Caskroom/codeql/2.20.5/codeql/html"
                            }
                          ],
                          "xml" : [
                            {
                              "extractor_root" : "/opt/homebrew/Caskroom/codeql/2.20.5/codeql/xml"
                            }
                          ],
                          "properties" : [
                            {
                              "extractor_root" : "/opt/homebrew/Caskroom/codeql/2.20.5/codeql/properties"
                            }
                          ],
                          "cpp" : [
                            {
                              "extractor_root" : "/opt/homebrew/Caskroom/codeql/2.20.5/codeql/cpp",
                              "extractor_options" : {
                                "scale_timeouts" : {
                                  "title" : "Value to scale compiler introspection timeouts with",
                                  "description" : "The extractor attempts to determine what compiler the source code being extracted is compiled with. To this end the extractor makes additional calls to the compiler, some of which are expected to return within a certain fixed time (either 10s or 15s). On some systems that are under high load this time might be too short, and can be scaled up using this option.\n",
                                  "type" : "string",
                                  "pattern" : "[0-9]+"
                                },
                                "log_verbosity" : {
                                  "title" : "Verbosity of the extractor logging",
                                  "description" : "Set the verbosity of the extractor logging to 'quiet' (0), 'normal' (1), 'chatty' (2), or 'noisy' (3). The default is 'normal'.\n",
                                  "type" : "string",
                                  "pattern" : "[0-3]"
                                }
                              }
                            }
                          ],
                          "swift" : [
                            {
                              "extractor_root" : "/opt/homebrew/Caskroom/codeql/2.20.5/codeql/swift"
                            }
                          ],
                          "csv" : [
                            {
                              "extractor_root" : "/opt/homebrew/Caskroom/codeql/2.20.5/codeql/csv"
                            }
                          ],
                          "actions" : [
                            {
                              "extractor_root" : "/opt/homebrew/Caskroom/codeql/2.20.5/codeql/actions",
                              "extractor_options" : { }
                            }
                          ],
                          "yaml" : [
                            {
                              "extractor_root" : "/opt/homebrew/Caskroom/codeql/2.20.5/codeql/yaml"
                            }
                          ],
                          "csharp" : [
                            {
                              "extractor_root" : "/opt/homebrew/Caskroom/codeql/2.20.5/codeql/csharp",
                              "extractor_options" : {
                                "trap" : {
                                  "title" : "Options pertaining to TRAP.",
                                  "description" : "Options pertaining to TRAP.",
                                  "type" : "object",
                                  "properties" : {
                                    "compression" : {
                                      "title" : "Controls compression for the TRAP files written by the extractor.",
                                      "description" : "This option is only intended for use in debugging the extractor. Accepted values are 'brotli' (the default, to write brotli-compressed TRAP), 'gzip', and 'none' (to write uncompressed TRAP).\n",
                                      "type" : "string",
                                      "pattern" : "^(none|gzip|brotli)$"
                                    }
                                  }
                                },
                                "buildless" : {
                                  "title" : "DEPRECATED - Whether to use buildless (standalone) extraction.",
                                  "description" : "DEPRECATED: Use `--build-mode none` instead.\nA value indicating, which type of extraction the autobuilder should perform. If 'true', then the standalone extractor will be used, otherwise tracing extraction will be performed. The default is 'false'. Note that buildless extraction will generally yield less accurate analysis results, and should only be used in cases where it is not possible to build the code (for example if it uses inaccessible dependencies).\n",
                                  "type" : "string",
                                  "pattern" : "^(false|true)$"
                                },
                                "logging" : {
                                  "title" : "Options pertaining to logging.",
                                  "description" : "Options pertaining to logging.",
                                  "type" : "object",
                                  "properties" : {
                                    "verbosity" : {
                                      "title" : "Extractor logging verbosity level.",
                                      "description" : "Controls the level of verbosity of the extractor. The supported levels are (in order of increasing verbosity):\n  - off\n  - errors\n  - warnings\n  - info or progress\n  - debug or progress+\n  - trace or progress++\n  - progress+++\n",
                                      "type" : "string",
                                      "pattern" : "^(off|errors|warnings|(info|progress)|(debug|progress\\+)|(trace|progress\\+\\+)|progress\\+\\+\\+)$"
                                    }
                                  }
                                },
                                "binlog" : {
                                  "title" : "Binlog",
                                  "description" : "[EXPERIMENTAL] The value is a path to the MsBuild binary log file that should be extracted. This option only works when `--build-mode none` is also specified.\n",
                                  "type" : "array"
                                }
                              }
                            }
                          ],
                          "javascript" : [
                            {
                              "extractor_root" : "/opt/homebrew/Caskroom/codeql/2.20.5/codeql/javascript",
                              "extractor_options" : {
                                "skip_types" : {
                                  "title" : "Skip type extraction for TypeScript",
                                  "description" : "Whether to skip the extraction of types in a TypeScript application",
                                  "type" : "string",
                                  "pattern" : "^(false|true)$"
                                }
                              }
                            }
                          ],
                          "ruby" : [
                            {
                              "extractor_root" : "/opt/homebrew/Caskroom/codeql/2.20.5/codeql/ruby",
                              "extractor_options" : {
                                "trap" : {
                                  "title" : "Options pertaining to TRAP.",
                                  "description" : "Options pertaining to TRAP.",
                                  "type" : "object",
                                  "properties" : {
                                    "compression" : {
                                      "title" : "Controls compression for the TRAP files written by the extractor.",
                                      "description" : "This option is only intended for use in debugging the extractor. Accepted values are 'gzip' (the default, to write gzip-compressed TRAP) and 'none' (to write uncompressed TRAP).\n",
                                      "type" : "string",
                                      "pattern" : "^(none|gzip)$"
                                    }
                                  }
                                }
                              }
                            }
                          ]
                        }
                      }
[2025-03-10 16:00:52] [PROGRESS] database init> Calculating baseline information in /Users/pripum/Documents/codeql-snyk-github-testing/codeql-and-workflows
[2025-03-10 16:00:52] [SPAMMY] database init> Ignoring the following directories when processing baseline information: .git, .hg, .svn.
[2025-03-10 16:00:52] [DETAILS] database init> Running command in /Users/pripum/Documents/codeql-snyk-github-testing/codeql-and-workflows: /opt/homebrew/Caskroom/codeql/2.20.5/codeql/tools/osx64/scc --by-file --exclude-dir .git,.hg,.svn --format json --no-large --no-min .
[2025-03-10 16:00:52] Using configure-baseline script /opt/homebrew/Caskroom/codeql/2.20.5/codeql/javascript/tools/configure-baseline.sh.
[2025-03-10 16:00:52] [PROGRESS] database init> Running command in /Users/pripum/Documents/codeql-snyk-github-testing/codeql-and-workflows: [/opt/homebrew/Caskroom/codeql/2.20.5/codeql/javascript/tools/configure-baseline.sh]
[2025-03-10 16:00:52] [SPAMMY] database init> Found 17 baseline files for java.
[2025-03-10 16:00:52] [SPAMMY] database init> Found 2 baseline files for javascript.
[2025-03-10 16:00:52] [PROGRESS] database init> Calculated baseline information for languages: java, javascript (68ms).
[2025-03-10 16:00:52] [PROGRESS] database init> Resolving extractor java.
[2025-03-10 16:00:52] [DETAILS] database init> Found candidate extractor root for java: /opt/homebrew/Caskroom/codeql/2.20.5/codeql/java.
[2025-03-10 16:00:52] [PROGRESS] database init> Successfully loaded extractor Java/Kotlin (java) from /opt/homebrew/Caskroom/codeql/2.20.5/codeql/java.
[2025-03-10 16:00:52] [SPAMMY] database init> Determining macOS System Integrity Protection status...
[2025-03-10 16:00:52] [SPAMMY] database init> Running command [/usr/bin/csrutil, status].
[2025-03-10 16:00:52] [SPAMMY] database init> SIP is enabled.
[2025-03-10 16:00:52] [PROGRESS] database init> Created skeleton CodeQL database at /Users/pripum/Documents/codeql-snyk-github-testing/codeql-and-workflows/codeqldb. This in-progress database is ready to be populated by an extractor.
[2025-03-10 16:00:52] Plumbing command codeql database init completed.
[2025-03-10 16:00:52] [PROGRESS] database create> Running build command: []
[2025-03-10 16:00:52] Running plumbing command: codeql database trace-command --working-dir=/Users/pripum/Documents/codeql-snyk-github-testing/codeql-and-workflows --index-traceless-dbs --no-db-cluster -- /Users/pripum/Documents/codeql-snyk-github-testing/codeql-and-workflows/codeqldb
[2025-03-10 16:00:52] Using autobuild script /opt/homebrew/Caskroom/codeql/2.20.5/codeql/java/tools/autobuild.sh.
[2025-03-10 16:00:52] [PROGRESS] database trace-command> Running command in /Users/pripum/Documents/codeql-snyk-github-testing/codeql-and-workflows: [/opt/homebrew/Caskroom/codeql/2.20.5/codeql/java/tools/autobuild.sh]
[2025-03-10 16:00:52] [build-stdout] [2025-03-10 16:00:52] Extracting Java with build-mode=none.
[2025-03-10 16:00:52] [build-stdout] [2025-03-10 16:00:52] Found usable build tool Maven.
[2025-03-10 16:00:52] [build-stdout] [2025-03-10 16:00:52] Trying to infer the JDK to use to extract Java.
[2025-03-10 16:00:52] [build-stdout] [2025-03-10 16:00:52] Found no Java toolchains in a toolchains file, inspecting environment variables...
[2025-03-10 16:00:52] [build-stdout] [2025-03-10 16:00:52] Checking if a build tool can recommend a classpath to resolve external dependencies.
[2025-03-10 16:00:52] [build-stdout] [2025-03-10 16:00:52] Build directory is ./src/verademo/app
[2025-03-10 16:00:53] [build-stdout] [2025-03-10 16:00:53] [autobuild] Apache Maven 3.9.9 (8e8579a9e76f7d015ee5ec7bfcdc97d260186937)
[2025-03-10 16:00:53] [build-stdout] [2025-03-10 16:00:53] [autobuild] Maven home: /opt/homebrew/Cellar/maven/3.9.9/libexec
[2025-03-10 16:00:53] [build-stdout] [2025-03-10 16:00:53] [autobuild] Java version: 23.0.2, vendor: Homebrew, runtime: /opt/homebrew/Cellar/openjdk/23.0.2/libexec/openjdk.jdk/Contents/Home
[2025-03-10 16:00:53] [build-stdout] [2025-03-10 16:00:53] [autobuild] Default locale: en_US, platform encoding: UTF-8
[2025-03-10 16:00:53] [build-stdout] [2025-03-10 16:00:53] [autobuild] OS name: "mac os x", version: "15.3.1", arch: "aarch64", family: "mac"
[2025-03-10 16:00:53] [build-stdout] [2025-03-10 16:00:53] [autobuild] [INFO] Error stacktraces are turned on.
[2025-03-10 16:00:53] [build-stdout] [2025-03-10 16:00:53] [autobuild] [INFO] Scanning for projects...
[2025-03-10 16:00:53] [build-stdout] [2025-03-10 16:00:53] [autobuild] [INFO] Downloading from central: https://repo.maven.apache.org/maven2/org/springframework/boot/spring-boot-starter-parent/2.3.1.RELEASE/spring-boot-starter-parent-2.3.1.RELEASE.pom
[2025-03-10 16:00:53] [build-stdout] [2025-03-10 16:00:53] [autobuild] [ERROR] [ERROR] Some problems were encountered while processing the POMs:
[2025-03-10 16:00:53] [build-stdout] [2025-03-10 16:00:53] [autobuild] [FATAL] Non-resolvable parent POM for com.veracode:verademo:0.0.1-SNAPSHOT: The following artifacts could not be resolved: org.springframework.boot:spring-boot-starter-parent:pom:2.3.1.RELEASE (absent): Could not transfer artifact org.springframework.boot:spring-boot-starter-parent:pom:2.3.1.RELEASE from/to central (https://repo.maven.apache.org/maven2): proxy.cat.com: nodename nor servname provided, or not known and 'parent.relativePath' points at no local POM @ line 11, column 10
[2025-03-10 16:00:53] [build-stdout] [2025-03-10 16:00:53] [autobuild]  @ 
[2025-03-10 16:00:53] [build-stdout] [2025-03-10 16:00:53] [autobuild] [ERROR] The build could not read 1 project -> [Help 1]
[2025-03-10 16:00:53] [build-stdout] [2025-03-10 16:00:53] [autobuild] org.apache.maven.project.ProjectBuildingException: Some problems were encountered while processing the POMs:
[2025-03-10 16:00:53] [build-stdout] [2025-03-10 16:00:53] [autobuild] [FATAL] Non-resolvable parent POM for com.veracode:verademo:0.0.1-SNAPSHOT: The following artifacts could not be resolved: org.springframework.boot:spring-boot-starter-parent:pom:2.3.1.RELEASE (absent): Could not transfer artifact org.springframework.boot:spring-boot-starter-parent:pom:2.3.1.RELEASE from/to central (https://repo.maven.apache.org/maven2): proxy.cat.com: nodename nor servname provided, or not known and 'parent.relativePath' points at no local POM @ line 11, column 10
[2025-03-10 16:00:53] [build-stdout] [2025-03-10 16:00:53] [autobuild]     at org.apache.maven.project.DefaultProjectBuilder.build (DefaultProjectBuilder.java:389)
[2025-03-10 16:00:53] [build-stdout] [2025-03-10 16:00:53] [autobuild]     at org.apache.maven.graph.DefaultGraphBuilder.collectProjects (DefaultGraphBuilder.java:349)
[2025-03-10 16:00:53] [build-stdout] [2025-03-10 16:00:53] [autobuild]     at org.apache.maven.graph.DefaultGraphBuilder.getProjectsForMavenReactor (DefaultGraphBuilder.java:340)
[2025-03-10 16:00:53] [build-stdout] [2025-03-10 16:00:53] [autobuild]     at org.apache.maven.graph.DefaultGraphBuilder.build (DefaultGraphBuilder.java:76)
[2025-03-10 16:00:53] [build-stdout] [2025-03-10 16:00:53] [autobuild]     at org.apache.maven.DefaultMaven.buildGraph (DefaultMaven.java:448)
[2025-03-10 16:00:53] [build-stdout] [2025-03-10 16:00:53] [autobuild]     at org.apache.maven.DefaultMaven.doExecute (DefaultMaven.java:197)
[2025-03-10 16:00:53] [build-stdout] [2025-03-10 16:00:53] [autobuild]     at org.apache.maven.DefaultMaven.doExecute (DefaultMaven.java:173)
[2025-03-10 16:00:53] [build-stdout] [2025-03-10 16:00:53] [autobuild]     at org.apache.maven.DefaultMaven.execute (DefaultMaven.java:101)
[2025-03-10 16:00:53] [build-stdout] [2025-03-10 16:00:53] [autobuild]     at org.apache.maven.cli.MavenCli.execute (MavenCli.java:906)
[2025-03-10 16:00:53] [build-stdout] [2025-03-10 16:00:53] [autobuild]     at org.apache.maven.cli.MavenCli.doMain (MavenCli.java:283)
[2025-03-10 16:00:53] [build-stdout] [2025-03-10 16:00:53] [autobuild]     at org.apache.maven.cli.MavenCli.main (MavenCli.java:206)
[2025-03-10 16:00:53] [build-stdout] [2025-03-10 16:00:53] [autobuild]     at jdk.internal.reflect.DirectMethodHandleAccessor.invoke (DirectMethodHandleAccessor.java:103)
[2025-03-10 16:00:53] [build-stdout] [2025-03-10 16:00:53] [autobuild]     at java.lang.reflect.Method.invoke (Method.java:580)
[2025-03-10 16:00:53] [build-stdout] [2025-03-10 16:00:53] [autobuild]     at org.codehaus.plexus.classworlds.launcher.Launcher.launchEnhanced (Launcher.java:255)
[2025-03-10 16:00:53] [build-stdout] [2025-03-10 16:00:53] [autobuild]     at org.codehaus.plexus.classworlds.launcher.Launcher.launch (Launcher.java:201)
[2025-03-10 16:00:53] [build-stdout] [2025-03-10 16:00:53] [autobuild]     at org.codehaus.plexus.classworlds.launcher.Launcher.mainWithExitCode (Launcher.java:361)
[2025-03-10 16:00:53] [build-stdout] [2025-03-10 16:00:53] [autobuild]     at org.codehaus.plexus.classworlds.launcher.Launcher.main (Launcher.java:314)
[2025-03-10 16:00:53] [build-stdout] [2025-03-10 16:00:53] [autobuild] [ERROR]   
[2025-03-10 16:00:53] [build-stdout] [2025-03-10 16:00:53] [autobuild] [ERROR]   The project com.veracode:verademo:0.0.1-SNAPSHOT (/Users/pripum/Documents/codeql-snyk-github-testing/codeql-and-workflows/src/verademo/app/pom.xml) has 1 error
[2025-03-10 16:00:53] [build-stdout] [2025-03-10 16:00:53] [autobuild] [ERROR]     Non-resolvable parent POM for com.veracode:verademo:0.0.1-SNAPSHOT: The following artifacts could not be resolved: org.springframework.boot:spring-boot-starter-parent:pom:2.3.1.RELEASE (absent): Could not transfer artifact org.springframework.boot:spring-boot-starter-parent:pom:2.3.1.RELEASE from/to central (https://repo.maven.apache.org/maven2): proxy.cat.com: nodename nor servname provided, or not known and 'parent.relativePath' points at no local POM @ line 11, column 10: Unknown host proxy.cat.com: nodename nor servname provided, or not known -> [Help 2]
[2025-03-10 16:00:53] [build-stdout] [2025-03-10 16:00:53] [autobuild] org.apache.maven.model.resolution.UnresolvableModelException: The following artifacts could not be resolved: org.springframework.boot:spring-boot-starter-parent:pom:2.3.1.RELEASE (absent): Could not transfer artifact org.springframework.boot:spring-boot-starter-parent:pom:2.3.1.RELEASE from/to central (https://repo.maven.apache.org/maven2): proxy.cat.com: nodename nor servname provided, or not known
[2025-03-10 16:00:53] [build-stdout] [2025-03-10 16:00:53] [autobuild]     at org.apache.maven.project.ProjectModelResolver.resolveModel (ProjectModelResolver.java:174)
[2025-03-10 16:00:53] [build-stdout] [2025-03-10 16:00:53] [autobuild]     at org.apache.maven.project.ProjectModelResolver.resolveModel (ProjectModelResolver.java:218)
[2025-03-10 16:00:53] [build-stdout] [2025-03-10 16:00:53] [autobuild]     at org.apache.maven.model.building.DefaultModelBuilder.readParentExternally (DefaultModelBuilder.java:1033)
[2025-03-10 16:00:53] [build-stdout] [2025-03-10 16:00:53] [autobuild]     at org.apache.maven.model.building.DefaultModelBuilder.readParent (DefaultModelBuilder.java:825)
[2025-03-10 16:00:53] [build-stdout] [2025-03-10 16:00:53] [autobuild]     at org.apache.maven.model.building.DefaultModelBuilder.build (DefaultModelBuilder.java:336)
[2025-03-10 16:00:53] [build-stdout] [2025-03-10 16:00:53] [autobuild]     at org.apache.maven.model.building.DefaultModelBuilder.build (DefaultModelBuilder.java:248)
[2025-03-10 16:00:53] [build-stdout] [2025-03-10 16:00:53] [autobuild]     at org.apache.maven.project.DefaultProjectBuilder.build (DefaultProjectBuilder.java:447)
[2025-03-10 16:00:53] [build-stdout] [2025-03-10 16:00:53] [autobuild]     at org.apache.maven.project.DefaultProjectBuilder.build (DefaultProjectBuilder.java:410)
[2025-03-10 16:00:53] [build-stdout] [2025-03-10 16:00:53] [autobuild]     at org.apache.maven.project.DefaultProjectBuilder.build (DefaultProjectBuilder.java:367)
[2025-03-10 16:00:53] [build-stdout] [2025-03-10 16:00:53] [autobuild]     at org.apache.maven.graph.DefaultGraphBuilder.collectProjects (DefaultGraphBuilder.java:349)
[2025-03-10 16:00:53] [build-stdout] [2025-03-10 16:00:53] [autobuild]     at org.apache.maven.graph.DefaultGraphBuilder.getProjectsForMavenReactor (DefaultGraphBuilder.java:340)
[2025-03-10 16:00:53] [build-stdout] [2025-03-10 16:00:53] [autobuild]     at org.apache.maven.graph.DefaultGraphBuilder.build (DefaultGraphBuilder.java:76)
[2025-03-10 16:00:53] [build-stdout] [2025-03-10 16:00:53] [autobuild]     at org.apache.maven.DefaultMaven.buildGraph (DefaultMaven.java:448)
[2025-03-10 16:00:53] [build-stdout] [2025-03-10 16:00:53] [autobuild]     at org.apache.maven.DefaultMaven.doExecute (DefaultMaven.java:197)
[2025-03-10 16:00:53] [build-stdout] [2025-03-10 16:00:53] [autobuild]     at org.apache.maven.DefaultMaven.doExecute (DefaultMaven.java:173)
[2025-03-10 16:00:53] [build-stdout] [2025-03-10 16:00:53] [autobuild]     at org.apache.maven.DefaultMaven.execute (DefaultMaven.java:101)
[2025-03-10 16:00:53] [build-stdout] [2025-03-10 16:00:53] [autobuild]     at org.apache.maven.cli.MavenCli.execute (MavenCli.java:906)
[2025-03-10 16:00:53] [build-stdout] [2025-03-10 16:00:53] [autobuild]     at org.apache.maven.cli.MavenCli.doMain (MavenCli.java:283)
[2025-03-10 16:00:53] [build-stdout] [2025-03-10 16:00:53] [autobuild]     at org.apache.maven.cli.MavenCli.main (MavenCli.java:206)
[2025-03-10 16:00:53] [build-stdout] [2025-03-10 16:00:53] [autobuild]     at jdk.internal.reflect.DirectMethodHandleAccessor.invoke (DirectMethodHandleAccessor.java:103)
[2025-03-10 16:00:53] [build-stdout] [2025-03-10 16:00:53] [autobuild]     at java.lang.reflect.Method.invoke (Method.java:580)
[2025-03-10 16:00:53] [build-stdout] [2025-03-10 16:00:53] [autobuild]     at org.codehaus.plexus.classworlds.launcher.Launcher.launchEnhanced (Launcher.java:255)
[2025-03-10 16:00:53] [build-stdout] [2025-03-10 16:00:53] [autobuild]     at org.codehaus.plexus.classworlds.launcher.Launcher.launch (Launcher.java:201)
[2025-03-10 16:00:53] [build-stdout] [2025-03-10 16:00:53] [autobuild]     at org.codehaus.plexus.classworlds.launcher.Launcher.mainWithExitCode (Launcher.java:361)
[2025-03-10 16:00:53] [build-stdout] [2025-03-10 16:00:53] [autobuild]     at org.codehaus.plexus.classworlds.launcher.Launcher.main (Launcher.java:314)
[2025-03-10 16:00:53] [build-stdout] [2025-03-10 16:00:53] [autobuild] Caused by: org.eclipse.aether.resolution.ArtifactResolutionException: The following artifacts could not be resolved: org.springframework.boot:spring-boot-starter-parent:pom:2.3.1.RELEASE (absent): Could not transfer artifact org.springframework.boot:spring-boot-starter-parent:pom:2.3.1.RELEASE from/to central (https://repo.maven.apache.org/maven2): proxy.cat.com: nodename nor servname provided, or not known
[2025-03-10 16:00:53] [build-stdout] [2025-03-10 16:00:53] [autobuild]     at org.eclipse.aether.internal.impl.DefaultArtifactResolver.resolve (DefaultArtifactResolver.java:473)
[2025-03-10 16:00:53] [build-stdout] [2025-03-10 16:00:53] [autobuild]     at org.eclipse.aether.internal.impl.DefaultArtifactResolver.resolveArtifacts (DefaultArtifactResolver.java:261)
[2025-03-10 16:00:53] [build-stdout] [2025-03-10 16:00:53] [autobuild]     at org.eclipse.aether.internal.impl.DefaultArtifactResolver.resolveArtifact (DefaultArtifactResolver.java:243)
[2025-03-10 16:00:53] [build-stdout] [2025-03-10 16:00:53] [autobuild]     at com.github.TolerantArtifactResolver.resolveArtifact (TolerantArtifactResolver.java:106)
[2025-03-10 16:00:53] [build-stdout] [2025-03-10 16:00:53] [autobuild]     at org.eclipse.aether.internal.impl.DefaultRepositorySystem.resolveArtifact (DefaultRepositorySystem.java:278)
[2025-03-10 16:00:53] [build-stdout] [2025-03-10 16:00:53] [autobuild]     at org.apache.maven.project.ProjectModelResolver.resolveModel (ProjectModelResolver.java:172)
[2025-03-10 16:00:53] [build-stdout] [2025-03-10 16:00:53] [autobuild]     at org.apache.maven.project.ProjectModelResolver.resolveModel (ProjectModelResolver.java:218)
[2025-03-10 16:00:53] [build-stdout] [2025-03-10 16:00:53] [autobuild]     at org.apache.maven.model.building.DefaultModelBuilder.readParentExternally (DefaultModelBuilder.java:1033)
[2025-03-10 16:00:53] [build-stdout] [2025-03-10 16:00:53] [autobuild]     at org.apache.maven.model.building.DefaultModelBuilder.readParent (DefaultModelBuilder.java:825)
[2025-03-10 16:00:53] [build-stdout] [2025-03-10 16:00:53] [autobuild]     at org.apache.maven.model.building.DefaultModelBuilder.build (DefaultModelBuilder.java:336)
[2025-03-10 16:00:53] [build-stdout] [2025-03-10 16:00:53] [autobuild]     at org.apache.maven.model.building.DefaultModelBuilder.build (DefaultModelBuilder.java:248)
[2025-03-10 16:00:53] [build-stdout] [2025-03-10 16:00:53] [autobuild]     at org.apache.maven.project.DefaultProjectBuilder.build (DefaultProjectBuilder.java:447)
[2025-03-10 16:00:53] [build-stdout] [2025-03-10 16:00:53] [autobuild]     at org.apache.maven.project.DefaultProjectBuilder.build (DefaultProjectBuilder.java:410)
[2025-03-10 16:00:53] [build-stdout] [2025-03-10 16:00:53] [autobuild]     at org.apache.maven.project.DefaultProjectBuilder.build (DefaultProjectBuilder.java:367)
[2025-03-10 16:00:53] [build-stdout] [2025-03-10 16:00:53] [autobuild]     at org.apache.maven.graph.DefaultGraphBuilder.collectProjects (DefaultGraphBuilder.java:349)
[2025-03-10 16:00:53] [build-stdout] [2025-03-10 16:00:53] [autobuild]     at org.apache.maven.graph.DefaultGraphBuilder.getProjectsForMavenReactor (DefaultGraphBuilder.java:340)
[2025-03-10 16:00:53] [build-stdout] [2025-03-10 16:00:53] [autobuild]     at org.apache.maven.graph.DefaultGraphBuilder.build (DefaultGraphBuilder.java:76)
[2025-03-10 16:00:53] [build-stdout] [2025-03-10 16:00:53] [autobuild]     at org.apache.maven.DefaultMaven.buildGraph (DefaultMaven.java:448)
[2025-03-10 16:00:53] [build-stdout] [2025-03-10 16:00:53] [autobuild]     at org.apache.maven.DefaultMaven.doExecute (DefaultMaven.java:197)
[2025-03-10 16:00:53] [build-stdout] [2025-03-10 16:00:53] [autobuild]     at org.apache.maven.DefaultMaven.doExecute (DefaultMaven.java:173)
[2025-03-10 16:00:53] [build-stdout] [2025-03-10 16:00:53] [autobuild]     at org.apache.maven.DefaultMaven.execute (DefaultMaven.java:101)
[2025-03-10 16:00:53] [build-stdout] [2025-03-10 16:00:53] [autobuild]     at org.apache.maven.cli.MavenCli.execute (MavenCli.java:906)
[2025-03-10 16:00:53] [build-stdout] [2025-03-10 16:00:53] [autobuild]     at org.apache.maven.cli.MavenCli.doMain (MavenCli.java:283)
[2025-03-10 16:00:53] [build-stdout] [2025-03-10 16:00:53] [autobuild]     at org.apache.maven.cli.MavenCli.main (MavenCli.java:206)
[2025-03-10 16:00:53] [build-stdout] [2025-03-10 16:00:53] [autobuild]     at jdk.internal.reflect.DirectMethodHandleAccessor.invoke (DirectMethodHandleAccessor.java:103)
[2025-03-10 16:00:53] [build-stdout] [2025-03-10 16:00:53] [autobuild]     at java.lang.reflect.Method.invoke (Method.java:580)
[2025-03-10 16:00:53] [build-stdout] [2025-03-10 16:00:53] [autobuild]     at org.codehaus.plexus.classworlds.launcher.Launcher.launchEnhanced (Launcher.java:255)
[2025-03-10 16:00:53] [build-stdout] [2025-03-10 16:00:53] [autobuild]     at org.codehaus.plexus.classworlds.launcher.Launcher.launch (Launcher.java:201)
[2025-03-10 16:00:53] [build-stdout] [2025-03-10 16:00:53] [autobuild]     at org.codehaus.plexus.classworlds.launcher.Launcher.mainWithExitCode (Launcher.java:361)
[2025-03-10 16:00:53] [build-stdout] [2025-03-10 16:00:53] [autobuild]     at org.codehaus.plexus.classworlds.launcher.Launcher.main (Launcher.java:314)
[2025-03-10 16:00:53] [build-stdout] [2025-03-10 16:00:53] [autobuild] Caused by: org.eclipse.aether.transfer.ArtifactTransferException: Could not transfer artifact org.springframework.boot:spring-boot-starter-parent:pom:2.3.1.RELEASE from/to central (https://repo.maven.apache.org/maven2): proxy.cat.com: nodename nor servname provided, or not known
[2025-03-10 16:00:53] [build-stdout] [2025-03-10 16:00:53] [autobuild]     at org.eclipse.aether.connector.basic.ArtifactTransportListener.transferFailed (ArtifactTransportListener.java:44)
[2025-03-10 16:00:53] [build-stdout] [2025-03-10 16:00:53] [autobuild]     at org.eclipse.aether.connector.basic.BasicRepositoryConnector$TaskRunner.run (BasicRepositoryConnector.java:417)
[2025-03-10 16:00:53] [build-stdout] [2025-03-10 16:00:53] [autobuild]     at org.eclipse.aether.connector.basic.BasicRepositoryConnector.get (BasicRepositoryConnector.java:260)
[2025-03-10 16:00:53] [build-stdout] [2025-03-10 16:00:53] [autobuild]     at org.eclipse.aether.internal.impl.DefaultArtifactResolver.performDownloads (DefaultArtifactResolver.java:537)
[2025-03-10 16:00:53] [build-stdout] [2025-03-10 16:00:53] [autobuild]     at org.eclipse.aether.internal.impl.DefaultArtifactResolver.resolve (DefaultArtifactResolver.java:449)
[2025-03-10 16:00:53] [build-stdout] [2025-03-10 16:00:53] [autobuild]     at org.eclipse.aether.internal.impl.DefaultArtifactResolver.resolveArtifacts (DefaultArtifactResolver.java:261)
[2025-03-10 16:00:53] [build-stdout] [2025-03-10 16:00:53] [autobuild]     at org.eclipse.aether.internal.impl.DefaultArtifactResolver.resolveArtifact (DefaultArtifactResolver.java:243)
[2025-03-10 16:00:53] [build-stdout] [2025-03-10 16:00:53] [autobuild]     at com.github.TolerantArtifactResolver.resolveArtifact (TolerantArtifactResolver.java:106)
[2025-03-10 16:00:53] [build-stdout] [2025-03-10 16:00:53] [autobuild]     at org.eclipse.aether.internal.impl.DefaultRepositorySystem.resolveArtifact (DefaultRepositorySystem.java:278)
[2025-03-10 16:00:53] [build-stdout] [2025-03-10 16:00:53] [autobuild]     at org.apache.maven.project.ProjectModelResolver.resolveModel (ProjectModelResolver.java:172)
[2025-03-10 16:00:53] [build-stdout] [2025-03-10 16:00:53] [autobuild]     at org.apache.maven.project.ProjectModelResolver.resolveModel (ProjectModelResolver.java:218)
[2025-03-10 16:00:53] [build-stdout] [2025-03-10 16:00:53] [autobuild]     at org.apache.maven.model.building.DefaultModelBuilder.readParentExternally (DefaultModelBuilder.java:1033)
[2025-03-10 16:00:53] [build-stdout] [2025-03-10 16:00:53] [autobuild]     at org.apache.maven.model.building.DefaultModelBuilder.readParent (DefaultModelBuilder.java:825)
[2025-03-10 16:00:53] [build-stdout] [2025-03-10 16:00:53] [autobuild]     at org.apache.maven.model.building.DefaultModelBuilder.build (DefaultModelBuilder.java:336)
[2025-03-10 16:00:53] [build-stdout] [2025-03-10 16:00:53] [autobuild]     at org.apache.maven.model.building.DefaultModelBuilder.build (DefaultModelBuilder.java:248)
[2025-03-10 16:00:53] [build-stdout] [2025-03-10 16:00:53] [autobuild]     at org.apache.maven.project.DefaultProjectBuilder.build (DefaultProjectBuilder.java:447)
[2025-03-10 16:00:53] [build-stdout] [2025-03-10 16:00:53] [autobuild]     at org.apache.maven.project.DefaultProjectBuilder.build (DefaultProjectBuilder.java:410)
[2025-03-10 16:00:53] [build-stdout] [2025-03-10 16:00:53] [autobuild]     at org.apache.maven.project.DefaultProjectBuilder.build (DefaultProjectBuilder.java:367)
[2025-03-10 16:00:53] [build-stdout] [2025-03-10 16:00:53] [autobuild]     at org.apache.maven.graph.DefaultGraphBuilder.collectProjects (DefaultGraphBuilder.java:349)
[2025-03-10 16:00:53] [build-stdout] [2025-03-10 16:00:53] [autobuild]     at org.apache.maven.graph.DefaultGraphBuilder.getProjectsForMavenReactor (DefaultGraphBuilder.java:340)
[2025-03-10 16:00:53] [build-stdout] [2025-03-10 16:00:53] [autobuild]     at org.apache.maven.graph.DefaultGraphBuilder.build (DefaultGraphBuilder.java:76)
[2025-03-10 16:00:53] [build-stdout] [2025-03-10 16:00:53] [autobuild]     at org.apache.maven.DefaultMaven.buildGraph (DefaultMaven.java:448)
[2025-03-10 16:00:53] [build-stdout] [2025-03-10 16:00:53] [autobuild]     at org.apache.maven.DefaultMaven.doExecute (DefaultMaven.java:197)
[2025-03-10 16:00:53] [build-stdout] [2025-03-10 16:00:53] [autobuild]     at org.apache.maven.DefaultMaven.doExecute (DefaultMaven.java:173)
[2025-03-10 16:00:53] [build-stdout] [2025-03-10 16:00:53] [autobuild]     at org.apache.maven.DefaultMaven.execute (DefaultMaven.java:101)
[2025-03-10 16:00:53] [build-stdout] [2025-03-10 16:00:53] [autobuild]     at org.apache.maven.cli.MavenCli.execute (MavenCli.java:906)
[2025-03-10 16:00:53] [build-stdout] [2025-03-10 16:00:53] [autobuild]     at org.apache.maven.cli.MavenCli.doMain (MavenCli.java:283)
[2025-03-10 16:00:53] [build-stdout] [2025-03-10 16:00:53] [autobuild]     at org.apache.maven.cli.MavenCli.main (MavenCli.java:206)
[2025-03-10 16:00:53] [build-stdout] [2025-03-10 16:00:53] [autobuild]     at jdk.internal.reflect.DirectMethodHandleAccessor.invoke (DirectMethodHandleAccessor.java:103)
[2025-03-10 16:00:53] [build-stdout] [2025-03-10 16:00:53] [autobuild]     at java.lang.reflect.Method.invoke (Method.java:580)
[2025-03-10 16:00:53] [build-stdout] [2025-03-10 16:00:53] [autobuild]     at org.codehaus.plexus.classworlds.launcher.Launcher.launchEnhanced (Launcher.java:255)
[2025-03-10 16:00:53] [build-stdout] [2025-03-10 16:00:53] [autobuild]     at org.codehaus.plexus.classworlds.launcher.Launcher.launch (Launcher.java:201)
[2025-03-10 16:00:53] [build-stdout] [2025-03-10 16:00:53] [autobuild]     at org.codehaus.plexus.classworlds.launcher.Launcher.mainWithExitCode (Launcher.java:361)
[2025-03-10 16:00:53] [build-stdout] [2025-03-10 16:00:53] [autobuild]     at org.codehaus.plexus.classworlds.launcher.Launcher.main (Launcher.java:314)
[2025-03-10 16:00:53] [build-stdout] [2025-03-10 16:00:53] [autobuild] Caused by: java.net.UnknownHostException: proxy.cat.com: nodename nor servname provided, or not known
[2025-03-10 16:00:53] [build-stdout] [2025-03-10 16:00:53] [autobuild]     at java.net.Inet6AddressImpl.lookupAllHostAddr (Native Method)
[2025-03-10 16:00:53] [build-stdout] [2025-03-10 16:00:53] [autobuild]     at java.net.Inet6AddressImpl.lookupAllHostAddr (Inet6AddressImpl.java:52)
[2025-03-10 16:00:53] [build-stdout] [2025-03-10 16:00:53] [autobuild]     at java.net.InetAddress$PlatformResolver.lookupByName (InetAddress.java:1221)
[2025-03-10 16:00:53] [build-stdout] [2025-03-10 16:00:53] [autobuild]     at java.net.InetAddress.getAddressesFromNameService (InetAddress.java:1817)
[2025-03-10 16:00:53] [build-stdout] [2025-03-10 16:00:53] [autobuild]     at java.net.InetAddress$NameServiceAddresses.get (InetAddress.java:1149)
[2025-03-10 16:00:53] [build-stdout] [2025-03-10 16:00:53] [autobuild]     at java.net.InetAddress.getAllByName0 (InetAddress.java:1807)
[2025-03-10 16:00:53] [build-stdout] [2025-03-10 16:00:53] [autobuild]     at java.net.InetAddress.getAllByName (InetAddress.java:1676)
[2025-03-10 16:00:53] [build-stdout] [2025-03-10 16:00:53] [autobuild]     at org.apache.http.impl.conn.SystemDefaultDnsResolver.resolve (SystemDefaultDnsResolver.java:45)
[2025-03-10 16:00:53] [build-stdout] [2025-03-10 16:00:53] [autobuild]     at org.apache.http.impl.conn.DefaultHttpClientConnectionOperator.connect (DefaultHttpClientConnectionOperator.java:112)
[2025-03-10 16:00:53] [build-stdout] [2025-03-10 16:00:53] [autobuild]     at org.apache.http.impl.conn.PoolingHttpClientConnectionManager.connect (PoolingHttpClientConnectionManager.java:376)
[2025-03-10 16:00:53] [build-stdout] [2025-03-10 16:00:53] [autobuild]     at org.apache.http.impl.execchain.MainClientExec.establishRoute (MainClientExec.java:401)
[2025-03-10 16:00:53] [build-stdout] [2025-03-10 16:00:53] [autobuild]     at org.apache.http.impl.execchain.MainClientExec.execute (MainClientExec.java:236)
[2025-03-10 16:00:53] [build-stdout] [2025-03-10 16:00:53] [autobuild]     at org.apache.http.impl.execchain.ProtocolExec.execute (ProtocolExec.java:186)
[2025-03-10 16:00:53] [build-stdout] [2025-03-10 16:00:53] [autobuild]     at org.apache.http.impl.execchain.RetryExec.execute (RetryExec.java:89)
[2025-03-10 16:00:53] [build-stdout] [2025-03-10 16:00:53] [autobuild]     at org.apache.http.impl.execchain.ServiceUnavailableRetryExec.execute (ServiceUnavailableRetryExec.java:85)
[2025-03-10 16:00:53] [build-stdout] [2025-03-10 16:00:53] [autobuild]     at org.apache.http.impl.execchain.RedirectExec.execute (RedirectExec.java:110)
[2025-03-10 16:00:53] [build-stdout] [2025-03-10 16:00:53] [autobuild]     at org.apache.http.impl.client.InternalHttpClient.doExecute (InternalHttpClient.java:185)
[2025-03-10 16:00:53] [build-stdout] [2025-03-10 16:00:53] [autobuild]     at org.apache.http.impl.client.CloseableHttpClient.execute (CloseableHttpClient.java:72)
[2025-03-10 16:00:53] [build-stdout] [2025-03-10 16:00:53] [autobuild]     at org.eclipse.aether.transport.http.HttpTransporter.execute (HttpTransporter.java:486)
[2025-03-10 16:00:53] [build-stdout] [2025-03-10 16:00:53] [autobuild]     at org.eclipse.aether.transport.http.HttpTransporter.implGet (HttpTransporter.java:436)
[2025-03-10 16:00:53] [build-stdout] [2025-03-10 16:00:53] [autobuild]     at org.eclipse.aether.spi.connector.transport.AbstractTransporter.get (AbstractTransporter.java:64)
[2025-03-10 16:00:53] [build-stdout] [2025-03-10 16:00:53] [autobuild]     at org.eclipse.aether.connector.basic.BasicRepositoryConnector$GetTaskRunner.runTask (BasicRepositoryConnector.java:482)
[2025-03-10 16:00:53] [build-stdout] [2025-03-10 16:00:53] [autobuild]     at org.eclipse.aether.connector.basic.BasicRepositoryConnector$TaskRunner.run (BasicRepositoryConnector.java:414)
[2025-03-10 16:00:53] [build-stdout] [2025-03-10 16:00:53] [autobuild]     at org.eclipse.aether.connector.basic.BasicRepositoryConnector.get (BasicRepositoryConnector.java:260)
[2025-03-10 16:00:53] [build-stdout] [2025-03-10 16:00:53] [autobuild]     at org.eclipse.aether.internal.impl.DefaultArtifactResolver.performDownloads (DefaultArtifactResolver.java:537)
[2025-03-10 16:00:53] [build-stdout] [2025-03-10 16:00:53] [autobuild]     at org.eclipse.aether.internal.impl.DefaultArtifactResolver.resolve (DefaultArtifactResolver.java:449)
[2025-03-10 16:00:53] [build-stdout] [2025-03-10 16:00:53] [autobuild]     at org.eclipse.aether.internal.impl.DefaultArtifactResolver.resolveArtifacts (DefaultArtifactResolver.java:261)
[2025-03-10 16:00:53] [build-stdout] [2025-03-10 16:00:53] [autobuild]     at org.eclipse.aether.internal.impl.DefaultArtifactResolver.resolveArtifact (DefaultArtifactResolver.java:243)
[2025-03-10 16:00:53] [build-stdout] [2025-03-10 16:00:53] [autobuild]     at com.github.TolerantArtifactResolver.resolveArtifact (TolerantArtifactResolver.java:106)
[2025-03-10 16:00:53] [build-stdout] [2025-03-10 16:00:53] [autobuild]     at org.eclipse.aether.internal.impl.DefaultRepositorySystem.resolveArtifact (DefaultRepositorySystem.java:278)
[2025-03-10 16:00:53] [build-stdout] [2025-03-10 16:00:53] [autobuild]     at org.apache.maven.project.ProjectModelResolver.resolveModel (ProjectModelResolver.java:172)
[2025-03-10 16:00:53] [build-stdout] [2025-03-10 16:00:53] [autobuild]     at org.apache.maven.project.ProjectModelResolver.resolveModel (ProjectModelResolver.java:218)
[2025-03-10 16:00:53] [build-stdout] [2025-03-10 16:00:53] [autobuild]     at org.apache.maven.model.building.DefaultModelBuilder.readParentExternally (DefaultModelBuilder.java:1033)
[2025-03-10 16:00:53] [build-stdout] [2025-03-10 16:00:53] [autobuild]     at org.apache.maven.model.building.DefaultModelBuilder.readParent (DefaultModelBuilder.java:825)
[2025-03-10 16:00:53] [build-stdout] [2025-03-10 16:00:53] [autobuild]     at org.apache.maven.model.building.DefaultModelBuilder.build (DefaultModelBuilder.java:336)
[2025-03-10 16:00:53] [build-stdout] [2025-03-10 16:00:53] [autobuild]     at org.apache.maven.model.building.DefaultModelBuilder.build (DefaultModelBuilder.java:248)
[2025-03-10 16:00:53] [build-stdout] [2025-03-10 16:00:53] [autobuild]     at org.apache.maven.project.DefaultProjectBuilder.build (DefaultProjectBuilder.java:447)
[2025-03-10 16:00:53] [build-stdout] [2025-03-10 16:00:53] [autobuild]     at org.apache.maven.project.DefaultProjectBuilder.build (DefaultProjectBuilder.java:410)
[2025-03-10 16:00:53] [build-stdout] [2025-03-10 16:00:53] [autobuild]     at org.apache.maven.project.DefaultProjectBuilder.build (DefaultProjectBuilder.java:367)
[2025-03-10 16:00:53] [build-stdout] [2025-03-10 16:00:53] [autobuild]     at org.apache.maven.graph.DefaultGraphBuilder.collectProjects (DefaultGraphBuilder.java:349)
[2025-03-10 16:00:53] [build-stdout] [2025-03-10 16:00:53] [autobuild]     at org.apache.maven.graph.DefaultGraphBuilder.getProjectsForMavenReactor (DefaultGraphBuilder.java:340)
[2025-03-10 16:00:53] [build-stdout] [2025-03-10 16:00:53] [autobuild]     at org.apache.maven.graph.DefaultGraphBuilder.build (DefaultGraphBuilder.java:76)
[2025-03-10 16:00:53] [build-stdout] [2025-03-10 16:00:53] [autobuild]     at org.apache.maven.DefaultMaven.buildGraph (DefaultMaven.java:448)
[2025-03-10 16:00:53] [build-stdout] [2025-03-10 16:00:53] [autobuild]     at org.apache.maven.DefaultMaven.doExecute (DefaultMaven.java:197)
[2025-03-10 16:00:53] [build-stdout] [2025-03-10 16:00:53] [autobuild]     at org.apache.maven.DefaultMaven.doExecute (DefaultMaven.java:173)
[2025-03-10 16:00:53] [build-stdout] [2025-03-10 16:00:53] [autobuild]     at org.apache.maven.DefaultMaven.execute (DefaultMaven.java:101)
[2025-03-10 16:00:53] [build-stdout] [2025-03-10 16:00:53] [autobuild]     at org.apache.maven.cli.MavenCli.execute (MavenCli.java:906)
[2025-03-10 16:00:53] [build-stdout] [2025-03-10 16:00:53] [autobuild]     at org.apache.maven.cli.MavenCli.doMain (MavenCli.java:283)
[2025-03-10 16:00:53] [build-stdout] [2025-03-10 16:00:53] [autobuild]     at org.apache.maven.cli.MavenCli.main (MavenCli.java:206)
[2025-03-10 16:00:53] [build-stdout] [2025-03-10 16:00:53] [autobuild]     at jdk.internal.reflect.DirectMethodHandleAccessor.invoke (DirectMethodHandleAccessor.java:103)
[2025-03-10 16:00:53] [build-stdout] [2025-03-10 16:00:53] [autobuild]     at java.lang.reflect.Method.invoke (Method.java:580)
[2025-03-10 16:00:53] [build-stdout] [2025-03-10 16:00:53] [autobuild]     at org.codehaus.plexus.classworlds.launcher.Launcher.launchEnhanced (Launcher.java:255)
[2025-03-10 16:00:53] [build-stdout] [2025-03-10 16:00:53] [autobuild]     at org.codehaus.plexus.classworlds.launcher.Launcher.launch (Launcher.java:201)
[2025-03-10 16:00:53] [build-stdout] [2025-03-10 16:00:53] [autobuild]     at org.codehaus.plexus.classworlds.launcher.Launcher.mainWithExitCode (Launcher.java:361)
[2025-03-10 16:00:53] [build-stdout] [2025-03-10 16:00:53] [autobuild]     at org.codehaus.plexus.classworlds.launcher.Launcher.main (Launcher.java:314)
[2025-03-10 16:00:53] [build-stdout] [2025-03-10 16:00:53] [autobuild] [ERROR] 
[2025-03-10 16:00:53] [build-stdout] [2025-03-10 16:00:53] [autobuild] [ERROR] Re-run Maven using the -X switch to enable full debug logging.
[2025-03-10 16:00:53] [build-stdout] [2025-03-10 16:00:53] [autobuild] [ERROR] 
[2025-03-10 16:00:53] [build-stdout] [2025-03-10 16:00:53] [autobuild] [ERROR] For more information about the errors and possible solutions, please read the following articles:
[2025-03-10 16:00:53] [build-stdout] [2025-03-10 16:00:53] [autobuild] [ERROR] [Help 1] http://cwiki.apache.org/confluence/display/MAVEN/ProjectBuildingException
[2025-03-10 16:00:53] [build-stdout] [2025-03-10 16:00:53] [autobuild] [ERROR] [Help 2] http://cwiki.apache.org/confluence/display/MAVEN/UnresolvableModelException
[2025-03-10 16:00:53] [build-stdout] [2025-03-10 16:00:53] [ERROR] Spawned process exited abnormally (code 1; tried to run: [mvn, -f, pom.xml, -B, -V, -e, -Dfindbugs.skip, -Dcheckstyle.skip, -Dpmd.skip=true, -Dspotbugs.skip, -Denforcer.skip, -Dmaven.javadoc.skip, -DskipTests, -Dmaven.test.skip.exec, -Dlicense.skip=true, -Drat.skip=true, -Dspotless.check.skip=true, -s, /Users/pripum/Documents/codeql-snyk-github-testing/codeql-and-workflows/codeqldb/working/settings.xml, com.github.ferstl:depgraph-maven-plugin:4.0.3-CodeQL:graph, -B, -DclasspathScopes=compile, -DoutputDirectory=/Users/pripum/Documents/codeql-snyk-github-testing/codeql-and-workflows/codeqldb/working/java-standalone-dependency-graph12254083909330441074/${project.groupId}/${project.artifactId}, -DgraphFormat=json, -Dmaven.ext.class.path=/opt/homebrew/Caskroom/codeql/2.20.5/codeql/java/tools/java-buildless-maven-plugin.jar])
[2025-03-10 16:00:53] [build-stdout] [2025-03-10 16:00:53] [WARN] Dumping the Maven dependency graph failed, apparently caused by a transfer exception. Retrying in fault-tolerant mode.
[2025-03-10 16:00:53] [build-stdout] [2025-03-10 16:00:53] [autobuild] Apache Maven 3.9.9 (8e8579a9e76f7d015ee5ec7bfcdc97d260186937)
[2025-03-10 16:00:53] [build-stdout] [2025-03-10 16:00:53] [autobuild] Maven home: /opt/homebrew/Cellar/maven/3.9.9/libexec
[2025-03-10 16:00:53] [build-stdout] [2025-03-10 16:00:53] [autobuild] Java version: 23.0.2, vendor: Homebrew, runtime: /opt/homebrew/Cellar/openjdk/23.0.2/libexec/openjdk.jdk/Contents/Home
[2025-03-10 16:00:53] [build-stdout] [2025-03-10 16:00:53] [autobuild] Default locale: en_US, platform encoding: UTF-8
[2025-03-10 16:00:53] [build-stdout] [2025-03-10 16:00:53] [autobuild] OS name: "mac os x", version: "15.3.1", arch: "aarch64", family: "mac"
[2025-03-10 16:00:54] [build-stdout] [2025-03-10 16:00:54] [autobuild] [INFO] Error stacktraces are turned on.
[2025-03-10 16:00:54] [build-stdout] [2025-03-10 16:00:54] [autobuild] [INFO] Scanning for projects...
[2025-03-10 16:00:54] [build-stdout] [2025-03-10 16:00:54] [autobuild] [INFO] Downloading from central: https://repo.maven.apache.org/maven2/org/springframework/boot/spring-boot-starter-parent/2.3.1.RELEASE/spring-boot-starter-parent-2.3.1.RELEASE.pom
[2025-03-10 16:00:54] [build-stdout] [2025-03-10 16:00:54] [autobuild] [ERROR] [ERROR] Some problems were encountered while processing the POMs:
[2025-03-10 16:00:54] [build-stdout] [2025-03-10 16:00:54] [autobuild] [FATAL] Non-resolvable parent POM for com.veracode:verademo:0.0.1-SNAPSHOT: [Masked ArtifactTransferException: Could not transfer artifact org.springframework.boot:spring-boot-starter-parent:pom:2.3.1.RELEASE from/to central (https://repo.maven.apache.org/maven2): proxy.cat.com: nodename nor servname provided, or not known] The following artifacts could not be resolved: org.springframework.boot:spring-boot-starter-parent:pom:2.3.1.RELEASE (absent): Could not transfer artifact org.springframework.boot:spring-boot-starter-parent:pom:2.3.1.RELEASE from/to central (https://repo.maven.apache.org/maven2): proxy.cat.com: nodename nor servname provided, or not known and 'parent.relativePath' points at no local POM @ line 11, column 10
[2025-03-10 16:00:54] [build-stdout] [2025-03-10 16:00:54] [autobuild]  @ 
[2025-03-10 16:00:54] [build-stdout] [2025-03-10 16:00:54] [autobuild] [ERROR] The build could not read 1 project -> [Help 1]
[2025-03-10 16:00:54] [build-stdout] [2025-03-10 16:00:54] [autobuild] org.apache.maven.project.ProjectBuildingException: Some problems were encountered while processing the POMs:
[2025-03-10 16:00:54] [build-stdout] [2025-03-10 16:00:54] [autobuild] [FATAL] Non-resolvable parent POM for com.veracode:verademo:0.0.1-SNAPSHOT: [Masked ArtifactTransferException: Could not transfer artifact org.springframework.boot:spring-boot-starter-parent:pom:2.3.1.RELEASE from/to central (https://repo.maven.apache.org/maven2): proxy.cat.com: nodename nor servname provided, or not known] The following artifacts could not be resolved: org.springframework.boot:spring-boot-starter-parent:pom:2.3.1.RELEASE (absent): Could not transfer artifact org.springframework.boot:spring-boot-starter-parent:pom:2.3.1.RELEASE from/to central (https://repo.maven.apache.org/maven2): proxy.cat.com: nodename nor servname provided, or not known and 'parent.relativePath' points at no local POM @ line 11, column 10
[2025-03-10 16:00:54] [build-stdout] [2025-03-10 16:00:54] [autobuild]     at org.apache.maven.project.DefaultProjectBuilder.build (DefaultProjectBuilder.java:389)
[2025-03-10 16:00:54] [build-stdout] [2025-03-10 16:00:54] [autobuild]     at org.apache.maven.graph.DefaultGraphBuilder.collectProjects (DefaultGraphBuilder.java:349)
[2025-03-10 16:00:54] [build-stdout] [2025-03-10 16:00:54] [autobuild]     at org.apache.maven.graph.DefaultGraphBuilder.getProjectsForMavenReactor (DefaultGraphBuilder.java:340)
[2025-03-10 16:00:54] [build-stdout] [2025-03-10 16:00:54] [autobuild]     at org.apache.maven.graph.DefaultGraphBuilder.build (DefaultGraphBuilder.java:76)
[2025-03-10 16:00:54] [build-stdout] [2025-03-10 16:00:54] [autobuild]     at org.apache.maven.DefaultMaven.buildGraph (DefaultMaven.java:448)
[2025-03-10 16:00:54] [build-stdout] [2025-03-10 16:00:54] [autobuild]     at org.apache.maven.DefaultMaven.doExecute (DefaultMaven.java:197)
[2025-03-10 16:00:54] [build-stdout] [2025-03-10 16:00:54] [autobuild]     at org.apache.maven.DefaultMaven.doExecute (DefaultMaven.java:173)
[2025-03-10 16:00:54] [build-stdout] [2025-03-10 16:00:54] [autobuild]     at org.apache.maven.DefaultMaven.execute (DefaultMaven.java:101)
[2025-03-10 16:00:54] [build-stdout] [2025-03-10 16:00:54] [autobuild]     at org.apache.maven.cli.MavenCli.execute (MavenCli.java:906)
[2025-03-10 16:00:54] [build-stdout] [2025-03-10 16:00:54] [autobuild]     at org.apache.maven.cli.MavenCli.doMain (MavenCli.java:283)
[2025-03-10 16:00:54] [build-stdout] [2025-03-10 16:00:54] [autobuild]     at org.apache.maven.cli.MavenCli.main (MavenCli.java:206)
[2025-03-10 16:00:54] [build-stdout] [2025-03-10 16:00:54] [autobuild]     at jdk.internal.reflect.DirectMethodHandleAccessor.invoke (DirectMethodHandleAccessor.java:103)
[2025-03-10 16:00:54] [build-stdout] [2025-03-10 16:00:54] [autobuild]     at java.lang.reflect.Method.invoke (Method.java:580)
[2025-03-10 16:00:54] [build-stdout] [2025-03-10 16:00:54] [autobuild]     at org.codehaus.plexus.classworlds.launcher.Launcher.launchEnhanced (Launcher.java:255)
[2025-03-10 16:00:54] [build-stdout] [2025-03-10 16:00:54] [autobuild]     at org.codehaus.plexus.classworlds.launcher.Launcher.launch (Launcher.java:201)
[2025-03-10 16:00:54] [build-stdout] [2025-03-10 16:00:54] [autobuild]     at org.codehaus.plexus.classworlds.launcher.Launcher.mainWithExitCode (Launcher.java:361)
[2025-03-10 16:00:54] [build-stdout] [2025-03-10 16:00:54] [autobuild]     at org.codehaus.plexus.classworlds.launcher.Launcher.main (Launcher.java:314)
[2025-03-10 16:00:54] [build-stdout] [2025-03-10 16:00:54] [autobuild] [ERROR]   
[2025-03-10 16:00:54] [build-stdout] [2025-03-10 16:00:54] [autobuild] [ERROR]   The project com.veracode:verademo:0.0.1-SNAPSHOT (/Users/pripum/Documents/codeql-snyk-github-testing/codeql-and-workflows/src/verademo/app/pom.xml) has 1 error
[2025-03-10 16:00:54] [build-stdout] [2025-03-10 16:00:54] [autobuild] [ERROR]     Non-resolvable parent POM for com.veracode:verademo:0.0.1-SNAPSHOT: [Masked ArtifactTransferException: Could not transfer artifact org.springframework.boot:spring-boot-starter-parent:pom:2.3.1.RELEASE from/to central (https://repo.maven.apache.org/maven2): proxy.cat.com: nodename nor servname provided, or not known] The following artifacts could not be resolved: org.springframework.boot:spring-boot-starter-parent:pom:2.3.1.RELEASE (absent): Could not transfer artifact org.springframework.boot:spring-boot-starter-parent:pom:2.3.1.RELEASE from/to central (https://repo.maven.apache.org/maven2): proxy.cat.com: nodename nor servname provided, or not known and 'parent.relativePath' points at no local POM @ line 11, column 10: Could not find artifact org.springframework.boot:spring-boot-starter-parent:pom:2.3.1.RELEASE in central (https://repo.maven.apache.org/maven2) -> [Help 2]
[2025-03-10 16:00:54] [build-stdout] [2025-03-10 16:00:54] [autobuild] org.apache.maven.model.resolution.UnresolvableModelException: [Masked ArtifactTransferException: Could not transfer artifact org.springframework.boot:spring-boot-starter-parent:pom:2.3.1.RELEASE from/to central (https://repo.maven.apache.org/maven2): proxy.cat.com: nodename nor servname provided, or not known] The following artifacts could not be resolved: org.springframework.boot:spring-boot-starter-parent:pom:2.3.1.RELEASE (absent): Could not transfer artifact org.springframework.boot:spring-boot-starter-parent:pom:2.3.1.RELEASE from/to central (https://repo.maven.apache.org/maven2): proxy.cat.com: nodename nor servname provided, or not known
[2025-03-10 16:00:54] [build-stdout] [2025-03-10 16:00:54] [autobuild]     at org.apache.maven.project.ProjectModelResolver.resolveModel (ProjectModelResolver.java:174)
[2025-03-10 16:00:54] [build-stdout] [2025-03-10 16:00:54] [autobuild]     at org.apache.maven.project.ProjectModelResolver.resolveModel (ProjectModelResolver.java:218)
[2025-03-10 16:00:54] [build-stdout] [2025-03-10 16:00:54] [autobuild]     at org.apache.maven.model.building.DefaultModelBuilder.readParentExternally (DefaultModelBuilder.java:1033)
[2025-03-10 16:00:54] [build-stdout] [2025-03-10 16:00:54] [autobuild]     at org.apache.maven.model.building.DefaultModelBuilder.readParent (DefaultModelBuilder.java:825)
[2025-03-10 16:00:54] [build-stdout] [2025-03-10 16:00:54] [autobuild]     at org.apache.maven.model.building.DefaultModelBuilder.build (DefaultModelBuilder.java:336)
[2025-03-10 16:00:54] [build-stdout] [2025-03-10 16:00:54] [autobuild]     at org.apache.maven.model.building.DefaultModelBuilder.build (DefaultModelBuilder.java:248)
[2025-03-10 16:00:54] [build-stdout] [2025-03-10 16:00:54] [autobuild]     at org.apache.maven.project.DefaultProjectBuilder.build (DefaultProjectBuilder.java:447)
[2025-03-10 16:00:54] [build-stdout] [2025-03-10 16:00:54] [autobuild]     at org.apache.maven.project.DefaultProjectBuilder.build (DefaultProjectBuilder.java:410)
[2025-03-10 16:00:54] [build-stdout] [2025-03-10 16:00:54] [autobuild]     at org.apache.maven.project.DefaultProjectBuilder.build (DefaultProjectBuilder.java:367)
[2025-03-10 16:00:54] [build-stdout] [2025-03-10 16:00:54] [autobuild]     at org.apache.maven.graph.DefaultGraphBuilder.collectProjects (DefaultGraphBuilder.java:349)
[2025-03-10 16:00:54] [build-stdout] [2025-03-10 16:00:54] [autobuild]     at org.apache.maven.graph.DefaultGraphBuilder.getProjectsForMavenReactor (DefaultGraphBuilder.java:340)
[2025-03-10 16:00:54] [build-stdout] [2025-03-10 16:00:54] [autobuild]     at org.apache.maven.graph.DefaultGraphBuilder.build (DefaultGraphBuilder.java:76)
[2025-03-10 16:00:54] [build-stdout] [2025-03-10 16:00:54] [autobuild]     at org.apache.maven.DefaultMaven.buildGraph (DefaultMaven.java:448)
[2025-03-10 16:00:54] [build-stdout] [2025-03-10 16:00:54] [autobuild]     at org.apache.maven.DefaultMaven.doExecute (DefaultMaven.java:197)
[2025-03-10 16:00:54] [build-stdout] [2025-03-10 16:00:54] [autobuild]     at org.apache.maven.DefaultMaven.doExecute (DefaultMaven.java:173)
[2025-03-10 16:00:54] [build-stdout] [2025-03-10 16:00:54] [autobuild]     at org.apache.maven.DefaultMaven.execute (DefaultMaven.java:101)
[2025-03-10 16:00:54] [build-stdout] [2025-03-10 16:00:54] [autobuild]     at org.apache.maven.cli.MavenCli.execute (MavenCli.java:906)
[2025-03-10 16:00:54] [build-stdout] [2025-03-10 16:00:54] [autobuild]     at org.apache.maven.cli.MavenCli.doMain (MavenCli.java:283)
[2025-03-10 16:00:54] [build-stdout] [2025-03-10 16:00:54] [autobuild]     at org.apache.maven.cli.MavenCli.main (MavenCli.java:206)
[2025-03-10 16:00:54] [build-stdout] [2025-03-10 16:00:54] [autobuild]     at jdk.internal.reflect.DirectMethodHandleAccessor.invoke (DirectMethodHandleAccessor.java:103)
[2025-03-10 16:00:54] [build-stdout] [2025-03-10 16:00:54] [autobuild]     at java.lang.reflect.Method.invoke (Method.java:580)
[2025-03-10 16:00:54] [build-stdout] [2025-03-10 16:00:54] [autobuild]     at org.codehaus.plexus.classworlds.launcher.Launcher.launchEnhanced (Launcher.java:255)
[2025-03-10 16:00:54] [build-stdout] [2025-03-10 16:00:54] [autobuild]     at org.codehaus.plexus.classworlds.launcher.Launcher.launch (Launcher.java:201)
[2025-03-10 16:00:54] [build-stdout] [2025-03-10 16:00:54] [autobuild]     at org.codehaus.plexus.classworlds.launcher.Launcher.mainWithExitCode (Launcher.java:361)
[2025-03-10 16:00:54] [build-stdout] [2025-03-10 16:00:54] [autobuild]     at org.codehaus.plexus.classworlds.launcher.Launcher.main (Launcher.java:314)
[2025-03-10 16:00:54] [build-stdout] [2025-03-10 16:00:54] [autobuild] Caused by: org.eclipse.aether.resolution.ArtifactResolutionException: [Masked ArtifactTransferException: Could not transfer artifact org.springframework.boot:spring-boot-starter-parent:pom:2.3.1.RELEASE from/to central (https://repo.maven.apache.org/maven2): proxy.cat.com: nodename nor servname provided, or not known] The following artifacts could not be resolved: org.springframework.boot:spring-boot-starter-parent:pom:2.3.1.RELEASE (absent): Could not transfer artifact org.springframework.boot:spring-boot-starter-parent:pom:2.3.1.RELEASE from/to central (https://repo.maven.apache.org/maven2): proxy.cat.com: nodename nor servname provided, or not known
[2025-03-10 16:00:54] [build-stdout] [2025-03-10 16:00:54] [autobuild]     at com.github.TolerantArtifactResolver.maskTransferException (TolerantArtifactResolver.java:90)
[2025-03-10 16:00:54] [build-stdout] [2025-03-10 16:00:54] [autobuild]     at com.github.TolerantArtifactResolver.resolveArtifact (TolerantArtifactResolver.java:108)
[2025-03-10 16:00:54] [build-stdout] [2025-03-10 16:00:54] [autobuild]     at org.eclipse.aether.internal.impl.DefaultRepositorySystem.resolveArtifact (DefaultRepositorySystem.java:278)
[2025-03-10 16:00:54] [build-stdout] [2025-03-10 16:00:54] [autobuild]     at org.apache.maven.project.ProjectModelResolver.resolveModel (ProjectModelResolver.java:172)
[2025-03-10 16:00:54] [build-stdout] [2025-03-10 16:00:54] [autobuild]     at org.apache.maven.project.ProjectModelResolver.resolveModel (ProjectModelResolver.java:218)
[2025-03-10 16:00:54] [build-stdout] [2025-03-10 16:00:54] [autobuild]     at org.apache.maven.model.building.DefaultModelBuilder.readParentExternally (DefaultModelBuilder.java:1033)
[2025-03-10 16:00:54] [build-stdout] [2025-03-10 16:00:54] [autobuild]     at org.apache.maven.model.building.DefaultModelBuilder.readParent (DefaultModelBuilder.java:825)
[2025-03-10 16:00:54] [build-stdout] [2025-03-10 16:00:54] [autobuild]     at org.apache.maven.model.building.DefaultModelBuilder.build (DefaultModelBuilder.java:336)
[2025-03-10 16:00:54] [build-stdout] [2025-03-10 16:00:54] [autobuild]     at org.apache.maven.model.building.DefaultModelBuilder.build (DefaultModelBuilder.java:248)
[2025-03-10 16:00:54] [build-stdout] [2025-03-10 16:00:54] [autobuild]     at org.apache.maven.project.DefaultProjectBuilder.build (DefaultProjectBuilder.java:447)
[2025-03-10 16:00:54] [build-stdout] [2025-03-10 16:00:54] [autobuild]     at org.apache.maven.project.DefaultProjectBuilder.build (DefaultProjectBuilder.java:410)
[2025-03-10 16:00:54] [build-stdout] [2025-03-10 16:00:54] [autobuild]     at org.apache.maven.project.DefaultProjectBuilder.build (DefaultProjectBuilder.java:367)
[2025-03-10 16:00:54] [build-stdout] [2025-03-10 16:00:54] [autobuild]     at org.apache.maven.graph.DefaultGraphBuilder.collectProjects (DefaultGraphBuilder.java:349)
[2025-03-10 16:00:54] [build-stdout] [2025-03-10 16:00:54] [autobuild]     at org.apache.maven.graph.DefaultGraphBuilder.getProjectsForMavenReactor (DefaultGraphBuilder.java:340)
[2025-03-10 16:00:54] [build-stdout] [2025-03-10 16:00:54] [autobuild]     at org.apache.maven.graph.DefaultGraphBuilder.build (DefaultGraphBuilder.java:76)
[2025-03-10 16:00:54] [build-stdout] [2025-03-10 16:00:54] [autobuild]     at org.apache.maven.DefaultMaven.buildGraph (DefaultMaven.java:448)
[2025-03-10 16:00:54] [build-stdout] [2025-03-10 16:00:54] [autobuild]     at org.apache.maven.DefaultMaven.doExecute (DefaultMaven.java:197)
[2025-03-10 16:00:54] [build-stdout] [2025-03-10 16:00:54] [autobuild]     at org.apache.maven.DefaultMaven.doExecute (DefaultMaven.java:173)
[2025-03-10 16:00:54] [build-stdout] [2025-03-10 16:00:54] [autobuild]     at org.apache.maven.DefaultMaven.execute (DefaultMaven.java:101)
[2025-03-10 16:00:54] [build-stdout] [2025-03-10 16:00:54] [autobuild]     at org.apache.maven.cli.MavenCli.execute (MavenCli.java:906)
[2025-03-10 16:00:54] [build-stdout] [2025-03-10 16:00:54] [autobuild]     at org.apache.maven.cli.MavenCli.doMain (MavenCli.java:283)
[2025-03-10 16:00:54] [build-stdout] [2025-03-10 16:00:54] [autobuild]     at org.apache.maven.cli.MavenCli.main (MavenCli.java:206)
[2025-03-10 16:00:54] [build-stdout] [2025-03-10 16:00:54] [autobuild]     at jdk.internal.reflect.DirectMethodHandleAccessor.invoke (DirectMethodHandleAccessor.java:103)
[2025-03-10 16:00:54] [build-stdout] [2025-03-10 16:00:54] [autobuild]     at java.lang.reflect.Method.invoke (Method.java:580)
[2025-03-10 16:00:54] [build-stdout] [2025-03-10 16:00:54] [autobuild]     at org.codehaus.plexus.classworlds.launcher.Launcher.launchEnhanced (Launcher.java:255)
[2025-03-10 16:00:54] [build-stdout] [2025-03-10 16:00:54] [autobuild]     at org.codehaus.plexus.classworlds.launcher.Launcher.launch (Launcher.java:201)
[2025-03-10 16:00:54] [build-stdout] [2025-03-10 16:00:54] [autobuild]     at org.codehaus.plexus.classworlds.launcher.Launcher.mainWithExitCode (Launcher.java:361)
[2025-03-10 16:00:54] [build-stdout] [2025-03-10 16:00:54] [autobuild]     at org.codehaus.plexus.classworlds.launcher.Launcher.main (Launcher.java:314)
[2025-03-10 16:00:54] [build-stdout] [2025-03-10 16:00:54] [autobuild] Caused by: org.eclipse.aether.transfer.ArtifactNotFoundException: Could not find artifact org.springframework.boot:spring-boot-starter-parent:pom:2.3.1.RELEASE in central (https://repo.maven.apache.org/maven2)
[2025-03-10 16:00:54] [build-stdout] [2025-03-10 16:00:54] [autobuild]     at com.github.TolerantArtifactResolver.maskTransferException (TolerantArtifactResolver.java:87)
[2025-03-10 16:00:54] [build-stdout] [2025-03-10 16:00:54] [autobuild]     at com.github.TolerantArtifactResolver.resolveArtifact (TolerantArtifactResolver.java:108)
[2025-03-10 16:00:54] [build-stdout] [2025-03-10 16:00:54] [autobuild]     at org.eclipse.aether.internal.impl.DefaultRepositorySystem.resolveArtifact (DefaultRepositorySystem.java:278)
[2025-03-10 16:00:54] [build-stdout] [2025-03-10 16:00:54] [autobuild]     at org.apache.maven.project.ProjectModelResolver.resolveModel (ProjectModelResolver.java:172)
[2025-03-10 16:00:54] [build-stdout] [2025-03-10 16:00:54] [autobuild]     at org.apache.maven.project.ProjectModelResolver.resolveModel (ProjectModelResolver.java:218)
[2025-03-10 16:00:54] [build-stdout] [2025-03-10 16:00:54] [autobuild]     at org.apache.maven.model.building.DefaultModelBuilder.readParentExternally (DefaultModelBuilder.java:1033)
[2025-03-10 16:00:54] [build-stdout] [2025-03-10 16:00:54] [autobuild]     at org.apache.maven.model.building.DefaultModelBuilder.readParent (DefaultModelBuilder.java:825)
[2025-03-10 16:00:54] [build-stdout] [2025-03-10 16:00:54] [autobuild]     at org.apache.maven.model.building.DefaultModelBuilder.build (DefaultModelBuilder.java:336)
[2025-03-10 16:00:54] [build-stdout] [2025-03-10 16:00:54] [autobuild]     at org.apache.maven.model.building.DefaultModelBuilder.build (DefaultModelBuilder.java:248)
[2025-03-10 16:00:54] [build-stdout] [2025-03-10 16:00:54] [autobuild]     at org.apache.maven.project.DefaultProjectBuilder.build (DefaultProjectBuilder.java:447)
[2025-03-10 16:00:54] [build-stdout] [2025-03-10 16:00:54] [autobuild]     at org.apache.maven.project.DefaultProjectBuilder.build (DefaultProjectBuilder.java:410)
[2025-03-10 16:00:54] [build-stdout] [2025-03-10 16:00:54] [autobuild]     at org.apache.maven.project.DefaultProjectBuilder.build (DefaultProjectBuilder.java:367)
[2025-03-10 16:00:54] [build-stdout] [2025-03-10 16:00:54] [autobuild]     at org.apache.maven.graph.DefaultGraphBuilder.collectProjects (DefaultGraphBuilder.java:349)
[2025-03-10 16:00:54] [build-stdout] [2025-03-10 16:00:54] [autobuild]     at org.apache.maven.graph.DefaultGraphBuilder.getProjectsForMavenReactor (DefaultGraphBuilder.java:340)
[2025-03-10 16:00:54] [build-stdout] [2025-03-10 16:00:54] [autobuild]     at org.apache.maven.graph.DefaultGraphBuilder.build (DefaultGraphBuilder.java:76)
[2025-03-10 16:00:54] [build-stdout] [2025-03-10 16:00:54] [autobuild]     at org.apache.maven.DefaultMaven.buildGraph (DefaultMaven.java:448)
[2025-03-10 16:00:54] [build-stdout] [2025-03-10 16:00:54] [autobuild]     at org.apache.maven.DefaultMaven.doExecute (DefaultMaven.java:197)
[2025-03-10 16:00:54] [build-stdout] [2025-03-10 16:00:54] [autobuild]     at org.apache.maven.DefaultMaven.doExecute (DefaultMaven.java:173)
[2025-03-10 16:00:54] [build-stdout] [2025-03-10 16:00:54] [autobuild]     at org.apache.maven.DefaultMaven.execute (DefaultMaven.java:101)
[2025-03-10 16:00:54] [build-stdout] [2025-03-10 16:00:54] [autobuild]     at org.apache.maven.cli.MavenCli.execute (MavenCli.java:906)
[2025-03-10 16:00:54] [build-stdout] [2025-03-10 16:00:54] [autobuild]     at org.apache.maven.cli.MavenCli.doMain (MavenCli.java:283)
[2025-03-10 16:00:54] [build-stdout] [2025-03-10 16:00:54] [autobuild]     at org.apache.maven.cli.MavenCli.main (MavenCli.java:206)
[2025-03-10 16:00:54] [build-stdout] [2025-03-10 16:00:54] [autobuild]     at jdk.internal.reflect.DirectMethodHandleAccessor.invoke (DirectMethodHandleAccessor.java:103)
[2025-03-10 16:00:54] [build-stdout] [2025-03-10 16:00:54] [autobuild]     at java.lang.reflect.Method.invoke (Method.java:580)
[2025-03-10 16:00:54] [build-stdout] [2025-03-10 16:00:54] [autobuild]     at org.codehaus.plexus.classworlds.launcher.Launcher.launchEnhanced (Launcher.java:255)
[2025-03-10 16:00:54] [build-stdout] [2025-03-10 16:00:54] [autobuild]     at org.codehaus.plexus.classworlds.launcher.Launcher.launch (Launcher.java:201)
[2025-03-10 16:00:54] [build-stdout] [2025-03-10 16:00:54] [autobuild]     at org.codehaus.plexus.classworlds.launcher.Launcher.mainWithExitCode (Launcher.java:361)
[2025-03-10 16:00:54] [build-stdout] [2025-03-10 16:00:54] [autobuild]     at org.codehaus.plexus.classworlds.launcher.Launcher.main (Launcher.java:314)
[2025-03-10 16:00:54] [build-stdout] [2025-03-10 16:00:54] [autobuild] [ERROR] 
[2025-03-10 16:00:54] [build-stdout] [2025-03-10 16:00:54] [autobuild] [ERROR] Re-run Maven using the -X switch to enable full debug logging.
[2025-03-10 16:00:54] [build-stdout] [2025-03-10 16:00:54] [autobuild] [ERROR] 
[2025-03-10 16:00:54] [build-stdout] [2025-03-10 16:00:54] [autobuild] [ERROR] For more information about the errors and possible solutions, please read the following articles:
[2025-03-10 16:00:54] [build-stdout] [2025-03-10 16:00:54] [autobuild] [ERROR] [Help 1] http://cwiki.apache.org/confluence/display/MAVEN/ProjectBuildingException
[2025-03-10 16:00:54] [build-stdout] [2025-03-10 16:00:54] [autobuild] [ERROR] [Help 2] http://cwiki.apache.org/confluence/display/MAVEN/UnresolvableModelException
[2025-03-10 16:00:54] [build-stdout] [2025-03-10 16:00:54] [ERROR] Spawned process exited abnormally (code 1; tried to run: [mvn, -f, pom.xml, -B, -V, -e, -Dfindbugs.skip, -Dcheckstyle.skip, -Dpmd.skip=true, -Dspotbugs.skip, -Denforcer.skip, -Dmaven.javadoc.skip, -DskipTests, -Dmaven.test.skip.exec, -Dlicense.skip=true, -Drat.skip=true, -Dspotless.check.skip=true, -s, /Users/pripum/Documents/codeql-snyk-github-testing/codeql-and-workflows/codeqldb/working/settings.xml, com.github.ferstl:depgraph-maven-plugin:4.0.3-CodeQL:graph, -B, -DclasspathScopes=compile, -DoutputDirectory=/Users/pripum/Documents/codeql-snyk-github-testing/codeql-and-workflows/codeqldb/working/java-standalone-dependency-graph12254083909330441074/${project.groupId}/${project.artifactId}, -DgraphFormat=json, -Dmaven.ext.class.path=/opt/homebrew/Caskroom/codeql/2.20.5/codeql/java/tools/java-buildless-maven-plugin.jar, -Dcom.github.codeql.maven.mask-artifact-transfer-exceptions])
[2025-03-10 16:00:54] [build-stdout] [2025-03-10 16:00:54] [WARN] Running maven to determine the project dependency graph failed. Continuing anyway.
[2025-03-10 16:00:54] [build-stdout] [2025-03-10 16:00:54] [WARN] Dependency information retrieval from tool Maven failed.
[2025-03-10 16:00:54] [build-stdout] [2025-03-10 16:00:54] No specific JDK inferred from the project being analysed; using the java on the PATH
[2025-03-10 16:00:54] [build-stdout] [2025-03-10 16:00:54] [autobuild] Scanning for files in /Users/pripum/Documents/codeql-snyk-github-testing/codeql-and-workflows...
[2025-03-10 16:00:54] [build-stdout] [2025-03-10 16:00:54] [autobuild] /Users/pripum/Documents/codeql-snyk-github-testing/codeql-and-workflows/codeqldb: Indexing files in in /Users/pripum/Documents/codeql-snyk-github-testing/codeql-and-workflows...
[2025-03-10 16:00:54] [build-stdout] [2025-03-10 16:00:54] [autobuild] Running command in /Users/pripum/Documents/codeql-snyk-github-testing/codeql-and-workflows: [/opt/homebrew/Caskroom/codeql/2.20.5/codeql/java/tools/index-files.sh, /Users/pripum/Documents/codeql-snyk-github-testing/codeql-and-workflows/codeqldb/working/files-to-index7774365574640872210.list]
[2025-03-10 16:01:00] Plumbing command codeql database trace-command completed.
[2025-03-10 16:01:00] [PROGRESS] database create> Finalizing database at /Users/pripum/Documents/codeql-snyk-github-testing/codeql-and-workflows/codeqldb.
[2025-03-10 16:01:00] Running plumbing command: codeql database finalize --no-db-cluster -- /Users/pripum/Documents/codeql-snyk-github-testing/codeql-and-workflows/codeqldb
[2025-03-10 16:01:00] Using pre-finalize script /opt/homebrew/Caskroom/codeql/2.20.5/codeql/java/tools/pre-finalize.sh.
[2025-03-10 16:01:00] [PROGRESS] database finalize> Running pre-finalize script /opt/homebrew/Caskroom/codeql/2.20.5/codeql/java/tools/pre-finalize.sh in /Users/pripum/Documents/codeql-snyk-github-testing/codeql-and-workflows.
[2025-03-10 16:01:00] Running plumbing command: codeql database trace-command --working-dir=/Users/pripum/Documents/codeql-snyk-github-testing/codeql-and-workflows --no-tracing -- /Users/pripum/Documents/codeql-snyk-github-testing/codeql-and-workflows/codeqldb /opt/homebrew/Caskroom/codeql/2.20.5/codeql/java/tools/pre-finalize.sh
[2025-03-10 16:01:00] [PROGRESS] database trace-command> Running command in /Users/pripum/Documents/codeql-snyk-github-testing/codeql-and-workflows: [/opt/homebrew/Caskroom/codeql/2.20.5/codeql/java/tools/pre-finalize.sh]
[2025-03-10 16:01:01] [build-stderr] Scanning for files in /Users/pripum/Documents/codeql-snyk-github-testing/codeql-and-workflows...
[2025-03-10 16:01:01] [build-stderr] /Users/pripum/Documents/codeql-snyk-github-testing/codeql-and-workflows/codeqldb: Indexing files in in /Users/pripum/Documents/codeql-snyk-github-testing/codeql-and-workflows...
[2025-03-10 16:01:01] [build-stderr] Running command in /Users/pripum/Documents/codeql-snyk-github-testing/codeql-and-workflows: [/opt/homebrew/Caskroom/codeql/2.20.5/codeql/xml/tools/index-files.sh, /Users/pripum/Documents/codeql-snyk-github-testing/codeql-and-workflows/codeqldb/working/files-to-index14901482621593018517.list]
[2025-03-10 16:01:02] [build-stderr] Scanning for files in /Users/pripum/Documents/codeql-snyk-github-testing/codeql-and-workflows...
[2025-03-10 16:01:02] [build-stderr] /Users/pripum/Documents/codeql-snyk-github-testing/codeql-and-workflows/codeqldb: Indexing files in in /Users/pripum/Documents/codeql-snyk-github-testing/codeql-and-workflows...
[2025-03-10 16:01:02] [build-stderr] Running command in /Users/pripum/Documents/codeql-snyk-github-testing/codeql-and-workflows: [/opt/homebrew/Caskroom/codeql/2.20.5/codeql/properties/tools/index-files.sh, /Users/pripum/Documents/codeql-snyk-github-testing/codeql-and-workflows/codeqldb/working/files-to-index15071378479525848770.list]
[2025-03-10 16:01:02] Plumbing command codeql database trace-command completed.
[2025-03-10 16:01:02] [PROGRESS] database finalize> Running TRAP import for CodeQL database at /Users/pripum/Documents/codeql-snyk-github-testing/codeql-and-workflows/codeqldb...
[2025-03-10 16:01:02] Running plumbing command: codeql dataset import --dbscheme=/opt/homebrew/Caskroom/codeql/2.20.5/codeql/java/semmlecode.dbscheme -- /Users/pripum/Documents/codeql-snyk-github-testing/codeql-and-workflows/codeqldb/db-java /Users/pripum/Documents/codeql-snyk-github-testing/codeql-and-workflows/codeqldb/trap/java
[2025-03-10 16:01:03] Clearing disk cache since the version file /Users/pripum/Documents/codeql-snyk-github-testing/codeql-and-workflows/codeqldb/db-java/default/cache/version does not exist
[2025-03-10 16:01:03] Tuple pool not found. Clearing relations with cached strings
[2025-03-10 16:01:03] Trimming disk cache at /Users/pripum/Documents/codeql-snyk-github-testing/codeql-and-workflows/codeqldb/db-java/default/cache in mode clear.
[2025-03-10 16:01:03] Sequence stamp origin is -6073689935285007205
[2025-03-10 16:01:03] Pausing evaluation to hard-clear memory at sequence stamp o+0
[2025-03-10 16:01:03] Unpausing evaluation
[2025-03-10 16:01:03] Pausing evaluation to quickly trim disk at sequence stamp o+1
[2025-03-10 16:01:03] Unpausing evaluation
[2025-03-10 16:01:03] Pausing evaluation to zealously trim disk at sequence stamp o+2
[2025-03-10 16:01:03] Unpausing evaluation
[2025-03-10 16:01:03] Trimming completed (4ms): Purged everything.
[2025-03-10 16:01:03] Scanning for files in /Users/pripum/Documents/codeql-snyk-github-testing/codeql-and-workflows/codeqldb/trap/java
[2025-03-10 16:01:03] Found 1073 TRAP files (3.18 MiB)
[2025-03-10 16:01:03] [PROGRESS] dataset import> Importing TRAP files
[2025-03-10 16:01:03] Importing settings.xml.trap.gz (1 of 1073)
[2025-03-10 16:01:03] Importing pom.xml.trap.gz (2 of 1073)
[2025-03-10 16:01:03] Importing Application.java.trap.gz (3 of 1073)
[2025-03-10 16:01:03] Importing BlabberCommand.java.trap.gz (4 of 1073)
[2025-03-10 16:01:03] Importing IgnoreCommand.java.trap.gz (5 of 1073)
[2025-03-10 16:01:03] Importing ListenCommand.java.trap.gz (6 of 1073)
[2025-03-10 16:01:03] Importing RemoveAccountCommand.java.trap.gz (7 of 1073)
[2025-03-10 16:01:03] Importing BlabController.java.trap.gz (8 of 1073)
[2025-03-10 16:01:03] Importing HomeController.java.trap.gz (9 of 1073)
[2025-03-10 16:01:03] Importing ResetController.java.trap.gz (10 of 1073)
[2025-03-10 16:01:03] Importing ToolsController.java.trap.gz (11 of 1073)
[2025-03-10 16:01:03] Importing UserController.java.trap.gz (12 of 1073)
[2025-03-10 16:01:03] Importing Blab.java.trap.gz (13 of 1073)
[2025-03-10 16:01:03] Importing Blabber.java.trap.gz (14 of 1073)
[2025-03-10 16:01:03] Importing Comment.java.trap.gz (15 of 1073)
[2025-03-10 16:01:03] Importing Constants.java.trap.gz (16 of 1073)
[2025-03-10 16:01:03] Importing User.java.trap.gz (17 of 1073)
[2025-03-10 16:01:03] Importing UserFactory.java.trap.gz (18 of 1073)
[2025-03-10 16:01:03] Importing Utils.java.trap.gz (19 of 1073)
[2025-03-10 16:01:03] Importing application.properties.trap.gz (20 of 1073)
[2025-03-10 16:01:03] Importing log4j.xml.trap.gz (21 of 1073)
[2025-03-10 16:01:03] Importing application-context.xml.trap.gz (22 of 1073)
[2025-03-10 16:01:03] Importing web.xml.trap.gz (23 of 1073)
[2025-03-10 16:01:03] Importing maven-settings.xml.trap.gz (24 of 1073)
[2025-03-10 16:01:03] Importing Application.members#0.0-1741618404253-java.trap.gz (25 of 1073)
[2025-03-10 16:01:03] Importing BlabberCommand.members#0.0-1741618404253-java.trap.gz (26 of 1073)
[2025-03-10 16:01:03] Importing IgnoreCommand.members#0.0-1741618404254-java.trap.gz (27 of 1073)
[2025-03-10 16:01:03] Importing ListenCommand.members#0.0-1741618404254-java.trap.gz (28 of 1073)
[2025-03-10 16:01:03] Importing RemoveAccountCommand.members#0.0-1741618404254-java.trap.gz (29 of 1073)
[2025-03-10 16:01:03] Importing BlabController.members#0.0-1741618404254-java.trap.gz (30 of 1073)
[2025-03-10 16:01:03] Importing HomeController.members#0.0-1741618404255-java.trap.gz (31 of 1073)
[2025-03-10 16:01:03] Importing ResetController.members#0.0-1741618404255-java.trap.gz (32 of 1073)
[2025-03-10 16:01:03] Importing ToolsController.members#0.0-1741618404255-java.trap.gz (33 of 1073)
[2025-03-10 16:01:03] Importing UserController.members#0.0-1741618404255-java.trap.gz (34 of 1073)
[2025-03-10 16:01:03] Importing Blab.members#0.0-1741618404255-java.trap.gz (35 of 1073)
[2025-03-10 16:01:03] Importing Blabber.members#0.0-1741618404255-java.trap.gz (36 of 1073)
[2025-03-10 16:01:03] Importing Comment.members#0.0-1741618404255-java.trap.gz (37 of 1073)
[2025-03-10 16:01:03] Importing Constants.members#0.0-1741618404256-java.trap.gz (38 of 1073)
[2025-03-10 16:01:03] Importing User.members#0.0-1741618404256-java.trap.gz (39 of 1073)
[2025-03-10 16:01:03] Importing UserFactory.members#0.0-1741618404257-java.trap.gz (40 of 1073)
[2025-03-10 16:01:03] Importing Utils.members#0.0-1741618404257-java.trap.gz (41 of 1073)
[2025-03-10 16:01:03] Importing BufferedReader.members#67.0-1732868142000-java.trap.gz (42 of 1073)
[2025-03-10 16:01:03] Importing BufferedWriter.members#67.0-1732868142000-java.trap.gz (43 of 1073)
[2025-03-10 16:01:03] Importing ByteArrayInputStream.members#67.0-1732868142000-java.trap.gz (44 of 1073)
[2025-03-10 16:01:03] Importing ByteArrayOutputStream.members#67.0-1732868142000-java.trap.gz (45 of 1073)
[2025-03-10 16:01:03] Importing Closeable.members#67.0-1732868142000-java.trap.gz (46 of 1073)
[2025-03-10 16:01:03] Importing Console.members#67.0-1732868142000-java.trap.gz (47 of 1073)
[2025-03-10 16:01:03] Importing DataInput.members#67.0-1732868142000-java.trap.gz (48 of 1073)
[2025-03-10 16:01:03] Importing DataOutput.members#67.0-1732868142000-java.trap.gz (49 of 1073)
[2025-03-10 16:01:03] Importing File.members#67.0-1732868142000-java.trap.gz (50 of 1073)
[2025-03-10 16:01:03] Importing FileDescriptor.members#67.0-1732868142000-java.trap.gz (51 of 1073)
[2025-03-10 16:01:03] Importing FileFilter.members#67.0-1732868142000-java.trap.gz (52 of 1073)
[2025-03-10 16:01:03] Importing FileInputStream.members#67.0-1732868142000-java.trap.gz (53 of 1073)
[2025-03-10 16:01:03] Importing FileNotFoundException.members#67.0-1732868142000-java.trap.gz (54 of 1073)
[2025-03-10 16:01:03] Importing FileReader.members#67.0-1732868142000-java.trap.gz (55 of 1073)
[2025-03-10 16:01:03] Importing FilenameFilter.members#67.0-1732868142000-java.trap.gz (56 of 1073)
[2025-03-10 16:01:03] Importing FilterOutputStream.members#67.0-1732868142000-java.trap.gz (57 of 1073)
[2025-03-10 16:01:03] Importing Flushable.members#67.0-1732868142000-java.trap.gz (58 of 1073)
[2025-03-10 16:01:03] Importing IOException.members#67.0-1732868142000-java.trap.gz (59 of 1073)
[2025-03-10 16:01:03] Importing InputStream.members#67.0-1732868142000-java.trap.gz (60 of 1073)
[2025-03-10 16:01:03] Importing InputStreamReader.members#67.0-1732868142000-java.trap.gz (61 of 1073)
[2025-03-10 16:01:03] Importing InvalidClassException.members#67.0-1732868142000-java.trap.gz (62 of 1073)
[2025-03-10 16:01:03] Importing InvalidObjectException.members#67.0-1732868142000-java.trap.gz (63 of 1073)
[2025-03-10 16:01:03] Importing NotActiveException.members#67.0-1732868142000-java.trap.gz (64 of 1073)
[2025-03-10 16:01:03] Importing ObjectInput.members#67.0-1732868142000-java.trap.gz (65 of 1073)
[2025-03-10 16:01:03] Importing ObjectInputFilter$FilterInfo.members#67.0-1732868142000-java.trap.gz (66 of 1073)
[2025-03-10 16:01:03] Importing ObjectInputFilter$Status.members#67.0-1732868142000-java.trap.gz (67 of 1073)
[2025-03-10 16:01:03] Importing ObjectInputFilter.members#67.0-1732868142000-java.trap.gz (68 of 1073)
[2025-03-10 16:01:03] Importing ObjectInputStream$GetField.members#67.0-1732868142000-java.trap.gz (69 of 1073)
[2025-03-10 16:01:03] Importing ObjectInputStream.members#67.0-1732868142000-java.trap.gz (70 of 1073)
[2025-03-10 16:01:03] Importing ObjectInputValidation.members#67.0-1732868142000-java.trap.gz (71 of 1073)
[2025-03-10 16:01:03] Importing ObjectOutput.members#67.0-1732868142000-java.trap.gz (72 of 1073)
[2025-03-10 16:01:03] Importing ObjectOutputStream$PutField.members#67.0-1732868142000-java.trap.gz (73 of 1073)
[2025-03-10 16:01:03] Importing ObjectOutputStream.members#67.0-1732868142000-java.trap.gz (74 of 1073)
[2025-03-10 16:01:03] Importing ObjectStreamClass$ClassDataSlot.members#67.0-1732868142000-java.trap.gz (75 of 1073)
[2025-03-10 16:01:03] Importing ObjectStreamClass.members#67.0-1732868142000-java.trap.gz (76 of 1073)
[2025-03-10 16:01:03] Importing ObjectStreamConstants.members#67.0-1732868142000-java.trap.gz (77 of 1073)
[2025-03-10 16:01:03] Importing ObjectStreamException.members#67.0-1732868142000-java.trap.gz (78 of 1073)
[2025-03-10 16:01:03] Importing ObjectStreamField.members#67.0-1732868142000-java.trap.gz (79 of 1073)
[2025-03-10 16:01:03] Importing OptionalDataException.members#67.0-1732868142000-java.trap.gz (80 of 1073)
[2025-03-10 16:01:03] Importing OutputStream.members#67.0-1732868142000-java.trap.gz (81 of 1073)
[2025-03-10 16:01:03] Importing PrintStream.members#67.0-1732868142000-java.trap.gz (82 of 1073)
[2025-03-10 16:01:03] Importing PrintWriter.members#67.0-1732868142000-java.trap.gz (83 of 1073)
[2025-03-10 16:01:03] Importing ProxyingConsole.members#67.0-1732868142000-java.trap.gz (84 of 1073)
[2025-03-10 16:01:03] Importing Reader.members#67.0-1732868142000-java.trap.gz (85 of 1073)
[2025-03-10 16:01:03] Importing Serializable.members#67.0-1732868142000-java.trap.gz (86 of 1073)
[2025-03-10 16:01:03] Importing SerializablePermission.members#67.0-1732868142000-java.trap.gz (87 of 1073)
[2025-03-10 16:01:03] Importing StreamCorruptedException.members#67.0-1732868142000-java.trap.gz (88 of 1073)
[2025-03-10 16:01:03] Importing StringWriter.members#67.0-1732868142000-java.trap.gz (89 of 1073)
[2025-03-10 16:01:03] Importing SyncFailedException.members#67.0-1732868142000-java.trap.gz (90 of 1073)
[2025-03-10 16:01:03] Importing UnsupportedEncodingException.members#67.0-1732868142000-java.trap.gz (91 of 1073)
[2025-03-10 16:01:03] Importing Writer.members#67.0-1732868142000-java.trap.gz (92 of 1073)
[2025-03-10 16:01:03] Importing AbstractStringBuilder.members#67.0-1732868142000-java.trap.gz (93 of 1073)
[2025-03-10 16:01:03] Importing Appendable.members#67.0-1732868142000-java.trap.gz (94 of 1073)
[2025-03-10 16:01:03] Importing AutoCloseable.members#67.0-1732868142000-java.trap.gz (95 of 1073)
[2025-03-10 16:01:03] Importing Boolean.members#67.0-1732868142000-java.trap.gz (96 of 1073)
[2025-03-10 16:01:03] Importing CharSequence.members#67.0-1732868142000-java.trap.gz (97 of 1073)
[2025-03-10 16:01:03] Importing Character.members#67.0-1732868142000-java.trap.gz (98 of 1073)
[2025-03-10 16:01:03] Importing Class.members#67.0-1732868142000-java.trap.gz (99 of 1073)
[2025-03-10 16:01:03] Importing ClassFormatError.members#67.0-1732868142000-java.trap.gz (100 of 1073)
[2025-03-10 16:01:03] Importing ClassFrameInfo.members#67.0-1732868142000-java.trap.gz (101 of 1073)
[2025-03-10 16:01:03] Importing ClassLoader.members#67.0-1732868142000-java.trap.gz (102 of 1073)
[2025-03-10 16:01:03] Importing ClassNotFoundException.members#67.0-1732868142000-java.trap.gz (103 of 1073)
[2025-03-10 16:01:03] Importing ClassValue$ClassValueMap.members#67.0-1732868142000-java.trap.gz (104 of 1073)
[2025-03-10 16:01:03] Importing ClassValue$Entry.members#67.0-1732868142000-java.trap.gz (105 of 1073)
[2025-03-10 16:01:03] Importing ClassValue$Identity.members#67.0-1732868142000-java.trap.gz (106 of 1073)
[2025-03-10 16:01:03] Importing ClassValue$Version.members#67.0-1732868142000-java.trap.gz (107 of 1073)
[2025-03-10 16:01:03] Importing ClassValue.members#67.0-1732868142000-java.trap.gz (108 of 1073)
[2025-03-10 16:01:03] Importing CloneNotSupportedException.members#67.0-1732868142000-java.trap.gz (109 of 1073)
[2025-03-10 16:01:03] Importing Cloneable.members#67.0-1732868142000-java.trap.gz (110 of 1073)
[2025-03-10 16:01:03] Importing Comparable.members#67.0-1732868142000-java.trap.gz (111 of 1073)
[2025-03-10 16:01:03] Importing Deprecated.members#67.0-1732868142000-java.trap.gz (112 of 1073)
[2025-03-10 16:01:03] Importing Double.members#67.0-1732868142000-java.trap.gz (113 of 1073)
[2025-03-10 16:01:03] Importing Enum$EnumDesc.members#67.0-1732868142000-java.trap.gz (114 of 1073)
[2025-03-10 16:01:03] Importing Enum.members#67.0-1732868142000-java.trap.gz (115 of 1073)
[2025-03-10 16:01:03] Importing Error.members#67.0-1732868142000-java.trap.gz (116 of 1073)
[2025-03-10 16:01:03] Importing Exception.members#67.0-1732868142000-java.trap.gz (117 of 1073)
[2025-03-10 16:01:03] Importing Float.members#67.0-1732868142000-java.trap.gz (118 of 1073)
[2025-03-10 16:01:03] Importing FunctionalInterface.members#67.0-1732868142000-java.trap.gz (119 of 1073)
[2025-03-10 16:01:03] Importing IllegalAccessException.members#67.0-1732868142000-java.trap.gz (120 of 1073)
[2025-03-10 16:01:03] Importing IllegalArgumentException.members#67.0-1732868142000-java.trap.gz (121 of 1073)
[2025-03-10 16:01:03] Importing IllegalStateException.members#67.0-1732868142000-java.trap.gz (122 of 1073)
[2025-03-10 16:01:03] Importing InstantiationException.members#67.0-1732868142000-java.trap.gz (123 of 1073)
[2025-03-10 16:01:03] Importing Integer.members#67.0-1732868142000-java.trap.gz (124 of 1073)
[2025-03-10 16:01:03] Importing InternalError.members#67.0-1732868142000-java.trap.gz (125 of 1073)
[2025-03-10 16:01:03] Importing InterruptedException.members#67.0-1732868142000-java.trap.gz (126 of 1073)
[2025-03-10 16:01:03] Importing Iterable.members#67.0-1732868142000-java.trap.gz (127 of 1073)
[2025-03-10 16:01:03] Importing LinkageError.members#67.0-1732868142000-java.trap.gz (128 of 1073)
[2025-03-10 16:01:03] Importing Long.members#67.0-1732868142000-java.trap.gz (129 of 1073)
[2025-03-10 16:01:03] Importing Module.members#67.0-1732868142000-java.trap.gz (130 of 1073)
[2025-03-10 16:01:03] Importing ModuleLayer$Controller.members#67.0-1732868142000-java.trap.gz (131 of 1073)
[2025-03-10 16:01:03] Importing ModuleLayer.members#67.0-1732868142000-java.trap.gz (132 of 1073)
[2025-03-10 16:01:03] Importing NamedPackage.members#67.0-1732868142000-java.trap.gz (133 of 1073)
[2025-03-10 16:01:03] Importing NoSuchFieldException.members#67.0-1732868142000-java.trap.gz (134 of 1073)
[2025-03-10 16:01:03] Importing NoSuchMethodException.members#67.0-1732868142000-java.trap.gz (135 of 1073)
[2025-03-10 16:01:03] Importing Number.members#67.0-1732868142000-java.trap.gz (136 of 1073)
[2025-03-10 16:01:03] Importing NumberFormatException.members#67.0-1732868142000-java.trap.gz (137 of 1073)
[2025-03-10 16:01:03] Importing Object.members#67.0-1732868142000-java.trap.gz (138 of 1073)
[2025-03-10 16:01:03] Importing Override.members#67.0-1732868142000-java.trap.gz (139 of 1073)
[2025-03-10 16:01:03] Importing Package.members#67.0-1732868142000-java.trap.gz (140 of 1073)
[2025-03-10 16:01:03] Importing Process.members#67.0-1732868142000-java.trap.gz (141 of 1073)
[2025-03-10 16:01:03] Importing ProcessHandle$Info.members#67.0-1732868142000-java.trap.gz (142 of 1073)
[2025-03-10 16:01:03] Importing ProcessHandle.members#67.0-1732868142000-java.trap.gz (143 of 1073)
[2025-03-10 16:01:03] Importing Readable.members#67.0-1732868142000-java.trap.gz (144 of 1073)
[2025-03-10 16:01:03] Importing Record.members#67.0-1732868142000-java.trap.gz (145 of 1073)
[2025-03-10 16:01:03] Importing ReflectiveOperationException.members#67.0-1732868142000-java.trap.gz (146 of 1073)
[2025-03-10 16:01:03] Importing Runnable.members#67.0-1732868142000-java.trap.gz (147 of 1073)
[2025-03-10 16:01:03] Importing Runtime$Version.members#67.0-1732868142000-java.trap.gz (148 of 1073)
[2025-03-10 16:01:03] Importing Runtime.members#67.0-1732868142000-java.trap.gz (149 of 1073)
[2025-03-10 16:01:03] Importing RuntimeException.members#67.0-1732868142000-java.trap.gz (150 of 1073)
[2025-03-10 16:01:03] Importing RuntimePermission.members#67.0-1732868142000-java.trap.gz (151 of 1073)
[2025-03-10 16:01:03] Importing SafeVarargs.members#67.0-1732868142000-java.trap.gz (152 of 1073)
[2025-03-10 16:01:03] Importing ScopedValue$CallableOp.members#67.0-1732868142000-java.trap.gz (153 of 1073)
[2025-03-10 16:01:03] Importing ScopedValue$Carrier.members#67.0-1732868142000-java.trap.gz (154 of 1073)
[2025-03-10 16:01:03] Importing ScopedValue.members#67.0-1732868142000-java.trap.gz (155 of 1073)
[2025-03-10 16:01:03] Importing SecurityException.members#67.0-1732868142000-java.trap.gz (156 of 1073)
[2025-03-10 16:01:03] Importing SecurityManager.members#67.0-1732868142000-java.trap.gz (157 of 1073)
[2025-03-10 16:01:03] Importing StackFrameInfo.members#67.0-1732868142000-java.trap.gz (158 of 1073)
[2025-03-10 16:01:03] Importing StackTraceElement.members#67.0-1732868142000-java.trap.gz (159 of 1073)
[2025-03-10 16:01:03] Importing StackWalker$ExtendedOption.members#67.0-1732868142000-java.trap.gz (160 of 1073)
[2025-03-10 16:01:03] Importing StackWalker$Option.members#67.0-1732868142000-java.trap.gz (161 of 1073)
[2025-03-10 16:01:03] Importing StackWalker$StackFrame.members#67.0-1732868142000-java.trap.gz (162 of 1073)
[2025-03-10 16:01:03] Importing StackWalker.members#67.0-1732868142000-java.trap.gz (163 of 1073)
[2025-03-10 16:01:03] Importing String.members#67.0-1732868142000-java.trap.gz (164 of 1073)
[2025-03-10 16:01:03] Importing StringBuffer.members#67.0-1732868142000-java.trap.gz (165 of 1073)
[2025-03-10 16:01:03] Importing StringBuilder.members#67.0-1732868142000-java.trap.gz (166 of 1073)
[2025-03-10 16:01:03] Importing System$Logger$Level.members#67.0-1732868142000-java.trap.gz (167 of 1073)
[2025-03-10 16:01:03] Importing System$Logger.members#67.0-1732868142000-java.trap.gz (168 of 1073)
[2025-03-10 16:01:03] Importing System.members#67.0-1732868142000-java.trap.gz (169 of 1073)
[2025-03-10 16:01:03] Importing Thread$Builder$OfPlatform.members#67.0-1732868142000-java.trap.gz (170 of 1073)
[2025-03-10 16:01:03] Importing Thread$Builder$OfVirtual.members#67.0-1732868142000-java.trap.gz (171 of 1073)
[2025-03-10 16:01:03] Importing Thread$Builder.members#67.0-1732868142000-java.trap.gz (172 of 1073)
[2025-03-10 16:01:03] Importing Thread$State.members#67.0-1732868142000-java.trap.gz (173 of 1073)
[2025-03-10 16:01:03] Importing Thread$UncaughtExceptionHandler.members#67.0-1732868142000-java.trap.gz (174 of 1073)
[2025-03-10 16:01:03] Importing Thread.members#67.0-1732868142000-java.trap.gz (175 of 1073)
[2025-03-10 16:01:03] Importing ThreadBuilders$BaseThreadBuilder.members#67.0-1732868142000-java.trap.gz (176 of 1073)
[2025-03-10 16:01:03] Importing ThreadBuilders$PlatformThreadBuilder.members#67.0-1732868142000-java.trap.gz (177 of 1073)
[2025-03-10 16:01:03] Importing ThreadBuilders$VirtualThreadBuilder.members#67.0-1732868142000-java.trap.gz (178 of 1073)
[2025-03-10 16:01:03] Importing ThreadBuilders.members#67.0-1732868142000-java.trap.gz (179 of 1073)
[2025-03-10 16:01:03] Importing ThreadGroup.members#67.0-1732868142000-java.trap.gz (180 of 1073)
[2025-03-10 16:01:03] Importing ThreadLocal$ThreadLocalMap.members#67.0-1732868142000-java.trap.gz (181 of 1073)
[2025-03-10 16:01:03] Importing ThreadLocal.members#67.0-1732868142000-java.trap.gz (182 of 1073)
[2025-03-10 16:01:03] Importing Throwable.members#67.0-1732868142000-java.trap.gz (183 of 1073)
[2025-03-10 16:01:03] Importing TypeNotPresentException.members#67.0-1732868142000-java.trap.gz (184 of 1073)
[2025-03-10 16:01:03] Importing UnsupportedOperationException.members#67.0-1732868142000-java.trap.gz (185 of 1073)
[2025-03-10 16:01:03] Importing VirtualMachineError.members#67.0-1732868142000-java.trap.gz (186 of 1073)
[2025-03-10 16:01:03] Importing Void.members#67.0-1732868142000-java.trap.gz (187 of 1073)
[2025-03-10 16:01:03] Importing WrongThreadException.members#67.0-1732868142000-java.trap.gz (188 of 1073)
[2025-03-10 16:01:03] Importing Annotation.members#67.0-1732868142000-java.trap.gz (189 of 1073)
[2025-03-10 16:01:03] Importing Documented.members#67.0-1732868142000-java.trap.gz (190 of 1073)
[2025-03-10 16:01:03] Importing ElementType.members#67.0-1732868142000-java.trap.gz (191 of 1073)
[2025-03-10 16:01:03] Importing Retention.members#67.0-1732868142000-java.trap.gz (192 of 1073)
[2025-03-10 16:01:03] Importing RetentionPolicy.members#67.0-1732868142000-java.trap.gz (193 of 1073)
[2025-03-10 16:01:03] Importing Target.members#67.0-1732868142000-java.trap.gz (194 of 1073)
[2025-03-10 16:01:03] Importing AsTypeMethodHandleDesc.members#67.0-1732868142000-java.trap.gz (195 of 1073)
[2025-03-10 16:01:03] Importing ClassDesc.members#67.0-1732868142000-java.trap.gz (196 of 1073)
[2025-03-10 16:01:03] Importing Constable.members#67.0-1732868142000-java.trap.gz (197 of 1073)
[2025-03-10 16:01:03] Importing ConstantDesc.members#67.0-1732868142000-java.trap.gz (198 of 1073)
[2025-03-10 16:01:03] Importing DirectMethodHandleDesc$Kind.members#67.0-1732868142000-java.trap.gz (199 of 1073)
[2025-03-10 16:01:03] Importing DirectMethodHandleDesc.members#67.0-1732868142000-java.trap.gz (200 of 1073)
[2025-03-10 16:01:03] Importing DynamicConstantDesc.members#67.0-1732868142000-java.trap.gz (201 of 1073)
[2025-03-10 16:01:03] Importing MethodHandleDesc.members#67.0-1732868142000-java.trap.gz (202 of 1073)
[2025-03-10 16:01:03] Importing MethodTypeDesc.members#67.0-1732868142000-java.trap.gz (203 of 1073)
[2025-03-10 16:01:03] Importing AddressLayout.members#67.0-1732868142000-java.trap.gz (204 of 1073)
[2025-03-10 16:01:03] Importing Arena.members#67.0-1732868142000-java.trap.gz (205 of 1073)
[2025-03-10 16:01:03] Importing GroupLayout.members#67.0-1732868142000-java.trap.gz (206 of 1073)
[2025-03-10 16:01:03] Importing MemoryLayout$PathElement.members#67.0-1732868142000-java.trap.gz (207 of 1073)
[2025-03-10 16:01:03] Importing MemoryLayout.members#67.0-1732868142000-java.trap.gz (208 of 1073)
[2025-03-10 16:01:03] Importing MemorySegment$Scope.members#67.0-1732868142000-java.trap.gz (209 of 1073)
[2025-03-10 16:01:03] Importing MemorySegment.members#67.0-1732868142000-java.trap.gz (210 of 1073)
[2025-03-10 16:01:03] Importing PaddingLayout.members#67.0-1732868142000-java.trap.gz (211 of 1073)
[2025-03-10 16:01:03] Importing SegmentAllocator.members#67.0-1732868142000-java.trap.gz (212 of 1073)
[2025-03-10 16:01:03] Importing SequenceLayout.members#67.0-1732868142000-java.trap.gz (213 of 1073)
[2025-03-10 16:01:03] Importing StructLayout.members#67.0-1732868142000-java.trap.gz (214 of 1073)
[2025-03-10 16:01:03] Importing UnionLayout.members#67.0-1732868142000-java.trap.gz (215 of 1073)
[2025-03-10 16:01:03] Importing ValueLayout$OfBoolean.members#67.0-1732868142000-java.trap.gz (216 of 1073)
[2025-03-10 16:01:03] Importing ValueLayout$OfByte.members#67.0-1732868142000-java.trap.gz (217 of 1073)
[2025-03-10 16:01:03] Importing ValueLayout$OfChar.members#67.0-1732868142000-java.trap.gz (218 of 1073)
[2025-03-10 16:01:03] Importing ValueLayout$OfDouble.members#67.0-1732868142000-java.trap.gz (219 of 1073)
[2025-03-10 16:01:03] Importing ValueLayout$OfFloat.members#67.0-1732868142000-java.trap.gz (220 of 1073)
[2025-03-10 16:01:03] Importing ValueLayout$OfInt.members#67.0-1732868142000-java.trap.gz (221 of 1073)
[2025-03-10 16:01:03] Importing ValueLayout$OfLong.members#67.0-1732868142000-java.trap.gz (222 of 1073)
[2025-03-10 16:01:03] Importing ValueLayout$OfShort.members#67.0-1732868142000-java.trap.gz (223 of 1073)
[2025-03-10 16:01:03] Importing ValueLayout.members#67.0-1732868142000-java.trap.gz (224 of 1073)
[2025-03-10 16:01:03] Importing BoundMethodHandle$Specializer$Factory.members#67.0-1732868142000-java.trap.gz (225 of 1073)
[2025-03-10 16:01:03] Importing BoundMethodHandle$Specializer.members#67.0-1732868142000-java.trap.gz (226 of 1073)
[2025-03-10 16:01:03] Importing BoundMethodHandle$SpeciesData.members#67.0-1732868142000-java.trap.gz (227 of 1073)
[2025-03-10 16:01:03] Importing BoundMethodHandle.members#67.0-1732868142000-java.trap.gz (228 of 1073)
[2025-03-10 16:01:03] Importing CallSite.members#67.0-1732868142000-java.trap.gz (229 of 1073)
[2025-03-10 16:01:03] Importing ClassSpecializer$Factory.members#67.0-1732868142000-java.trap.gz (230 of 1073)
[2025-03-10 16:01:03] Importing ClassSpecializer$SpeciesData.members#67.0-1732868142000-java.trap.gz (231 of 1073)
[2025-03-10 16:01:03] Importing ClassSpecializer.members#67.0-1732868142000-java.trap.gz (232 of 1073)
[2025-03-10 16:01:03] Importing ConstantCallSite.members#67.0-1732868142000-java.trap.gz (233 of 1073)
[2025-03-10 16:01:03] Importing DelegatingMethodHandle.members#67.0-1732868142000-java.trap.gz (234 of 1073)
[2025-03-10 16:01:03] Importing DirectMethodHandle$Accessor.members#67.0-1732868142000-java.trap.gz (235 of 1073)
[2025-03-10 16:01:03] Importing DirectMethodHandle$Constructor.members#67.0-1732868142000-java.trap.gz (236 of 1073)
[2025-03-10 16:01:03] Importing DirectMethodHandle$Interface.members#67.0-1732868142000-java.trap.gz (237 of 1073)
[2025-03-10 16:01:03] Importing DirectMethodHandle$Special.members#67.0-1732868142000-java.trap.gz (238 of 1073)
[2025-03-10 16:01:03] Importing DirectMethodHandle$StaticAccessor.members#67.0-1732868142000-java.trap.gz (239 of 1073)
[2025-03-10 16:01:03] Importing DirectMethodHandle.members#67.0-1732868142000-java.trap.gz (240 of 1073)
[2025-03-10 16:01:03] Importing IndirectVarHandle.members#67.0-1732868142000-java.trap.gz (241 of 1073)
[2025-03-10 16:01:03] Importing Invokers.members#67.0-1732868142000-java.trap.gz (242 of 1073)
[2025-03-10 16:01:03] Importing LambdaForm$BasicType.members#67.0-1732868142000-java.trap.gz (243 of 1073)
[2025-03-10 16:01:03] Importing LambdaForm$Kind.members#67.0-1732868142000-java.trap.gz (244 of 1073)
[2025-03-10 16:01:03] Importing LambdaForm$Name.members#67.0-1732868142000-java.trap.gz (245 of 1073)
[2025-03-10 16:01:03] Importing LambdaForm$NamedFunction.members#67.0-1732868142000-java.trap.gz (246 of 1073)
[2025-03-10 16:01:03] Importing LambdaForm.members#67.0-1732868142000-java.trap.gz (247 of 1073)
[2025-03-10 16:01:03] Importing LambdaFormEditor.members#67.0-1732868142000-java.trap.gz (248 of 1073)
[2025-03-10 16:01:03] Importing LazyInitializingVarHandle.members#67.0-1732868142000-java.trap.gz (249 of 1073)
[2025-03-10 16:01:03] Importing MemberName$Factory.members#67.0-1732868142000-java.trap.gz (250 of 1073)
[2025-03-10 16:01:03] Importing MemberName.members#67.0-1732868142000-java.trap.gz (251 of 1073)
[2025-03-10 16:01:03] Importing MethodHandle$PolymorphicSignature.members#67.0-1732868142000-java.trap.gz (252 of 1073)
[2025-03-10 16:01:03] Importing MethodHandle.members#67.0-1732868142000-java.trap.gz (253 of 1073)
[2025-03-10 16:01:03] Importing MethodHandleImpl$ArrayAccess.members#67.0-1732868142000-java.trap.gz (254 of 1073)
[2025-03-10 16:01:03] Importing MethodHandleImpl$AsVarargsCollector.members#67.0-1732868142000-java.trap.gz (255 of 1073)
[2025-03-10 16:01:03] Importing MethodHandleImpl$CasesHolder.members#67.0-1732868142000-java.trap.gz (256 of 1073)
[2025-03-10 16:01:03] Importing MethodHandleImpl$CountingWrapper.members#67.0-1732868142000-java.trap.gz (257 of 1073)
[2025-03-10 16:01:03] Importing MethodHandleImpl$Intrinsic.members#67.0-1732868142000-java.trap.gz (258 of 1073)
[2025-03-10 16:01:03] Importing MethodHandleImpl$IntrinsicMethodHandle.members#67.0-1732868142000-java.trap.gz (259 of 1073)
[2025-03-10 16:01:03] Importing MethodHandleImpl$LoopClauses.members#67.0-1732868142000-java.trap.gz (260 of 1073)
[2025-03-10 16:01:03] Importing MethodHandleImpl$WrappedMember.members#67.0-1732868142000-java.trap.gz (261 of 1073)
[2025-03-10 16:01:03] Importing MethodHandleImpl.members#67.0-1732868142000-java.trap.gz (262 of 1073)
[2025-03-10 16:01:03] Importing MethodHandleInfo.members#67.0-1732868142000-java.trap.gz (263 of 1073)
[2025-03-10 16:01:03] Importing MethodHandles$Lookup$ClassDefiner.members#67.0-1732868142000-java.trap.gz (264 of 1073)
[2025-03-10 16:01:03] Importing MethodHandles$Lookup$ClassOption.members#67.0-1732868142000-java.trap.gz (265 of 1073)
[2025-03-10 16:01:03] Importing MethodHandles$Lookup.members#67.0-1732868142000-java.trap.gz (266 of 1073)
[2025-03-10 16:01:03] Importing MethodHandles.members#67.0-1732868142000-java.trap.gz (267 of 1073)
[2025-03-10 16:01:03] Importing MethodType.members#67.0-1732868142000-java.trap.gz (268 of 1073)
[2025-03-10 16:01:03] Importing MethodTypeForm.members#67.0-1732868142000-java.trap.gz (269 of 1073)
[2025-03-10 16:01:03] Importing MutableCallSite.members#67.0-1732868142000-java.trap.gz (270 of 1073)
[2025-03-10 16:01:03] Importing NativeMethodHandle.members#67.0-1732868142000-java.trap.gz (271 of 1073)
[2025-03-10 16:01:03] Importing TypeDescriptor$OfField.members#67.0-1732868142000-java.trap.gz (272 of 1073)
[2025-03-10 16:01:03] Importing TypeDescriptor$OfMethod.members#67.0-1732868142000-java.trap.gz (273 of 1073)
[2025-03-10 16:01:03] Importing TypeDescriptor.members#67.0-1732868142000-java.trap.gz (274 of 1073)
[2025-03-10 16:01:03] Importing VarForm.members#67.0-1732868142000-java.trap.gz (275 of 1073)
[2025-03-10 16:01:03] Importing VarHandle$AccessDescriptor.members#67.0-1732868142000-java.trap.gz (276 of 1073)
[2025-03-10 16:01:03] Importing VarHandle$AccessMode.members#67.0-1732868142000-java.trap.gz (277 of 1073)
[2025-03-10 16:01:03] Importing VarHandle$AccessType.members#67.0-1732868142000-java.trap.gz (278 of 1073)
[2025-03-10 16:01:03] Importing VarHandle$VarHandleDesc.members#67.0-1732868142000-java.trap.gz (279 of 1073)
[2025-03-10 16:01:03] Importing VarHandle.members#67.0-1732868142000-java.trap.gz (280 of 1073)
[2025-03-10 16:01:03] Importing VarHandleBooleans$Array.members#67.0-1732868142000-java.trap.gz (281 of 1073)
[2025-03-10 16:01:03] Importing VarHandleBooleans$FieldInstanceReadOnly.members#67.0-1732868142000-java.trap.gz (282 of 1073)
[2025-03-10 16:01:03] Importing VarHandleBooleans$FieldInstanceReadWrite.members#67.0-1732868142000-java.trap.gz (283 of 1073)
[2025-03-10 16:01:03] Importing VarHandleBooleans$FieldStaticReadOnly.members#67.0-1732868142000-java.trap.gz (284 of 1073)
[2025-03-10 16:01:03] Importing VarHandleBooleans$FieldStaticReadWrite.members#67.0-1732868142000-java.trap.gz (285 of 1073)
[2025-03-10 16:01:03] Importing VarHandleBooleans.members#67.0-1732868142000-java.trap.gz (286 of 1073)
[2025-03-10 16:01:03] Importing VarHandleByteArrayAsChars$ArrayHandle.members#67.0-1732868142000-java.trap.gz (287 of 1073)
[2025-03-10 16:01:03] Importing VarHandleByteArrayAsChars$ByteArrayViewVarHandle.members#67.0-1732868142000-java.trap.gz (288 of 1073)
[2025-03-10 16:01:03] Importing VarHandleByteArrayAsChars$ByteBufferHandle.members#67.0-1732868142000-java.trap.gz (289 of 1073)
[2025-03-10 16:01:03] Importing VarHandleByteArrayAsChars.members#67.0-1732868142000-java.trap.gz (290 of 1073)
[2025-03-10 16:01:03] Importing VarHandleByteArrayAsDoubles$ArrayHandle.members#67.0-1732868142000-java.trap.gz (291 of 1073)
[2025-03-10 16:01:03] Importing VarHandleByteArrayAsDoubles$ByteArrayViewVarHandle.members#67.0-1732868142000-java.trap.gz (292 of 1073)
[2025-03-10 16:01:03] Importing VarHandleByteArrayAsDoubles$ByteBufferHandle.members#67.0-1732868142000-java.trap.gz (293 of 1073)
[2025-03-10 16:01:03] Importing VarHandleByteArrayAsDoubles.members#67.0-1732868142000-java.trap.gz (294 of 1073)
[2025-03-10 16:01:03] Importing VarHandleByteArrayAsFloats$ArrayHandle.members#67.0-1732868142000-java.trap.gz (295 of 1073)
[2025-03-10 16:01:03] Importing VarHandleByteArrayAsFloats$ByteArrayViewVarHandle.members#67.0-1732868142000-java.trap.gz (296 of 1073)
[2025-03-10 16:01:03] Importing VarHandleByteArrayAsFloats$ByteBufferHandle.members#67.0-1732868142000-java.trap.gz (297 of 1073)
[2025-03-10 16:01:03] Importing VarHandleByteArrayAsFloats.members#67.0-1732868142000-java.trap.gz (298 of 1073)
[2025-03-10 16:01:03] Importing VarHandleByteArrayAsInts$ArrayHandle.members#67.0-1732868142000-java.trap.gz (299 of 1073)
[2025-03-10 16:01:03] Importing VarHandleByteArrayAsInts$ByteArrayViewVarHandle.members#67.0-1732868142000-java.trap.gz (300 of 1073)
[2025-03-10 16:01:03] Importing VarHandleByteArrayAsInts$ByteBufferHandle.members#67.0-1732868142000-java.trap.gz (301 of 1073)
[2025-03-10 16:01:03] Importing VarHandleByteArrayAsInts.members#67.0-1732868142000-java.trap.gz (302 of 1073)
[2025-03-10 16:01:03] Importing VarHandleByteArrayAsLongs$ArrayHandle.members#67.0-1732868142000-java.trap.gz (303 of 1073)
[2025-03-10 16:01:03] Importing VarHandleByteArrayAsLongs$ByteArrayViewVarHandle.members#67.0-1732868142000-java.trap.gz (304 of 1073)
[2025-03-10 16:01:03] Importing VarHandleByteArrayAsLongs$ByteBufferHandle.members#67.0-1732868142000-java.trap.gz (305 of 1073)
[2025-03-10 16:01:03] Importing VarHandleByteArrayAsLongs.members#67.0-1732868142000-java.trap.gz (306 of 1073)
[2025-03-10 16:01:03] Importing VarHandleByteArrayAsShorts$ArrayHandle.members#67.0-1732868142000-java.trap.gz (307 of 1073)
[2025-03-10 16:01:03] Importing VarHandleByteArrayAsShorts$ByteArrayViewVarHandle.members#67.0-1732868142000-java.trap.gz (308 of 1073)
[2025-03-10 16:01:03] Importing VarHandleByteArrayAsShorts$ByteBufferHandle.members#67.0-1732868142000-java.trap.gz (309 of 1073)
[2025-03-10 16:01:03] Importing VarHandleByteArrayAsShorts.members#67.0-1732868142000-java.trap.gz (310 of 1073)
[2025-03-10 16:01:03] Importing VarHandleByteArrayBase.members#67.0-1732868142000-java.trap.gz (311 of 1073)
[2025-03-10 16:01:03] Importing VarHandleBytes$Array.members#67.0-1732868142000-java.trap.gz (312 of 1073)
[2025-03-10 16:01:03] Importing VarHandleBytes$FieldInstanceReadOnly.members#67.0-1732868142000-java.trap.gz (313 of 1073)
[2025-03-10 16:01:03] Importing VarHandleBytes$FieldInstanceReadWrite.members#67.0-1732868142000-java.trap.gz (314 of 1073)
[2025-03-10 16:01:03] Importing VarHandleBytes$FieldStaticReadOnly.members#67.0-1732868142000-java.trap.gz (315 of 1073)
[2025-03-10 16:01:03] Importing VarHandleBytes$FieldStaticReadWrite.members#67.0-1732868142000-java.trap.gz (316 of 1073)
[2025-03-10 16:01:03] Importing VarHandleBytes.members#67.0-1732868142000-java.trap.gz (317 of 1073)
[2025-03-10 16:01:03] Importing VarHandleChars$Array.members#67.0-1732868142000-java.trap.gz (318 of 1073)
[2025-03-10 16:01:03] Importing VarHandleChars$FieldInstanceReadOnly.members#67.0-1732868142000-java.trap.gz (319 of 1073)
[2025-03-10 16:01:03] Importing VarHandleChars$FieldInstanceReadWrite.members#67.0-1732868142000-java.trap.gz (320 of 1073)
[2025-03-10 16:01:03] Importing VarHandleChars$FieldStaticReadOnly.members#67.0-1732868142000-java.trap.gz (321 of 1073)
[2025-03-10 16:01:03] Importing VarHandleChars$FieldStaticReadWrite.members#67.0-1732868142000-java.trap.gz (322 of 1073)
[2025-03-10 16:01:03] Importing VarHandleChars.members#67.0-1732868142000-java.trap.gz (323 of 1073)
[2025-03-10 16:01:03] Importing VarHandleDoubles$Array.members#67.0-1732868142000-java.trap.gz (324 of 1073)
[2025-03-10 16:01:03] Importing VarHandleDoubles$FieldInstanceReadOnly.members#67.0-1732868142000-java.trap.gz (325 of 1073)
[2025-03-10 16:01:03] Importing VarHandleDoubles$FieldInstanceReadWrite.members#67.0-1732868142000-java.trap.gz (326 of 1073)
[2025-03-10 16:01:03] Importing VarHandleDoubles$FieldStaticReadOnly.members#67.0-1732868142000-java.trap.gz (327 of 1073)
[2025-03-10 16:01:03] Importing VarHandleDoubles$FieldStaticReadWrite.members#67.0-1732868142000-java.trap.gz (328 of 1073)
[2025-03-10 16:01:03] Importing VarHandleDoubles.members#67.0-1732868142000-java.trap.gz (329 of 1073)
[2025-03-10 16:01:03] Importing VarHandleFloats$Array.members#67.0-1732868142000-java.trap.gz (330 of 1073)
[2025-03-10 16:01:03] Importing VarHandleFloats$FieldInstanceReadOnly.members#67.0-1732868142000-java.trap.gz (331 of 1073)
[2025-03-10 16:01:03] Importing VarHandleFloats$FieldInstanceReadWrite.members#67.0-1732868142000-java.trap.gz (332 of 1073)
[2025-03-10 16:01:03] Importing VarHandleFloats$FieldStaticReadOnly.members#67.0-1732868142000-java.trap.gz (333 of 1073)
[2025-03-10 16:01:03] Importing VarHandleFloats$FieldStaticReadWrite.members#67.0-1732868142000-java.trap.gz (334 of 1073)
[2025-03-10 16:01:03] Importing VarHandleFloats.members#67.0-1732868142000-java.trap.gz (335 of 1073)
[2025-03-10 16:01:03] Importing VarHandleInts$Array.members#67.0-1732868142000-java.trap.gz (336 of 1073)
[2025-03-10 16:01:03] Importing VarHandleInts$FieldInstanceReadOnly.members#67.0-1732868142000-java.trap.gz (337 of 1073)
[2025-03-10 16:01:03] Importing VarHandleInts$FieldInstanceReadWrite.members#67.0-1732868142000-java.trap.gz (338 of 1073)
[2025-03-10 16:01:03] Importing VarHandleInts$FieldStaticReadOnly.members#67.0-1732868142000-java.trap.gz (339 of 1073)
[2025-03-10 16:01:03] Importing VarHandleInts$FieldStaticReadWrite.members#67.0-1732868142000-java.trap.gz (340 of 1073)
[2025-03-10 16:01:03] Importing VarHandleInts.members#67.0-1732868142000-java.trap.gz (341 of 1073)
[2025-03-10 16:01:03] Importing VarHandleLongs$Array.members#67.0-1732868142000-java.trap.gz (342 of 1073)
[2025-03-10 16:01:03] Importing VarHandleLongs$FieldInstanceReadOnly.members#67.0-1732868142000-java.trap.gz (343 of 1073)
[2025-03-10 16:01:03] Importing VarHandleLongs$FieldInstanceReadWrite.members#67.0-1732868142000-java.trap.gz (344 of 1073)
[2025-03-10 16:01:03] Importing VarHandleLongs$FieldStaticReadOnly.members#67.0-1732868142000-java.trap.gz (345 of 1073)
[2025-03-10 16:01:03] Importing VarHandleLongs$FieldStaticReadWrite.members#67.0-1732868142000-java.trap.gz (346 of 1073)
[2025-03-10 16:01:03] Importing VarHandleLongs.members#67.0-1732868142000-java.trap.gz (347 of 1073)
[2025-03-10 16:01:03] Importing VarHandleReferences$Array.members#67.0-1732868142000-java.trap.gz (348 of 1073)
[2025-03-10 16:01:03] Importing VarHandleReferences$FieldInstanceReadOnly.members#67.0-1732868142000-java.trap.gz (349 of 1073)
[2025-03-10 16:01:03] Importing VarHandleReferences$FieldInstanceReadWrite.members#67.0-1732868142000-java.trap.gz (350 of 1073)
[2025-03-10 16:01:03] Importing VarHandleReferences$FieldStaticReadOnly.members#67.0-1732868142000-java.trap.gz (351 of 1073)
[2025-03-10 16:01:03] Importing VarHandleReferences$FieldStaticReadWrite.members#67.0-1732868142000-java.trap.gz (352 of 1073)
[2025-03-10 16:01:03] Importing VarHandleReferences.members#67.0-1732868142000-java.trap.gz (353 of 1073)
[2025-03-10 16:01:03] Importing VarHandleSegmentAsBytes.members#67.0-1732868142000-java.trap.gz (354 of 1073)
[2025-03-10 16:01:03] Importing VarHandleSegmentAsChars.members#67.0-1732868142000-java.trap.gz (355 of 1073)
[2025-03-10 16:01:03] Importing VarHandleSegmentAsDoubles.members#67.0-1732868142000-java.trap.gz (356 of 1073)
[2025-03-10 16:01:03] Importing VarHandleSegmentAsFloats.members#67.0-1732868142000-java.trap.gz (357 of 1073)
[2025-03-10 16:01:03] Importing VarHandleSegmentAsInts.members#67.0-1732868142000-java.trap.gz (358 of 1073)
[2025-03-10 16:01:03] Importing VarHandleSegmentAsLongs.members#67.0-1732868142000-java.trap.gz (359 of 1073)
[2025-03-10 16:01:03] Importing VarHandleSegmentAsShorts.members#67.0-1732868142000-java.trap.gz (360 of 1073)
[2025-03-10 16:01:03] Importing VarHandleSegmentViewBase.members#67.0-1732868142000-java.trap.gz (361 of 1073)
[2025-03-10 16:01:03] Importing VarHandleShorts$Array.members#67.0-1732868142000-java.trap.gz (362 of 1073)
[2025-03-10 16:01:03] Importing VarHandleShorts$FieldInstanceReadOnly.members#67.0-1732868142000-java.trap.gz (363 of 1073)
[2025-03-10 16:01:03] Importing VarHandleShorts$FieldInstanceReadWrite.members#67.0-1732868142000-java.trap.gz (364 of 1073)
[2025-03-10 16:01:03] Importing VarHandleShorts$FieldStaticReadOnly.members#67.0-1732868142000-java.trap.gz (365 of 1073)
[2025-03-10 16:01:03] Importing VarHandleShorts$FieldStaticReadWrite.members#67.0-1732868142000-java.trap.gz (366 of 1073)
[2025-03-10 16:01:03] Importing VarHandleShorts.members#67.0-1732868142000-java.trap.gz (367 of 1073)
[2025-03-10 16:01:03] Importing VolatileCallSite.members#67.0-1732868142000-java.trap.gz (368 of 1073)
[2025-03-10 16:01:03] Importing WrongMethodTypeException.members#67.0-1732868142000-java.trap.gz (369 of 1073)
[2025-03-10 16:01:03] Importing Configuration.members#67.0-1732868142000-java.trap.gz (370 of 1073)
[2025-03-10 16:01:03] Importing ModuleDescriptor$Builder.members#67.0-1732868142000-java.trap.gz (371 of 1073)
[2025-03-10 16:01:03] Importing ModuleDescriptor$Exports$Modifier.members#67.0-1732868142000-java.trap.gz (372 of 1073)
[2025-03-10 16:01:03] Importing ModuleDescriptor$Exports.members#67.0-1732868142000-java.trap.gz (373 of 1073)
[2025-03-10 16:01:03] Importing ModuleDescriptor$Modifier.members#67.0-1732868142000-java.trap.gz (374 of 1073)
[2025-03-10 16:01:03] Importing ModuleDescriptor$Opens$Modifier.members#67.0-1732868142000-java.trap.gz (375 of 1073)
[2025-03-10 16:01:03] Importing ModuleDescriptor$Opens.members#67.0-1732868142000-java.trap.gz (376 of 1073)
[2025-03-10 16:01:03] Importing ModuleDescriptor$Provides.members#67.0-1732868142000-java.trap.gz (377 of 1073)
[2025-03-10 16:01:03] Importing ModuleDescriptor$Requires$Modifier.members#67.0-1732868142000-java.trap.gz (378 of 1073)
[2025-03-10 16:01:03] Importing ModuleDescriptor$Requires.members#67.0-1732868142000-java.trap.gz (379 of 1073)
[2025-03-10 16:01:03] Importing ModuleDescriptor$Version.members#67.0-1732868142000-java.trap.gz (380 of 1073)
[2025-03-10 16:01:03] Importing ModuleDescriptor.members#67.0-1732868142000-java.trap.gz (381 of 1073)
[2025-03-10 16:01:03] Importing ModuleFinder.members#67.0-1732868142000-java.trap.gz (382 of 1073)
[2025-03-10 16:01:03] Importing ModuleReader.members#67.0-1732868142000-java.trap.gz (383 of 1073)
[2025-03-10 16:01:03] Importing ModuleReference.members#67.0-1732868142000-java.trap.gz (384 of 1073)
[2025-03-10 16:01:03] Importing ResolvedModule.members#67.0-1732868142000-java.trap.gz (385 of 1073)
[2025-03-10 16:01:03] Importing Cleaner$Cleanable.members#67.0-1732868142000-java.trap.gz (386 of 1073)
[2025-03-10 16:01:03] Importing Cleaner.members#67.0-1732868142000-java.trap.gz (387 of 1073)
[2025-03-10 16:01:03] Importing FinalReference.members#67.0-1732868142000-java.trap.gz (388 of 1073)
[2025-03-10 16:01:03] Importing Finalizer.members#67.0-1732868142000-java.trap.gz (389 of 1073)
[2025-03-10 16:01:03] Importing PhantomReference.members#67.0-1732868142000-java.trap.gz (390 of 1073)
[2025-03-10 16:01:03] Importing Reference.members#67.0-1732868142000-java.trap.gz (391 of 1073)
[2025-03-10 16:01:03] Importing ReferenceQueue.members#67.0-1732868142000-java.trap.gz (392 of 1073)
[2025-03-10 16:01:03] Importing SoftReference.members#67.0-1732868142000-java.trap.gz (393 of 1073)
[2025-03-10 16:01:03] Importing WeakReference.members#67.0-1732868142000-java.trap.gz (394 of 1073)
[2025-03-10 16:01:03] Importing AccessFlag$Location.members#67.0-1732868142000-java.trap.gz (395 of 1073)
[2025-03-10 16:01:03] Importing AccessFlag.members#67.0-1732868142000-java.trap.gz (396 of 1073)
[2025-03-10 16:01:03] Importing AccessibleObject.members#67.0-1732868142000-java.trap.gz (397 of 1073)
[2025-03-10 16:01:03] Importing AnnotatedElement.members#67.0-1732868142000-java.trap.gz (398 of 1073)
[2025-03-10 16:01:03] Importing AnnotatedType.members#67.0-1732868142000-java.trap.gz (399 of 1073)
[2025-03-10 16:01:03] Importing ClassFileFormatVersion.members#67.0-1732868142000-java.trap.gz (400 of 1073)
[2025-03-10 16:01:03] Importing Constructor.members#67.0-1732868142000-java.trap.gz (401 of 1073)
[2025-03-10 16:01:03] Importing Executable.members#67.0-1732868142000-java.trap.gz (402 of 1073)
[2025-03-10 16:01:03] Importing Field.members#67.0-1732868142000-java.trap.gz (403 of 1073)
[2025-03-10 16:01:03] Importing GenericDeclaration.members#67.0-1732868142000-java.trap.gz (404 of 1073)
[2025-03-10 16:01:03] Importing InvocationTargetException.members#67.0-1732868142000-java.trap.gz (405 of 1073)
[2025-03-10 16:01:03] Importing Member.members#67.0-1732868142000-java.trap.gz (406 of 1073)
[2025-03-10 16:01:03] Importing Method.members#67.0-1732868142000-java.trap.gz (407 of 1073)
[2025-03-10 16:01:03] Importing Parameter.members#67.0-1732868142000-java.trap.gz (408 of 1073)
[2025-03-10 16:01:03] Importing ParameterizedType.members#67.0-1732868142000-java.trap.gz (409 of 1073)
[2025-03-10 16:01:03] Importing RecordComponent.members#67.0-1732868142000-java.trap.gz (410 of 1073)
[2025-03-10 16:01:03] Importing Type.members#67.0-1732868142000-java.trap.gz (411 of 1073)
[2025-03-10 16:01:03] Importing TypeVariable.members#67.0-1732868142000-java.trap.gz (412 of 1073)
[2025-03-10 16:01:03] Importing WildcardType.members#67.0-1732868142000-java.trap.gz (413 of 1073)
[2025-03-10 16:01:03] Importing BigDecimal.members#67.0-1732868142000-java.trap.gz (414 of 1073)
[2025-03-10 16:01:03] Importing BigInteger.members#67.0-1732868142000-java.trap.gz (415 of 1073)
[2025-03-10 16:01:03] Importing MathContext.members#67.0-1732868142000-java.trap.gz (416 of 1073)
[2025-03-10 16:01:03] Importing RoundingMode.members#67.0-1732868142000-java.trap.gz (417 of 1073)
[2025-03-10 16:01:03] Importing ContentHandler.members#67.0-1732868142000-java.trap.gz (418 of 1073)
[2025-03-10 16:01:03] Importing ContentHandlerFactory.members#67.0-1732868142000-java.trap.gz (419 of 1073)
[2025-03-10 16:01:03] Importing FileNameMap.members#67.0-1732868142000-java.trap.gz (420 of 1073)
[2025-03-10 16:01:03] Importing Inet4Address.members#67.0-1732868142000-java.trap.gz (421 of 1073)
[2025-03-10 16:01:03] Importing Inet4AddressImpl.members#67.0-1732868142000-java.trap.gz (422 of 1073)
[2025-03-10 16:01:03] Importing Inet6Address.members#67.0-1732868142000-java.trap.gz (423 of 1073)
[2025-03-10 16:01:03] Importing Inet6AddressImpl.members#67.0-1732868142000-java.trap.gz (424 of 1073)
[2025-03-10 16:01:03] Importing InetAddress$InetAddressHolder.members#67.0-1732868142000-java.trap.gz (425 of 1073)
[2025-03-10 16:01:03] Importing InetAddress.members#67.0-1732868142000-java.trap.gz (426 of 1073)
[2025-03-10 16:01:03] Importing InetAddressImpl.members#67.0-1732868142000-java.trap.gz (427 of 1073)
[2025-03-10 16:01:03] Importing InterfaceAddress.members#67.0-1732868142000-java.trap.gz (428 of 1073)
[2025-03-10 16:01:03] Importing MalformedURLException.members#67.0-1732868142000-java.trap.gz (429 of 1073)
[2025-03-10 16:01:03] Importing NetworkInterface.members#67.0-1732868142000-java.trap.gz (430 of 1073)
[2025-03-10 16:01:03] Importing Proxy$Type.members#67.0-1732868142000-java.trap.gz (431 of 1073)
[2025-03-10 16:01:03] Importing Proxy.members#67.0-1732868142000-java.trap.gz (432 of 1073)
[2025-03-10 16:01:03] Importing SocketAddress.members#67.0-1732868142000-java.trap.gz (433 of 1073)
[2025-03-10 16:01:03] Importing SocketException.members#67.0-1732868142000-java.trap.gz (434 of 1073)
[2025-03-10 16:01:03] Importing URI.members#67.0-1732868142000-java.trap.gz (435 of 1073)
[2025-03-10 16:01:03] Importing URISyntaxException.members#67.0-1732868142000-java.trap.gz (436 of 1073)
[2025-03-10 16:01:03] Importing URL.members#67.0-1732868142000-java.trap.gz (437 of 1073)
[2025-03-10 16:01:03] Importing URLConnection.members#67.0-1732868142000-java.trap.gz (438 of 1073)
[2025-03-10 16:01:03] Importing URLEncoder.members#67.0-1732868142000-java.trap.gz (439 of 1073)
[2025-03-10 16:01:03] Importing URLStreamHandler.members#67.0-1732868142000-java.trap.gz (440 of 1073)
[2025-03-10 16:01:03] Importing URLStreamHandlerFactory.members#67.0-1732868142000-java.trap.gz (441 of 1073)
[2025-03-10 16:01:03] Importing UnknownHostException.members#67.0-1732868142000-java.trap.gz (442 of 1073)
[2025-03-10 16:01:03] Importing InetAddressResolver$LookupPolicy.members#67.0-1732868142000-java.trap.gz (443 of 1073)
[2025-03-10 16:01:03] Importing InetAddressResolver.members#67.0-1732868142000-java.trap.gz (444 of 1073)
[2025-03-10 16:01:03] Importing Buffer.members#67.0-1732868142000-java.trap.gz (445 of 1073)
[2025-03-10 16:01:03] Importing ByteBuffer.members#67.0-1732868142000-java.trap.gz (446 of 1073)
[2025-03-10 16:01:03] Importing ByteBufferAsCharBufferB.members#67.0-1732868142000-java.trap.gz (447 of 1073)
[2025-03-10 16:01:03] Importing ByteBufferAsCharBufferL.members#67.0-1732868142000-java.trap.gz (448 of 1073)
[2025-03-10 16:01:03] Importing ByteBufferAsCharBufferRB.members#67.0-1732868142000-java.trap.gz (449 of 1073)
[2025-03-10 16:01:03] Importing ByteBufferAsCharBufferRL.members#67.0-1732868142000-java.trap.gz (450 of 1073)
[2025-03-10 16:01:03] Importing ByteBufferAsDoubleBufferB.members#67.0-1732868142000-java.trap.gz (451 of 1073)
[2025-03-10 16:01:03] Importing ByteBufferAsDoubleBufferL.members#67.0-1732868142000-java.trap.gz (452 of 1073)
[2025-03-10 16:01:03] Importing ByteBufferAsDoubleBufferRB.members#67.0-1732868142000-java.trap.gz (453 of 1073)
[2025-03-10 16:01:03] Importing ByteBufferAsDoubleBufferRL.members#67.0-1732868142000-java.trap.gz (454 of 1073)
[2025-03-10 16:01:03] Importing ByteBufferAsFloatBufferB.members#67.0-1732868142000-java.trap.gz (455 of 1073)
[2025-03-10 16:01:03] Importing ByteBufferAsFloatBufferL.members#67.0-1732868142000-java.trap.gz (456 of 1073)
[2025-03-10 16:01:03] Importing ByteBufferAsFloatBufferRB.members#67.0-1732868142000-java.trap.gz (457 of 1073)
[2025-03-10 16:01:03] Importing ByteBufferAsFloatBufferRL.members#67.0-1732868142000-java.trap.gz (458 of 1073)
[2025-03-10 16:01:03] Importing ByteBufferAsIntBufferB.members#67.0-1732868142000-java.trap.gz (459 of 1073)
[2025-03-10 16:01:03] Importing ByteBufferAsIntBufferL.members#67.0-1732868142000-java.trap.gz (460 of 1073)
[2025-03-10 16:01:03] Importing ByteBufferAsIntBufferRB.members#67.0-1732868142000-java.trap.gz (461 of 1073)
[2025-03-10 16:01:03] Importing ByteBufferAsIntBufferRL.members#67.0-1732868142000-java.trap.gz (462 of 1073)
[2025-03-10 16:01:03] Importing ByteBufferAsLongBufferB.members#67.0-1732868142000-java.trap.gz (463 of 1073)
[2025-03-10 16:01:03] Importing ByteBufferAsLongBufferL.members#67.0-1732868142000-java.trap.gz (464 of 1073)
[2025-03-10 16:01:03] Importing ByteBufferAsLongBufferRB.members#67.0-1732868142000-java.trap.gz (465 of 1073)
[2025-03-10 16:01:03] Importing ByteBufferAsLongBufferRL.members#67.0-1732868142000-java.trap.gz (466 of 1073)
[2025-03-10 16:01:03] Importing ByteBufferAsShortBufferB.members#67.0-1732868142000-java.trap.gz (467 of 1073)
[2025-03-10 16:01:03] Importing ByteBufferAsShortBufferL.members#67.0-1732868142000-java.trap.gz (468 of 1073)
[2025-03-10 16:01:03] Importing ByteBufferAsShortBufferRB.members#67.0-1732868142000-java.trap.gz (469 of 1073)
[2025-03-10 16:01:03] Importing ByteBufferAsShortBufferRL.members#67.0-1732868142000-java.trap.gz (470 of 1073)
[2025-03-10 16:01:03] Importing ByteOrder.members#67.0-1732868142000-java.trap.gz (471 of 1073)
[2025-03-10 16:01:03] Importing CharBuffer.members#67.0-1732868142000-java.trap.gz (472 of 1073)
[2025-03-10 16:01:03] Importing DirectByteBuffer.members#67.0-1732868142000-java.trap.gz (473 of 1073)
[2025-03-10 16:01:03] Importing DirectByteBufferR.members#67.0-1732868142000-java.trap.gz (474 of 1073)
[2025-03-10 16:01:03] Importing DirectCharBufferRS.members#67.0-1732868142000-java.trap.gz (475 of 1073)
[2025-03-10 16:01:03] Importing DirectCharBufferRU.members#67.0-1732868142000-java.trap.gz (476 of 1073)
[2025-03-10 16:01:03] Importing DirectCharBufferS.members#67.0-1732868142000-java.trap.gz (477 of 1073)
[2025-03-10 16:01:03] Importing DirectCharBufferU.members#67.0-1732868142000-java.trap.gz (478 of 1073)
[2025-03-10 16:01:03] Importing DirectDoubleBufferRS.members#67.0-1732868142000-java.trap.gz (479 of 1073)
[2025-03-10 16:01:03] Importing DirectDoubleBufferRU.members#67.0-1732868142000-java.trap.gz (480 of 1073)
[2025-03-10 16:01:03] Importing DirectDoubleBufferS.members#67.0-1732868142000-java.trap.gz (481 of 1073)
[2025-03-10 16:01:03] Importing DirectDoubleBufferU.members#67.0-1732868142000-java.trap.gz (482 of 1073)
[2025-03-10 16:01:03] Importing DirectFloatBufferRS.members#67.0-1732868142000-java.trap.gz (483 of 1073)
[2025-03-10 16:01:03] Importing DirectFloatBufferRU.members#67.0-1732868142000-java.trap.gz (484 of 1073)
[2025-03-10 16:01:03] Importing DirectFloatBufferS.members#67.0-1732868142000-java.trap.gz (485 of 1073)
[2025-03-10 16:01:03] Importing DirectFloatBufferU.members#67.0-1732868142000-java.trap.gz (486 of 1073)
[2025-03-10 16:01:03] Importing DirectIntBufferRS.members#67.0-1732868142000-java.trap.gz (487 of 1073)
[2025-03-10 16:01:03] Importing DirectIntBufferRU.members#67.0-1732868142000-java.trap.gz (488 of 1073)
[2025-03-10 16:01:03] Importing DirectIntBufferS.members#67.0-1732868142000-java.trap.gz (489 of 1073)
[2025-03-10 16:01:03] Importing DirectIntBufferU.members#67.0-1732868142000-java.trap.gz (490 of 1073)
[2025-03-10 16:01:03] Importing DirectLongBufferRS.members#67.0-1732868142000-java.trap.gz (491 of 1073)
[2025-03-10 16:01:03] Importing DirectLongBufferRU.members#67.0-1732868142000-java.trap.gz (492 of 1073)
[2025-03-10 16:01:03] Importing DirectLongBufferS.members#67.0-1732868142000-java.trap.gz (493 of 1073)
[2025-03-10 16:01:03] Importing DirectLongBufferU.members#67.0-1732868142000-java.trap.gz (494 of 1073)
[2025-03-10 16:01:03] Importing DirectShortBufferRS.members#67.0-1732868142000-java.trap.gz (495 of 1073)
[2025-03-10 16:01:03] Importing DirectShortBufferRU.members#67.0-1732868142000-java.trap.gz (496 of 1073)
[2025-03-10 16:01:03] Importing DirectShortBufferS.members#67.0-1732868142000-java.trap.gz (497 of 1073)
[2025-03-10 16:01:03] Importing DirectShortBufferU.members#67.0-1732868142000-java.trap.gz (498 of 1073)
[2025-03-10 16:01:03] Importing DoubleBuffer.members#67.0-1732868142000-java.trap.gz (499 of 1073)
[2025-03-10 16:01:03] Importing FloatBuffer.members#67.0-1732868142000-java.trap.gz (500 of 1073)
[2025-03-10 16:01:03] Importing HeapByteBuffer.members#67.0-1732868142000-java.trap.gz (501 of 1073)
[2025-03-10 16:01:03] Importing HeapByteBufferR.members#67.0-1732868142000-java.trap.gz (502 of 1073)
[2025-03-10 16:01:03] Importing HeapCharBuffer.members#67.0-1732868142000-java.trap.gz (503 of 1073)
[2025-03-10 16:01:03] Importing HeapCharBufferR.members#67.0-1732868142000-java.trap.gz (504 of 1073)
[2025-03-10 16:01:03] Importing HeapDoubleBuffer.members#67.0-1732868142000-java.trap.gz (505 of 1073)
[2025-03-10 16:01:03] Importing HeapDoubleBufferR.members#67.0-1732868142000-java.trap.gz (506 of 1073)
[2025-03-10 16:01:03] Importing HeapFloatBuffer.members#67.0-1732868142000-java.trap.gz (507 of 1073)
[2025-03-10 16:01:03] Importing HeapFloatBufferR.members#67.0-1732868142000-java.trap.gz (508 of 1073)
[2025-03-10 16:01:03] Importing HeapIntBuffer.members#67.0-1732868142000-java.trap.gz (509 of 1073)
[2025-03-10 16:01:03] Importing HeapIntBufferR.members#67.0-1732868142000-java.trap.gz (510 of 1073)
[2025-03-10 16:01:03] Importing HeapLongBuffer.members#67.0-1732868142000-java.trap.gz (511 of 1073)
[2025-03-10 16:01:03] Importing HeapLongBufferR.members#67.0-1732868142000-java.trap.gz (512 of 1073)
[2025-03-10 16:01:03] Importing HeapShortBuffer.members#67.0-1732868142000-java.trap.gz (513 of 1073)
[2025-03-10 16:01:03] Importing HeapShortBufferR.members#67.0-1732868142000-java.trap.gz (514 of 1073)
[2025-03-10 16:01:03] Importing IntBuffer.members#67.0-1732868142000-java.trap.gz (515 of 1073)
[2025-03-10 16:01:03] Importing LongBuffer.members#67.0-1732868142000-java.trap.gz (516 of 1073)
[2025-03-10 16:01:03] Importing MappedByteBuffer.members#67.0-1732868142000-java.trap.gz (517 of 1073)
[2025-03-10 16:01:03] Importing ShortBuffer.members#67.0-1732868142000-java.trap.gz (518 of 1073)
[2025-03-10 16:01:03] Importing StringCharBuffer.members#67.0-1732868142000-java.trap.gz (519 of 1073)
[2025-03-10 16:01:03] Importing AsynchronousChannel.members#67.0-1732868142000-java.trap.gz (520 of 1073)
[2025-03-10 16:01:03] Importing AsynchronousCloseException.members#67.0-1732868142000-java.trap.gz (521 of 1073)
[2025-03-10 16:01:03] Importing AsynchronousFileChannel.members#67.0-1732868142000-java.trap.gz (522 of 1073)
[2025-03-10 16:01:03] Importing ByteChannel.members#67.0-1732868142000-java.trap.gz (523 of 1073)
[2025-03-10 16:01:03] Importing Channel.members#67.0-1732868142000-java.trap.gz (524 of 1073)
[2025-03-10 16:01:03] Importing ClosedChannelException.members#67.0-1732868142000-java.trap.gz (525 of 1073)
[2025-03-10 16:01:03] Importing CompletionHandler.members#67.0-1732868142000-java.trap.gz (526 of 1073)
[2025-03-10 16:01:03] Importing FileChannel$MapMode.members#67.0-1732868142000-java.trap.gz (527 of 1073)
[2025-03-10 16:01:03] Importing FileChannel.members#67.0-1732868142000-java.trap.gz (528 of 1073)
[2025-03-10 16:01:03] Importing FileLock.members#67.0-1732868142000-java.trap.gz (529 of 1073)
[2025-03-10 16:01:03] Importing GatheringByteChannel.members#67.0-1732868142000-java.trap.gz (530 of 1073)
[2025-03-10 16:01:03] Importing InterruptibleChannel.members#67.0-1732868142000-java.trap.gz (531 of 1073)
[2025-03-10 16:01:03] Importing ReadableByteChannel.members#67.0-1732868142000-java.trap.gz (532 of 1073)
[2025-03-10 16:01:03] Importing ScatteringByteChannel.members#67.0-1732868142000-java.trap.gz (533 of 1073)
[2025-03-10 16:01:03] Importing SeekableByteChannel.members#67.0-1732868142000-java.trap.gz (534 of 1073)
[2025-03-10 16:01:03] Importing WritableByteChannel.members#67.0-1732868142000-java.trap.gz (535 of 1073)
[2025-03-10 16:01:03] Importing AbstractInterruptibleChannel.members#67.0-1732868142000-java.trap.gz (536 of 1073)
[2025-03-10 16:01:03] Importing CharacterCodingException.members#67.0-1732868142000-java.trap.gz (537 of 1073)
[2025-03-10 16:01:03] Importing Charset.members#67.0-1732868142000-java.trap.gz (538 of 1073)
[2025-03-10 16:01:03] Importing CharsetDecoder.members#67.0-1732868142000-java.trap.gz (539 of 1073)
[2025-03-10 16:01:03] Importing CharsetEncoder.members#67.0-1732868142000-java.trap.gz (540 of 1073)
[2025-03-10 16:01:03] Importing CoderResult.members#67.0-1732868142000-java.trap.gz (541 of 1073)
[2025-03-10 16:01:03] Importing CodingErrorAction.members#67.0-1732868142000-java.trap.gz (542 of 1073)
[2025-03-10 16:01:03] Importing StandardCharsets.members#67.0-1732868142000-java.trap.gz (543 of 1073)
[2025-03-10 16:01:03] Importing AccessMode.members#67.0-1732868142000-java.trap.gz (544 of 1073)
[2025-03-10 16:01:03] Importing CopyOption.members#67.0-1732868142000-java.trap.gz (545 of 1073)
[2025-03-10 16:01:03] Importing DirectoryStream$Filter.members#67.0-1732868142000-java.trap.gz (546 of 1073)
[2025-03-10 16:01:03] Importing DirectoryStream.members#67.0-1732868142000-java.trap.gz (547 of 1073)
[2025-03-10 16:01:03] Importing FileStore.members#67.0-1732868142000-java.trap.gz (548 of 1073)
[2025-03-10 16:01:03] Importing FileSystem.members#67.0-1732868142000-java.trap.gz (549 of 1073)
[2025-03-10 16:01:03] Importing LinkOption.members#67.0-1732868142000-java.trap.gz (550 of 1073)
[2025-03-10 16:01:03] Importing OpenOption.members#67.0-1732868142000-java.trap.gz (551 of 1073)
[2025-03-10 16:01:03] Importing Path.members#67.0-1732868142000-java.trap.gz (552 of 1073)
[2025-03-10 16:01:03] Importing PathMatcher.members#67.0-1732868142000-java.trap.gz (553 of 1073)
[2025-03-10 16:01:03] Importing WatchEvent$Kind.members#67.0-1732868142000-java.trap.gz (554 of 1073)
[2025-03-10 16:01:03] Importing WatchEvent$Modifier.members#67.0-1732868142000-java.trap.gz (555 of 1073)
[2025-03-10 16:01:03] Importing WatchEvent.members#67.0-1732868142000-java.trap.gz (556 of 1073)
[2025-03-10 16:01:03] Importing WatchKey.members#67.0-1732868142000-java.trap.gz (557 of 1073)
[2025-03-10 16:01:03] Importing WatchService.members#67.0-1732868142000-java.trap.gz (558 of 1073)
[2025-03-10 16:01:03] Importing Watchable.members#67.0-1732868142000-java.trap.gz (559 of 1073)
[2025-03-10 16:01:03] Importing AttributeView.members#67.0-1732868142000-java.trap.gz (560 of 1073)
[2025-03-10 16:01:03] Importing BasicFileAttributes.members#67.0-1732868142000-java.trap.gz (561 of 1073)
[2025-03-10 16:01:03] Importing FileAttribute.members#67.0-1732868142000-java.trap.gz (562 of 1073)
[2025-03-10 16:01:03] Importing FileAttributeView.members#67.0-1732868142000-java.trap.gz (563 of 1073)
[2025-03-10 16:01:03] Importing FileStoreAttributeView.members#67.0-1732868142000-java.trap.gz (564 of 1073)
[2025-03-10 16:01:03] Importing FileTime.members#67.0-1732868142000-java.trap.gz (565 of 1073)
[2025-03-10 16:01:03] Importing GroupPrincipal.members#67.0-1732868142000-java.trap.gz (566 of 1073)
[2025-03-10 16:01:03] Importing UserPrincipal.members#67.0-1732868142000-java.trap.gz (567 of 1073)
[2025-03-10 16:01:03] Importing UserPrincipalLookupService.members#67.0-1732868142000-java.trap.gz (568 of 1073)
[2025-03-10 16:01:03] Importing FileSystemProvider.members#67.0-1732868142000-java.trap.gz (569 of 1073)
[2025-03-10 16:01:03] Importing AccessControlContext.members#67.0-1732868142000-java.trap.gz (570 of 1073)
[2025-03-10 16:01:03] Importing AccessControlException.members#67.0-1732868142000-java.trap.gz (571 of 1073)
[2025-03-10 16:01:03] Importing AsymmetricKey.members#67.0-1732868142000-java.trap.gz (572 of 1073)
[2025-03-10 16:01:03] Importing BasicPermission.members#67.0-1732868142000-java.trap.gz (573 of 1073)
[2025-03-10 16:01:03] Importing CodeSigner.members#67.0-1732868142000-java.trap.gz (574 of 1073)
[2025-03-10 16:01:03] Importing CodeSource.members#67.0-1732868142000-java.trap.gz (575 of 1073)
[2025-03-10 16:01:03] Importing DigestException.members#67.0-1732868142000-java.trap.gz (576 of 1073)
[2025-03-10 16:01:03] Importing DomainCombiner.members#67.0-1732868142000-java.trap.gz (577 of 1073)
[2025-03-10 16:01:03] Importing GeneralSecurityException.members#67.0-1732868142000-java.trap.gz (578 of 1073)
[2025-03-10 16:01:03] Importing Guard.members#67.0-1732868142000-java.trap.gz (579 of 1073)
[2025-03-10 16:01:03] Importing InvalidKeyException.members#67.0-1732868142000-java.trap.gz (580 of 1073)
[2025-03-10 16:01:03] Importing Key.members#67.0-1732868142000-java.trap.gz (581 of 1073)
[2025-03-10 16:01:03] Importing KeyException.members#67.0-1732868142000-java.trap.gz (582 of 1073)
[2025-03-10 16:01:03] Importing MessageDigest.members#67.0-1732868142000-java.trap.gz (583 of 1073)
[2025-03-10 16:01:03] Importing MessageDigestSpi.members#67.0-1732868142000-java.trap.gz (584 of 1073)
[2025-03-10 16:01:03] Importing NoSuchAlgorithmException.members#67.0-1732868142000-java.trap.gz (585 of 1073)
[2025-03-10 16:01:03] Importing NoSuchProviderException.members#67.0-1732868142000-java.trap.gz (586 of 1073)
[2025-03-10 16:01:03] Importing Permission.members#67.0-1732868142000-java.trap.gz (587 of 1073)
[2025-03-10 16:01:03] Importing PermissionCollection.members#67.0-1732868142000-java.trap.gz (588 of 1073)
[2025-03-10 16:01:03] Importing Principal.members#67.0-1732868142000-java.trap.gz (589 of 1073)
[2025-03-10 16:01:03] Importing PrivilegedAction.members#67.0-1732868142000-java.trap.gz (590 of 1073)
[2025-03-10 16:01:03] Importing PrivilegedActionException.members#67.0-1732868142000-java.trap.gz (591 of 1073)
[2025-03-10 16:01:03] Importing PrivilegedExceptionAction.members#67.0-1732868142000-java.trap.gz (592 of 1073)
[2025-03-10 16:01:03] Importing ProtectionDomain$Key.members#67.0-1732868142000-java.trap.gz (593 of 1073)
[2025-03-10 16:01:03] Importing ProtectionDomain.members#67.0-1732868142000-java.trap.gz (594 of 1073)
[2025-03-10 16:01:03] Importing Provider$Service.members#67.0-1732868142000-java.trap.gz (595 of 1073)
[2025-03-10 16:01:03] Importing Provider.members#67.0-1732868142000-java.trap.gz (596 of 1073)
[2025-03-10 16:01:03] Importing PublicKey.members#67.0-1732868142000-java.trap.gz (597 of 1073)
[2025-03-10 16:01:03] Importing SignatureException.members#67.0-1732868142000-java.trap.gz (598 of 1073)
[2025-03-10 16:01:03] Importing Timestamp.members#67.0-1732868142000-java.trap.gz (599 of 1073)
[2025-03-10 16:01:03] Importing CertPath.members#67.0-1732868142000-java.trap.gz (600 of 1073)
[2025-03-10 16:01:03] Importing Certificate.members#67.0-1732868142000-java.trap.gz (601 of 1073)
[2025-03-10 16:01:03] Importing CertificateEncodingException.members#67.0-1732868142000-java.trap.gz (602 of 1073)
[2025-03-10 16:01:03] Importing CertificateException.members#67.0-1732868142000-java.trap.gz (603 of 1073)
[2025-03-10 16:01:03] Importing AlgorithmParameterSpec.members#67.0-1732868142000-java.trap.gz (604 of 1073)
[2025-03-10 16:01:03] Importing Array.members#67.0-1732868142000-java.trap.gz (605 of 1073)
[2025-03-10 16:01:03] Importing Blob.members#67.0-1732868142000-java.trap.gz (606 of 1073)
[2025-03-10 16:01:03] Importing CallableStatement.members#67.0-1732868142000-java.trap.gz (607 of 1073)
[2025-03-10 16:01:03] Importing ClientInfoStatus.members#67.0-1732868142000-java.trap.gz (608 of 1073)
[2025-03-10 16:01:03] Importing Clob.members#67.0-1732868142000-java.trap.gz (609 of 1073)
[2025-03-10 16:01:03] Importing Connection.members#67.0-1732868142000-java.trap.gz (610 of 1073)
[2025-03-10 16:01:03] Importing DatabaseMetaData.members#67.0-1732868142000-java.trap.gz (611 of 1073)
[2025-03-10 16:01:03] Importing Date.members#67.0-1732868142000-java.trap.gz (612 of 1073)
[2025-03-10 16:01:03] Importing Driver.members#67.0-1732868142000-java.trap.gz (613 of 1073)
[2025-03-10 16:01:03] Importing DriverAction.members#67.0-1732868142000-java.trap.gz (614 of 1073)
[2025-03-10 16:01:03] Importing DriverManager.members#67.0-1732868142000-java.trap.gz (615 of 1073)
[2025-03-10 16:01:03] Importing DriverPropertyInfo.members#67.0-1732868142000-java.trap.gz (616 of 1073)
[2025-03-10 16:01:03] Importing NClob.members#67.0-1732868142000-java.trap.gz (617 of 1073)
[2025-03-10 16:01:03] Importing ParameterMetaData.members#67.0-1732868142000-java.trap.gz (618 of 1073)
[2025-03-10 16:01:03] Importing PreparedStatement.members#67.0-1732868142000-java.trap.gz (619 of 1073)
[2025-03-10 16:01:03] Importing Ref.members#67.0-1732868142000-java.trap.gz (620 of 1073)
[2025-03-10 16:01:03] Importing ResultSet.members#67.0-1732868142000-java.trap.gz (621 of 1073)
[2025-03-10 16:01:03] Importing ResultSetMetaData.members#67.0-1732868142000-java.trap.gz (622 of 1073)
[2025-03-10 16:01:03] Importing RowId.members#67.0-1732868142000-java.trap.gz (623 of 1073)
[2025-03-10 16:01:03] Importing RowIdLifetime.members#67.0-1732868142000-java.trap.gz (624 of 1073)
[2025-03-10 16:01:03] Importing SQLClientInfoException.members#67.0-1732868142000-java.trap.gz (625 of 1073)
[2025-03-10 16:01:03] Importing SQLException.members#67.0-1732868142000-java.trap.gz (626 of 1073)
[2025-03-10 16:01:03] Importing SQLFeatureNotSupportedException.members#67.0-1732868142000-java.trap.gz (627 of 1073)
[2025-03-10 16:01:03] Importing SQLNonTransientException.members#67.0-1732868142000-java.trap.gz (628 of 1073)
[2025-03-10 16:01:03] Importing SQLPermission.members#67.0-1732868142000-java.trap.gz (629 of 1073)
[2025-03-10 16:01:03] Importing SQLType.members#67.0-1732868142000-java.trap.gz (630 of 1073)
[2025-03-10 16:01:03] Importing SQLWarning.members#67.0-1732868142000-java.trap.gz (631 of 1073)
[2025-03-10 16:01:03] Importing SQLXML.members#67.0-1732868142000-java.trap.gz (632 of 1073)
[2025-03-10 16:01:03] Importing Savepoint.members#67.0-1732868142000-java.trap.gz (633 of 1073)
[2025-03-10 16:01:03] Importing ShardingKey.members#67.0-1732868142000-java.trap.gz (634 of 1073)
[2025-03-10 16:01:03] Importing Statement.members#67.0-1732868142000-java.trap.gz (635 of 1073)
[2025-03-10 16:01:03] Importing Struct.members#67.0-1732868142000-java.trap.gz (636 of 1073)
[2025-03-10 16:01:03] Importing Time.members#67.0-1732868142000-java.trap.gz (637 of 1073)
[2025-03-10 16:01:03] Importing Timestamp.members#67.0-1732868142000-java.trap.gz (638 of 1073)
[2025-03-10 16:01:03] Importing Wrapper.members#67.0-1732868142000-java.trap.gz (639 of 1073)
[2025-03-10 16:01:03] Importing AttributedCharacterIterator$Attribute.members#67.0-1732868142000-java.trap.gz (640 of 1073)
[2025-03-10 16:01:03] Importing AttributedCharacterIterator.members#67.0-1732868142000-java.trap.gz (641 of 1073)
[2025-03-10 16:01:03] Importing CharacterIterator.members#67.0-1732868142000-java.trap.gz (642 of 1073)
[2025-03-10 16:01:03] Importing DateFormat.members#67.0-1732868142000-java.trap.gz (643 of 1073)
[2025-03-10 16:01:03] Importing DateFormatSymbols.members#67.0-1732868142000-java.trap.gz (644 of 1073)
[2025-03-10 16:01:03] Importing FieldPosition.members#67.0-1732868142000-java.trap.gz (645 of 1073)
[2025-03-10 16:01:03] Importing Format$Field.members#67.0-1732868142000-java.trap.gz (646 of 1073)
[2025-03-10 16:01:03] Importing Format$FieldDelegate.members#67.0-1732868142000-java.trap.gz (647 of 1073)
[2025-03-10 16:01:03] Importing Format.members#67.0-1732868142000-java.trap.gz (648 of 1073)
[2025-03-10 16:01:03] Importing NumberFormat$Style.members#67.0-1732868142000-java.trap.gz (649 of 1073)
[2025-03-10 16:01:03] Importing NumberFormat.members#67.0-1732868142000-java.trap.gz (650 of 1073)
[2025-03-10 16:01:03] Importing ParseException.members#67.0-1732868142000-java.trap.gz (651 of 1073)
[2025-03-10 16:01:03] Importing ParsePosition.members#67.0-1732868142000-java.trap.gz (652 of 1073)
[2025-03-10 16:01:03] Importing SimpleDateFormat.members#67.0-1732868142000-java.trap.gz (653 of 1073)
[2025-03-10 16:01:03] Importing Clock.members#67.0-1732868142000-java.trap.gz (654 of 1073)
[2025-03-10 16:01:03] Importing DayOfWeek.members#67.0-1732868142000-java.trap.gz (655 of 1073)
[2025-03-10 16:01:03] Importing Duration.members#67.0-1732868142000-java.trap.gz (656 of 1073)
[2025-03-10 16:01:03] Importing Instant.members#67.0-1732868142000-java.trap.gz (657 of 1073)
[2025-03-10 16:01:03] Importing InstantSource.members#67.0-1732868142000-java.trap.gz (658 of 1073)
[2025-03-10 16:01:03] Importing LocalDate.members#67.0-1732868142000-java.trap.gz (659 of 1073)
[2025-03-10 16:01:03] Importing LocalDateTime.members#67.0-1732868142000-java.trap.gz (660 of 1073)
[2025-03-10 16:01:03] Importing LocalTime.members#67.0-1732868142000-java.trap.gz (661 of 1073)
[2025-03-10 16:01:03] Importing Month.members#67.0-1732868142000-java.trap.gz (662 of 1073)
[2025-03-10 16:01:03] Importing OffsetDateTime.members#67.0-1732868142000-java.trap.gz (663 of 1073)
[2025-03-10 16:01:03] Importing OffsetTime.members#67.0-1732868142000-java.trap.gz (664 of 1073)
[2025-03-10 16:01:03] Importing Period.members#67.0-1732868142000-java.trap.gz (665 of 1073)
[2025-03-10 16:01:03] Importing ZoneId.members#67.0-1732868142000-java.trap.gz (666 of 1073)
[2025-03-10 16:01:03] Importing ZoneOffset.members#67.0-1732868142000-java.trap.gz (667 of 1073)
[2025-03-10 16:01:03] Importing ZoneRegion.members#67.0-1732868142000-java.trap.gz (668 of 1073)
[2025-03-10 16:01:03] Importing ZonedDateTime.members#67.0-1732868142000-java.trap.gz (669 of 1073)
[2025-03-10 16:01:03] Importing AbstractChronology.members#67.0-1732868142000-java.trap.gz (670 of 1073)
[2025-03-10 16:01:03] Importing ChronoLocalDate.members#67.0-1732868142000-java.trap.gz (671 of 1073)
[2025-03-10 16:01:03] Importing ChronoLocalDateTime.members#67.0-1732868142000-java.trap.gz (672 of 1073)
[2025-03-10 16:01:03] Importing ChronoPeriod.members#67.0-1732868142000-java.trap.gz (673 of 1073)
[2025-03-10 16:01:03] Importing ChronoZonedDateTime.members#67.0-1732868142000-java.trap.gz (674 of 1073)
[2025-03-10 16:01:03] Importing Chronology.members#67.0-1732868142000-java.trap.gz (675 of 1073)
[2025-03-10 16:01:03] Importing Era.members#67.0-1732868142000-java.trap.gz (676 of 1073)
[2025-03-10 16:01:03] Importing IsoChronology.members#67.0-1732868142000-java.trap.gz (677 of 1073)
[2025-03-10 16:01:03] Importing IsoEra.members#67.0-1732868142000-java.trap.gz (678 of 1073)
[2025-03-10 16:01:03] Importing DateTimeFormatter.members#67.0-1732868142000-java.trap.gz (679 of 1073)
[2025-03-10 16:01:03] Importing DateTimeFormatterBuilder$CompositePrinterParser.members#67.0-1732868142000-java.trap.gz (680 of 1073)
[2025-03-10 16:01:03] Importing DateTimeFormatterBuilder$DateTimePrinterParser.members#67.0-1732868142000-java.trap.gz (681 of 1073)
[2025-03-10 16:01:03] Importing DateTimeFormatterBuilder$DayPeriod.members#67.0-1732868142000-java.trap.gz (682 of 1073)
[2025-03-10 16:01:03] Importing DateTimeFormatterBuilder.members#67.0-1732868142000-java.trap.gz (683 of 1073)
[2025-03-10 16:01:03] Importing DateTimeParseContext.members#67.0-1732868142000-java.trap.gz (684 of 1073)
[2025-03-10 16:01:03] Importing DateTimePrintContext.members#67.0-1732868142000-java.trap.gz (685 of 1073)
[2025-03-10 16:01:03] Importing DecimalStyle.members#67.0-1732868142000-java.trap.gz (686 of 1073)
[2025-03-10 16:01:03] Importing FormatStyle.members#67.0-1732868142000-java.trap.gz (687 of 1073)
[2025-03-10 16:01:03] Importing Parsed.members#67.0-1732868142000-java.trap.gz (688 of 1073)
[2025-03-10 16:01:03] Importing ResolverStyle.members#67.0-1732868142000-java.trap.gz (689 of 1073)
[2025-03-10 16:01:03] Importing SignStyle.members#67.0-1732868142000-java.trap.gz (690 of 1073)
[2025-03-10 16:01:03] Importing TextStyle.members#67.0-1732868142000-java.trap.gz (691 of 1073)
[2025-03-10 16:01:03] Importing ChronoField.members#67.0-1732868142000-java.trap.gz (692 of 1073)
[2025-03-10 16:01:03] Importing ChronoUnit.members#67.0-1732868142000-java.trap.gz (693 of 1073)
[2025-03-10 16:01:03] Importing Temporal.members#67.0-1732868142000-java.trap.gz (694 of 1073)
[2025-03-10 16:01:03] Importing TemporalAccessor.members#67.0-1732868142000-java.trap.gz (695 of 1073)
[2025-03-10 16:01:03] Importing TemporalAdjuster.members#67.0-1732868142000-java.trap.gz (696 of 1073)
[2025-03-10 16:01:03] Importing TemporalAmount.members#67.0-1732868142000-java.trap.gz (697 of 1073)
[2025-03-10 16:01:03] Importing TemporalField.members#67.0-1732868142000-java.trap.gz (698 of 1073)
[2025-03-10 16:01:03] Importing TemporalQuery.members#67.0-1732868142000-java.trap.gz (699 of 1073)
[2025-03-10 16:01:03] Importing TemporalUnit.members#67.0-1732868142000-java.trap.gz (700 of 1073)
[2025-03-10 16:01:03] Importing ValueRange.members#67.0-1732868142000-java.trap.gz (701 of 1073)
[2025-03-10 16:01:03] Importing ZoneOffsetTransition.members#67.0-1732868142000-java.trap.gz (702 of 1073)
[2025-03-10 16:01:03] Importing ZoneOffsetTransitionRule$TimeDefinition.members#67.0-1732868142000-java.trap.gz (703 of 1073)
[2025-03-10 16:01:03] Importing ZoneOffsetTransitionRule.members#67.0-1732868142000-java.trap.gz (704 of 1073)
[2025-03-10 16:01:03] Importing ZoneRules.members#67.0-1732868142000-java.trap.gz (705 of 1073)
[2025-03-10 16:01:03] Importing AbstractCollection.members#67.0-1732868142000-java.trap.gz (706 of 1073)
[2025-03-10 16:01:03] Importing AbstractList.members#67.0-1732868142000-java.trap.gz (707 of 1073)
[2025-03-10 16:01:03] Importing AbstractMap.members#67.0-1732868142000-java.trap.gz (708 of 1073)
[2025-03-10 16:01:03] Importing AbstractSet.members#67.0-1732868142000-java.trap.gz (709 of 1073)
[2025-03-10 16:01:03] Importing ArrayList.members#67.0-1732868142000-java.trap.gz (710 of 1073)
[2025-03-10 16:01:03] Importing Base64$Decoder.members#67.0-1732868142000-java.trap.gz (711 of 1073)
[2025-03-10 16:01:03] Importing Base64$Encoder.members#67.0-1732868142000-java.trap.gz (712 of 1073)
[2025-03-10 16:01:03] Importing Base64.members#67.0-1732868142000-java.trap.gz (713 of 1073)
[2025-03-10 16:01:03] Importing Calendar.members#67.0-1732868142000-java.trap.gz (714 of 1073)
[2025-03-10 16:01:03] Importing Collection.members#67.0-1732868142000-java.trap.gz (715 of 1073)
[2025-03-10 16:01:03] Importing Comparator.members#67.0-1732868142000-java.trap.gz (716 of 1073)
[2025-03-10 16:01:03] Importing Currency$OtherCurrencyEntry.members#67.0-1732868142000-java.trap.gz (717 of 1073)
[2025-03-10 16:01:03] Importing Currency$SpecialCaseEntry.members#67.0-1732868142000-java.trap.gz (718 of 1073)
[2025-03-10 16:01:03] Importing Currency.members#67.0-1732868142000-java.trap.gz (719 of 1073)
[2025-03-10 16:01:03] Importing Date.members#67.0-1732868142000-java.trap.gz (720 of 1073)
[2025-03-10 16:01:03] Importing Dictionary.members#67.0-1732868142000-java.trap.gz (721 of 1073)
[2025-03-10 16:01:03] Importing DoubleSummaryStatistics.members#67.0-1732868142000-java.trap.gz (722 of 1073)
[2025-03-10 16:01:03] Importing EnumSet.members#67.0-1732868142000-java.trap.gz (723 of 1073)
[2025-03-10 16:01:03] Importing Enumeration.members#67.0-1732868142000-java.trap.gz (724 of 1073)
[2025-03-10 16:01:03] Importing HashMap$Node.members#67.0-1732868142000-java.trap.gz (725 of 1073)
[2025-03-10 16:01:03] Importing HashMap$TreeNode.members#67.0-1732868142000-java.trap.gz (726 of 1073)
[2025-03-10 16:01:03] Importing HashMap.members#67.0-1732868142000-java.trap.gz (727 of 1073)
[2025-03-10 16:01:03] Importing Hashtable.members#67.0-1732868142000-java.trap.gz (728 of 1073)
[2025-03-10 16:01:03] Importing IntSummaryStatistics.members#67.0-1732868142000-java.trap.gz (729 of 1073)
[2025-03-10 16:01:03] Importing InvalidPropertiesFormatException.members#67.0-1732868142000-java.trap.gz (730 of 1073)
[2025-03-10 16:01:03] Importing Iterator.members#67.0-1732868142000-java.trap.gz (731 of 1073)
[2025-03-10 16:01:03] Importing JumboEnumSet.members#67.0-1732868142000-java.trap.gz (732 of 1073)
[2025-03-10 16:01:03] Importing LinkedHashMap$Entry.members#67.0-1732868142000-java.trap.gz (733 of 1073)
[2025-03-10 16:01:03] Importing LinkedHashMap.members#67.0-1732868142000-java.trap.gz (734 of 1073)
[2025-03-10 16:01:03] Importing List.members#67.0-1732868142000-java.trap.gz (735 of 1073)
[2025-03-10 16:01:03] Importing ListIterator.members#67.0-1732868142000-java.trap.gz (736 of 1073)
[2025-03-10 16:01:03] Importing Locale$Category.members#67.0-1732868142000-java.trap.gz (737 of 1073)
[2025-03-10 16:01:03] Importing Locale$FilteringMode.members#67.0-1732868142000-java.trap.gz (738 of 1073)
[2025-03-10 16:01:03] Importing Locale$IsoCountryCode.members#67.0-1732868142000-java.trap.gz (739 of 1073)
[2025-03-10 16:01:03] Importing Locale$LanguageRange.members#67.0-1732868142000-java.trap.gz (740 of 1073)
[2025-03-10 16:01:03] Importing Locale.members#67.0-1732868142000-java.trap.gz (741 of 1073)
[2025-03-10 16:01:03] Importing LongSummaryStatistics.members#67.0-1732868142000-java.trap.gz (742 of 1073)
[2025-03-10 16:01:03] Importing Map$Entry.members#67.0-1732868142000-java.trap.gz (743 of 1073)
[2025-03-10 16:01:03] Importing Map.members#67.0-1732868142000-java.trap.gz (744 of 1073)
[2025-03-10 16:01:03] Importing MissingResourceException.members#67.0-1732868142000-java.trap.gz (745 of 1073)
[2025-03-10 16:01:03] Importing Optional.members#67.0-1732868142000-java.trap.gz (746 of 1073)
[2025-03-10 16:01:03] Importing OptionalDouble.members#67.0-1732868142000-java.trap.gz (747 of 1073)
[2025-03-10 16:01:03] Importing OptionalInt.members#67.0-1732868142000-java.trap.gz (748 of 1073)
[2025-03-10 16:01:03] Importing OptionalLong.members#67.0-1732868142000-java.trap.gz (749 of 1073)
[2025-03-10 16:01:03] Importing PrimitiveIterator$OfDouble.members#67.0-1732868142000-java.trap.gz (750 of 1073)
[2025-03-10 16:01:03] Importing PrimitiveIterator$OfInt.members#67.0-1732868142000-java.trap.gz (751 of 1073)
[2025-03-10 16:01:03] Importing PrimitiveIterator$OfLong.members#67.0-1732868142000-java.trap.gz (752 of 1073)
[2025-03-10 16:01:03] Importing PrimitiveIterator.members#67.0-1732868142000-java.trap.gz (753 of 1073)
[2025-03-10 16:01:03] Importing Properties.members#67.0-1732868142000-java.trap.gz (754 of 1073)
[2025-03-10 16:01:03] Importing Random.members#67.0-1732868142000-java.trap.gz (755 of 1073)
[2025-03-10 16:01:03] Importing RandomAccess.members#67.0-1732868142000-java.trap.gz (756 of 1073)
[2025-03-10 16:01:03] Importing RegularEnumSet.members#67.0-1732868142000-java.trap.gz (757 of 1073)
[2025-03-10 16:01:03] Importing ResourceBundle$Control.members#67.0-1732868142000-java.trap.gz (758 of 1073)
[2025-03-10 16:01:03] Importing ResourceBundle.members#67.0-1732868142000-java.trap.gz (759 of 1073)
[2025-03-10 16:01:03] Importing SequencedCollection.members#67.0-1732868142000-java.trap.gz (760 of 1073)
[2025-03-10 16:01:03] Importing SequencedMap.members#67.0-1732868142000-java.trap.gz (761 of 1073)
[2025-03-10 16:01:03] Importing SequencedSet.members#67.0-1732868142000-java.trap.gz (762 of 1073)
[2025-03-10 16:01:03] Importing Set.members#67.0-1732868142000-java.trap.gz (763 of 1073)
[2025-03-10 16:01:03] Importing SortedMap.members#67.0-1732868142000-java.trap.gz (764 of 1073)
[2025-03-10 16:01:03] Importing Spliterator$OfDouble.members#67.0-1732868142000-java.trap.gz (765 of 1073)
[2025-03-10 16:01:03] Importing Spliterator$OfInt.members#67.0-1732868142000-java.trap.gz (766 of 1073)
[2025-03-10 16:01:03] Importing Spliterator$OfLong.members#67.0-1732868142000-java.trap.gz (767 of 1073)
[2025-03-10 16:01:03] Importing Spliterator$OfPrimitive.members#67.0-1732868142000-java.trap.gz (768 of 1073)
[2025-03-10 16:01:03] Importing Spliterator.members#67.0-1732868142000-java.trap.gz (769 of 1073)
[2025-03-10 16:01:03] Importing TimeZone.members#67.0-1732868142000-java.trap.gz (770 of 1073)
[2025-03-10 16:01:03] Importing WeakHashMap$Entry.members#67.0-1732868142000-java.trap.gz (771 of 1073)
[2025-03-10 16:01:03] Importing WeakHashMap.members#67.0-1732868142000-java.trap.gz (772 of 1073)
[2025-03-10 16:01:03] Importing AbstractExecutorService.members#67.0-1732868142000-java.trap.gz (773 of 1073)
[2025-03-10 16:01:03] Importing Callable.members#67.0-1732868142000-java.trap.gz (774 of 1073)
[2025-03-10 16:01:03] Importing CompletableFuture$AltResult.members#67.0-1732868142000-java.trap.gz (775 of 1073)
[2025-03-10 16:01:03] Importing CompletableFuture$AsynchronousCompletionTask.members#67.0-1732868142000-java.trap.gz (776 of 1073)
[2025-03-10 16:01:03] Importing CompletableFuture$BiAccept.members#67.0-1732868142000-java.trap.gz (777 of 1073)
[2025-03-10 16:01:03] Importing CompletableFuture$BiApply.members#67.0-1732868142000-java.trap.gz (778 of 1073)
[2025-03-10 16:01:03] Importing CompletableFuture$BiCompletion.members#67.0-1732868142000-java.trap.gz (779 of 1073)
[2025-03-10 16:01:03] Importing CompletableFuture$BiRun.members#67.0-1732868142000-java.trap.gz (780 of 1073)
[2025-03-10 16:01:03] Importing CompletableFuture$Completion.members#67.0-1732868142000-java.trap.gz (781 of 1073)
[2025-03-10 16:01:03] Importing CompletableFuture$UniCompletion.members#67.0-1732868142000-java.trap.gz (782 of 1073)
[2025-03-10 16:01:03] Importing CompletableFuture$UniExceptionally.members#67.0-1732868142000-java.trap.gz (783 of 1073)
[2025-03-10 16:01:03] Importing CompletableFuture$UniHandle.members#67.0-1732868142000-java.trap.gz (784 of 1073)
[2025-03-10 16:01:03] Importing CompletableFuture$UniWhenComplete.members#67.0-1732868142000-java.trap.gz (785 of 1073)
[2025-03-10 16:01:03] Importing CompletableFuture.members#67.0-1732868142000-java.trap.gz (786 of 1073)
[2025-03-10 16:01:03] Importing CompletionException.members#67.0-1732868142000-java.trap.gz (787 of 1073)
[2025-03-10 16:01:03] Importing CompletionStage.members#67.0-1732868142000-java.trap.gz (788 of 1073)
[2025-03-10 16:01:03] Importing ConcurrentHashMap$CollectionView.members#67.0-1732868142000-java.trap.gz (789 of 1073)
[2025-03-10 16:01:03] Importing ConcurrentHashMap$EntrySetView.members#67.0-1732868142000-java.trap.gz (790 of 1073)
[2025-03-10 16:01:03] Importing ConcurrentHashMap$KeySetView.members#67.0-1732868142000-java.trap.gz (791 of 1073)
[2025-03-10 16:01:03] Importing ConcurrentHashMap$Node.members#67.0-1732868142000-java.trap.gz (792 of 1073)
[2025-03-10 16:01:03] Importing ConcurrentHashMap$ValuesView.members#67.0-1732868142000-java.trap.gz (793 of 1073)
[2025-03-10 16:01:03] Importing ConcurrentHashMap.members#67.0-1732868142000-java.trap.gz (794 of 1073)
[2025-03-10 16:01:03] Importing ConcurrentMap.members#67.0-1732868142000-java.trap.gz (795 of 1073)
[2025-03-10 16:01:03] Importing CountDownLatch.members#67.0-1732868142000-java.trap.gz (796 of 1073)
[2025-03-10 16:01:03] Importing ExecutionException.members#67.0-1732868142000-java.trap.gz (797 of 1073)
[2025-03-10 16:01:03] Importing Executor.members#67.0-1732868142000-java.trap.gz (798 of 1073)
[2025-03-10 16:01:03] Importing ExecutorService.members#67.0-1732868142000-java.trap.gz (799 of 1073)
[2025-03-10 16:01:03] Importing ForkJoinPool$ForkJoinWorkerThreadFactory.members#67.0-1732868142000-java.trap.gz (800 of 1073)
[2025-03-10 16:01:03] Importing ForkJoinPool$ManagedBlocker.members#67.0-1732868142000-java.trap.gz (801 of 1073)
[2025-03-10 16:01:03] Importing ForkJoinPool$WorkQueue.members#67.0-1732868142000-java.trap.gz (802 of 1073)
[2025-03-10 16:01:03] Importing ForkJoinPool.members#67.0-1732868142000-java.trap.gz (803 of 1073)
[2025-03-10 16:01:03] Importing ForkJoinTask.members#67.0-1732868142000-java.trap.gz (804 of 1073)
[2025-03-10 16:01:03] Importing ForkJoinWorkerThread.members#67.0-1732868142000-java.trap.gz (805 of 1073)
[2025-03-10 16:01:03] Importing Future$State.members#67.0-1732868142000-java.trap.gz (806 of 1073)
[2025-03-10 16:01:03] Importing Future.members#67.0-1732868142000-java.trap.gz (807 of 1073)
[2025-03-10 16:01:03] Importing RunnableFuture.members#67.0-1732868142000-java.trap.gz (808 of 1073)
[2025-03-10 16:01:03] Importing ThreadFactory.members#67.0-1732868142000-java.trap.gz (809 of 1073)
[2025-03-10 16:01:03] Importing TimeUnit.members#67.0-1732868142000-java.trap.gz (810 of 1073)
[2025-03-10 16:01:03] Importing TimeoutException.members#67.0-1732868142000-java.trap.gz (811 of 1073)
[2025-03-10 16:01:03] Importing BiConsumer.members#67.0-1732868142000-java.trap.gz (812 of 1073)
[2025-03-10 16:01:03] Importing BiFunction.members#67.0-1732868142000-java.trap.gz (813 of 1073)
[2025-03-10 16:01:03] Importing BinaryOperator.members#67.0-1732868142000-java.trap.gz (814 of 1073)
[2025-03-10 16:01:03] Importing Consumer.members#67.0-1732868142000-java.trap.gz (815 of 1073)
[2025-03-10 16:01:03] Importing DoubleBinaryOperator.members#67.0-1732868142000-java.trap.gz (816 of 1073)
[2025-03-10 16:01:03] Importing DoubleConsumer.members#67.0-1732868142000-java.trap.gz (817 of 1073)
[2025-03-10 16:01:03] Importing DoubleFunction.members#67.0-1732868142000-java.trap.gz (818 of 1073)
[2025-03-10 16:01:03] Importing DoublePredicate.members#67.0-1732868142000-java.trap.gz (819 of 1073)
[2025-03-10 16:01:03] Importing DoubleSupplier.members#67.0-1732868142000-java.trap.gz (820 of 1073)
[2025-03-10 16:01:03] Importing DoubleToIntFunction.members#67.0-1732868142000-java.trap.gz (821 of 1073)
[2025-03-10 16:01:03] Importing DoubleToLongFunction.members#67.0-1732868142000-java.trap.gz (822 of 1073)
[2025-03-10 16:01:03] Importing DoubleUnaryOperator.members#67.0-1732868142000-java.trap.gz (823 of 1073)
[2025-03-10 16:01:03] Importing Function.members#67.0-1732868142000-java.trap.gz (824 of 1073)
[2025-03-10 16:01:03] Importing IntBinaryOperator.members#67.0-1732868142000-java.trap.gz (825 of 1073)
[2025-03-10 16:01:03] Importing IntConsumer.members#67.0-1732868142000-java.trap.gz (826 of 1073)
[2025-03-10 16:01:03] Importing IntFunction.members#67.0-1732868142000-java.trap.gz (827 of 1073)
[2025-03-10 16:01:03] Importing IntPredicate.members#67.0-1732868142000-java.trap.gz (828 of 1073)
[2025-03-10 16:01:03] Importing IntSupplier.members#67.0-1732868142000-java.trap.gz (829 of 1073)
[2025-03-10 16:01:03] Importing IntToDoubleFunction.members#67.0-1732868142000-java.trap.gz (830 of 1073)
[2025-03-10 16:01:03] Importing IntToLongFunction.members#67.0-1732868142000-java.trap.gz (831 of 1073)
[2025-03-10 16:01:03] Importing IntUnaryOperator.members#67.0-1732868142000-java.trap.gz (832 of 1073)
[2025-03-10 16:01:03] Importing LongBinaryOperator.members#67.0-1732868142000-java.trap.gz (833 of 1073)
[2025-03-10 16:01:03] Importing LongConsumer.members#67.0-1732868142000-java.trap.gz (834 of 1073)
[2025-03-10 16:01:03] Importing LongFunction.members#67.0-1732868142000-java.trap.gz (835 of 1073)
[2025-03-10 16:01:03] Importing LongPredicate.members#67.0-1732868142000-java.trap.gz (836 of 1073)
[2025-03-10 16:01:03] Importing LongSupplier.members#67.0-1732868142000-java.trap.gz (837 of 1073)
[2025-03-10 16:01:03] Importing LongToDoubleFunction.members#67.0-1732868142000-java.trap.gz (838 of 1073)
[2025-03-10 16:01:03] Importing LongToIntFunction.members#67.0-1732868142000-java.trap.gz (839 of 1073)
[2025-03-10 16:01:03] Importing LongUnaryOperator.members#67.0-1732868142000-java.trap.gz (840 of 1073)
[2025-03-10 16:01:03] Importing ObjDoubleConsumer.members#67.0-1732868142000-java.trap.gz (841 of 1073)
[2025-03-10 16:01:03] Importing ObjIntConsumer.members#67.0-1732868142000-java.trap.gz (842 of 1073)
[2025-03-10 16:01:03] Importing ObjLongConsumer.members#67.0-1732868142000-java.trap.gz (843 of 1073)
[2025-03-10 16:01:03] Importing Predicate.members#67.0-1732868142000-java.trap.gz (844 of 1073)
[2025-03-10 16:01:03] Importing Supplier.members#67.0-1732868142000-java.trap.gz (845 of 1073)
[2025-03-10 16:01:03] Importing ToDoubleBiFunction.members#67.0-1732868142000-java.trap.gz (846 of 1073)
[2025-03-10 16:01:03] Importing ToDoubleFunction.members#67.0-1732868142000-java.trap.gz (847 of 1073)
[2025-03-10 16:01:03] Importing ToIntBiFunction.members#67.0-1732868142000-java.trap.gz (848 of 1073)
[2025-03-10 16:01:03] Importing ToIntFunction.members#67.0-1732868142000-java.trap.gz (849 of 1073)
[2025-03-10 16:01:03] Importing ToLongBiFunction.members#67.0-1732868142000-java.trap.gz (850 of 1073)
[2025-03-10 16:01:03] Importing ToLongFunction.members#67.0-1732868142000-java.trap.gz (851 of 1073)
[2025-03-10 16:01:03] Importing UnaryOperator.members#67.0-1732868142000-java.trap.gz (852 of 1073)
[2025-03-10 16:01:03] Importing ErrorManager.members#67.0-1732868142000-java.trap.gz (853 of 1073)
[2025-03-10 16:01:03] Importing Filter.members#67.0-1732868142000-java.trap.gz (854 of 1073)
[2025-03-10 16:01:03] Importing Formatter.members#67.0-1732868142000-java.trap.gz (855 of 1073)
[2025-03-10 16:01:03] Importing Handler.members#67.0-1732868142000-java.trap.gz (856 of 1073)
[2025-03-10 16:01:03] Importing Level.members#67.0-1732868142000-java.trap.gz (857 of 1073)
[2025-03-10 16:01:03] Importing LogManager$LogNode.members#67.0-1732868142000-java.trap.gz (858 of 1073)
[2025-03-10 16:01:03] Importing LogManager$LoggerContext.members#67.0-1732868142000-java.trap.gz (859 of 1073)
[2025-03-10 16:01:03] Importing LogManager$LoggerWeakRef.members#67.0-1732868142000-java.trap.gz (860 of 1073)
[2025-03-10 16:01:03] Importing LogManager.members#67.0-1732868142000-java.trap.gz (861 of 1073)
[2025-03-10 16:01:03] Importing LogRecord.members#67.0-1732868142000-java.trap.gz (862 of 1073)
[2025-03-10 16:01:03] Importing Logger.members#67.0-1732868142000-java.trap.gz (863 of 1073)
[2025-03-10 16:01:03] Importing LoggingMXBean.members#67.0-1732868142000-java.trap.gz (864 of 1073)
[2025-03-10 16:01:03] Importing RandomGenerator.members#67.0-1732868142000-java.trap.gz (865 of 1073)
[2025-03-10 16:01:03] Importing BaseStream.members#67.0-1732868142000-java.trap.gz (866 of 1073)
[2025-03-10 16:01:03] Importing Collector$Characteristics.members#67.0-1732868142000-java.trap.gz (867 of 1073)
[2025-03-10 16:01:03] Importing Collector.members#67.0-1732868142000-java.trap.gz (868 of 1073)
[2025-03-10 16:01:03] Importing DoubleStream$Builder.members#67.0-1732868142000-java.trap.gz (869 of 1073)
[2025-03-10 16:01:03] Importing DoubleStream$DoubleMapMultiConsumer.members#67.0-1732868142000-java.trap.gz (870 of 1073)
[2025-03-10 16:01:03] Importing DoubleStream.members#67.0-1732868142000-java.trap.gz (871 of 1073)
[2025-03-10 16:01:03] Importing Gatherer$Downstream.members#67.0-1732868142000-java.trap.gz (872 of 1073)
[2025-03-10 16:01:03] Importing Gatherer$Integrator$Greedy.members#67.0-1732868142000-java.trap.gz (873 of 1073)
[2025-03-10 16:01:03] Importing Gatherer$Integrator.members#67.0-1732868142000-java.trap.gz (874 of 1073)
[2025-03-10 16:01:03] Importing Gatherer.members#67.0-1732868142000-java.trap.gz (875 of 1073)
[2025-03-10 16:01:03] Importing IntStream$Builder.members#67.0-1732868142000-java.trap.gz (876 of 1073)
[2025-03-10 16:01:03] Importing IntStream$IntMapMultiConsumer.members#67.0-1732868142000-java.trap.gz (877 of 1073)
[2025-03-10 16:01:03] Importing IntStream.members#67.0-1732868142000-java.trap.gz (878 of 1073)
[2025-03-10 16:01:03] Importing LongStream$Builder.members#67.0-1732868142000-java.trap.gz (879 of 1073)
[2025-03-10 16:01:03] Importing LongStream$LongMapMultiConsumer.members#67.0-1732868142000-java.trap.gz (880 of 1073)
[2025-03-10 16:01:03] Importing LongStream.members#67.0-1732868142000-java.trap.gz (881 of 1073)
[2025-03-10 16:01:03] Importing Stream$Builder.members#67.0-1732868142000-java.trap.gz (882 of 1073)
[2025-03-10 16:01:03] Importing Stream.members#67.0-1732868142000-java.trap.gz (883 of 1073)
[2025-03-10 16:01:03] Importing Subject.members#67.0-1732868142000-java.trap.gz (884 of 1073)
[2025-03-10 16:01:03] Importing Result.members#67.0-1732868142000-java.trap.gz (885 of 1073)
[2025-03-10 16:01:03] Importing Source.members#67.0-1732868142000-java.trap.gz (886 of 1073)
[2025-03-10 16:01:03] Importing ValueBased.members#67.0-1732868142000-java.trap.gz (887 of 1073)
[2025-03-10 16:01:03] Importing JavaLangInvokeAccess.members#67.0-1732868142000-java.trap.gz (888 of 1073)
[2025-03-10 16:01:03] Importing JavaNioAccess.members#67.0-1732868142000-java.trap.gz (889 of 1073)
[2025-03-10 16:01:03] Importing UnmapperProxy.members#67.0-1732868142000-java.trap.gz (890 of 1073)
[2025-03-10 16:01:03] Importing DirectMethodHandleDescImpl.members#67.0-1732868142000-java.trap.gz (891 of 1073)
[2025-03-10 16:01:03] Importing MethodTypeDescImpl.members#67.0-1732868142000-java.trap.gz (892 of 1073)
[2025-03-10 16:01:03] Importing PrimitiveClassDescImpl.members#67.0-1732868142000-java.trap.gz (893 of 1073)
[2025-03-10 16:01:03] Importing ReferenceClassDescImpl.members#67.0-1732868142000-java.trap.gz (894 of 1073)
[2025-03-10 16:01:03] Importing AbstractMemorySegmentImpl.members#67.0-1732868142000-java.trap.gz (895 of 1073)
[2025-03-10 16:01:03] Importing ConfinedSession.members#67.0-1732868142000-java.trap.gz (896 of 1073)
[2025-03-10 16:01:03] Importing GlobalSession.members#67.0-1732868142000-java.trap.gz (897 of 1073)
[2025-03-10 16:01:03] Importing HeapMemorySegmentImpl$OfByte.members#67.0-1732868142000-java.trap.gz (898 of 1073)
[2025-03-10 16:01:03] Importing HeapMemorySegmentImpl$OfChar.members#67.0-1732868142000-java.trap.gz (899 of 1073)
[2025-03-10 16:01:03] Importing HeapMemorySegmentImpl$OfDouble.members#67.0-1732868142000-java.trap.gz (900 of 1073)
[2025-03-10 16:01:03] Importing HeapMemorySegmentImpl$OfFloat.members#67.0-1732868142000-java.trap.gz (901 of 1073)
[2025-03-10 16:01:03] Importing HeapMemorySegmentImpl$OfInt.members#67.0-1732868142000-java.trap.gz (902 of 1073)
[2025-03-10 16:01:03] Importing HeapMemorySegmentImpl$OfLong.members#67.0-1732868142000-java.trap.gz (903 of 1073)
[2025-03-10 16:01:03] Importing HeapMemorySegmentImpl$OfShort.members#67.0-1732868142000-java.trap.gz (904 of 1073)
[2025-03-10 16:01:03] Importing HeapMemorySegmentImpl.members#67.0-1732868142000-java.trap.gz (905 of 1073)
[2025-03-10 16:01:03] Importing ImplicitSession.members#67.0-1732868142000-java.trap.gz (906 of 1073)
[2025-03-10 16:01:03] Importing LayoutPath$DereferenceElement.members#67.0-1732868142000-java.trap.gz (907 of 1073)
[2025-03-10 16:01:03] Importing LayoutPath$GroupElementByIndex.members#67.0-1732868142000-java.trap.gz (908 of 1073)
[2025-03-10 16:01:03] Importing LayoutPath$GroupElementByName.members#67.0-1732868142000-java.trap.gz (909 of 1073)
[2025-03-10 16:01:03] Importing LayoutPath$SequenceElement.members#67.0-1732868142000-java.trap.gz (910 of 1073)
[2025-03-10 16:01:03] Importing LayoutPath$SequenceElementByIndex.members#67.0-1732868142000-java.trap.gz (911 of 1073)
[2025-03-10 16:01:03] Importing LayoutPath$SequenceElementByRange.members#67.0-1732868142000-java.trap.gz (912 of 1073)
[2025-03-10 16:01:03] Importing LayoutPath.members#67.0-1732868142000-java.trap.gz (913 of 1073)
[2025-03-10 16:01:03] Importing MappedMemorySegmentImpl.members#67.0-1732868142000-java.trap.gz (914 of 1073)
[2025-03-10 16:01:03] Importing MemorySessionImpl$ResourceList$ResourceCleanup.members#67.0-1732868142000-java.trap.gz (915 of 1073)
[2025-03-10 16:01:03] Importing MemorySessionImpl$ResourceList.members#67.0-1732868142000-java.trap.gz (916 of 1073)
[2025-03-10 16:01:03] Importing MemorySessionImpl.members#67.0-1732868142000-java.trap.gz (917 of 1073)
[2025-03-10 16:01:03] Importing NativeMemorySegmentImpl.members#67.0-1732868142000-java.trap.gz (918 of 1073)
[2025-03-10 16:01:03] Importing SharedSession.members#67.0-1732868142000-java.trap.gz (919 of 1073)
[2025-03-10 16:01:03] Importing ABIDescriptor.members#67.0-1732868142000-java.trap.gz (920 of 1073)
[2025-03-10 16:01:03] Importing Architecture.members#67.0-1732868142000-java.trap.gz (921 of 1073)
[2025-03-10 16:01:03] Importing NativeEntryPoint.members#67.0-1732868142000-java.trap.gz (922 of 1073)
[2025-03-10 16:01:03] Importing VMStorage.members#67.0-1732868142000-java.trap.gz (923 of 1073)
[2025-03-10 16:01:03] Importing AbstractGroupLayout$Kind.members#67.0-1732868142000-java.trap.gz (924 of 1073)
[2025-03-10 16:01:03] Importing AbstractGroupLayout.members#67.0-1732868142000-java.trap.gz (925 of 1073)
[2025-03-10 16:01:03] Importing AbstractLayout.members#67.0-1732868142000-java.trap.gz (926 of 1073)
[2025-03-10 16:01:03] Importing PaddingLayoutImpl.members#67.0-1732868142000-java.trap.gz (927 of 1073)
[2025-03-10 16:01:03] Importing SequenceLayoutImpl.members#67.0-1732868142000-java.trap.gz (928 of 1073)
[2025-03-10 16:01:03] Importing StructLayoutImpl.members#67.0-1732868142000-java.trap.gz (929 of 1073)
[2025-03-10 16:01:03] Importing UnionLayoutImpl.members#67.0-1732868142000-java.trap.gz (930 of 1073)
[2025-03-10 16:01:03] Importing ValueLayouts$AbstractValueLayout.members#67.0-1732868142000-java.trap.gz (931 of 1073)
[2025-03-10 16:01:03] Importing ValueLayouts$OfAddressImpl.members#67.0-1732868142000-java.trap.gz (932 of 1073)
[2025-03-10 16:01:03] Importing ValueLayouts$OfBooleanImpl.members#67.0-1732868142000-java.trap.gz (933 of 1073)
[2025-03-10 16:01:03] Importing ValueLayouts$OfByteImpl.members#67.0-1732868142000-java.trap.gz (934 of 1073)
[2025-03-10 16:01:03] Importing ValueLayouts$OfCharImpl.members#67.0-1732868142000-java.trap.gz (935 of 1073)
[2025-03-10 16:01:03] Importing ValueLayouts$OfDoubleImpl.members#67.0-1732868142000-java.trap.gz (936 of 1073)
[2025-03-10 16:01:03] Importing ValueLayouts$OfFloatImpl.members#67.0-1732868142000-java.trap.gz (937 of 1073)
[2025-03-10 16:01:03] Importing ValueLayouts$OfIntImpl.members#67.0-1732868142000-java.trap.gz (938 of 1073)
[2025-03-10 16:01:03] Importing ValueLayouts$OfLongImpl.members#67.0-1732868142000-java.trap.gz (939 of 1073)
[2025-03-10 16:01:03] Importing ValueLayouts$OfShortImpl.members#67.0-1732868142000-java.trap.gz (940 of 1073)
[2025-03-10 16:01:03] Importing ValueLayouts.members#67.0-1732868142000-java.trap.gz (941 of 1073)
[2025-03-10 16:01:03] Importing JdkConsole.members#67.0-1732868142000-java.trap.gz (942 of 1073)
[2025-03-10 16:01:03] Importing PreviewFeature$Feature.members#67.0-1732868142000-java.trap.gz (943 of 1073)
[2025-03-10 16:01:03] Importing PreviewFeature$JEP.members#67.0-1732868142000-java.trap.gz (944 of 1073)
[2025-03-10 16:01:03] Importing PreviewFeature.members#67.0-1732868142000-java.trap.gz (945 of 1073)
[2025-03-10 16:01:03] Importing Restricted.members#67.0-1732868142000-java.trap.gz (946 of 1073)
[2025-03-10 16:01:03] Importing NativeLibrary.members#67.0-1732868142000-java.trap.gz (947 of 1073)
[2025-03-10 16:01:03] Importing ScopedMemoryAccess$Scoped.members#67.0-1732868142000-java.trap.gz (948 of 1073)
[2025-03-10 16:01:03] Importing ScopedMemoryAccess$ScopedAccessError.members#67.0-1732868142000-java.trap.gz (949 of 1073)
[2025-03-10 16:01:03] Importing ScopedMemoryAccess.members#67.0-1732868142000-java.trap.gz (950 of 1073)
[2025-03-10 16:01:03] Importing Unsafe.members#67.0-1732868142000-java.trap.gz (951 of 1073)
[2025-03-10 16:01:03] Importing VM$BufferPool.members#67.0-1732868142000-java.trap.gz (952 of 1073)
[2025-03-10 16:01:03] Importing VM.members#67.0-1732868142000-java.trap.gz (953 of 1073)
[2025-03-10 16:01:03] Importing ServicesCatalog$ServiceProvider.members#67.0-1732868142000-java.trap.gz (954 of 1073)
[2025-03-10 16:01:03] Importing ServicesCatalog.members#67.0-1732868142000-java.trap.gz (955 of 1073)
[2025-03-10 16:01:03] Importing Cleaner.members#67.0-1732868142000-java.trap.gz (956 of 1073)
[2025-03-10 16:01:03] Importing CleanerImpl.members#67.0-1732868142000-java.trap.gz (957 of 1073)
[2025-03-10 16:01:03] Importing PhantomCleanable.members#67.0-1732868142000-java.trap.gz (958 of 1073)
[2025-03-10 16:01:03] Importing CallerSensitive.members#67.0-1732868142000-java.trap.gz (959 of 1073)
[2025-03-10 16:01:03] Importing ConstantPool$Tag.members#67.0-1732868142000-java.trap.gz (960 of 1073)
[2025-03-10 16:01:03] Importing ConstantPool.members#67.0-1732868142000-java.trap.gz (961 of 1073)
[2025-03-10 16:01:03] Importing ConstructorAccessor.members#67.0-1732868142000-java.trap.gz (962 of 1073)
[2025-03-10 16:01:03] Importing FieldAccessor.members#67.0-1732868142000-java.trap.gz (963 of 1073)
[2025-03-10 16:01:03] Importing MethodAccessor.members#67.0-1732868142000-java.trap.gz (964 of 1073)
[2025-03-10 16:01:03] Importing ReflectionFactory.members#67.0-1732868142000-java.trap.gz (965 of 1073)
[2025-03-10 16:01:03] Importing ClassFileDumper.members#67.0-1732868142000-java.trap.gz (966 of 1073)
[2025-03-10 16:01:03] Importing ReferenceKey.members#67.0-1732868142000-java.trap.gz (967 of 1073)
[2025-03-10 16:01:03] Importing ReferencedKeyMap.members#67.0-1732868142000-java.trap.gz (968 of 1073)
[2025-03-10 16:01:03] Importing ReferencedKeySet.members#67.0-1732868142000-java.trap.gz (969 of 1073)
[2025-03-10 16:01:03] Importing SoftReferenceKey.members#67.0-1732868142000-java.trap.gz (970 of 1073)
[2025-03-10 16:01:03] Importing StrongReferenceKey.members#67.0-1732868142000-java.trap.gz (971 of 1073)
[2025-03-10 16:01:03] Importing WeakReferenceKey.members#67.0-1732868142000-java.trap.gz (972 of 1073)
[2025-03-10 16:01:03] Importing Continuation$Pinned.members#67.0-1732868142000-java.trap.gz (973 of 1073)
[2025-03-10 16:01:03] Importing Continuation$PreemptStatus.members#67.0-1732868142000-java.trap.gz (974 of 1073)
[2025-03-10 16:01:03] Importing Continuation.members#67.0-1732868142000-java.trap.gz (975 of 1073)
[2025-03-10 16:01:03] Importing ContinuationScope.members#67.0-1732868142000-java.trap.gz (976 of 1073)
[2025-03-10 16:01:03] Importing ScopedValueContainer$BindingsSnapshot.members#67.0-1732868142000-java.trap.gz (977 of 1073)
[2025-03-10 16:01:03] Importing ScopedValueContainer.members#67.0-1732868142000-java.trap.gz (978 of 1073)
[2025-03-10 16:01:03] Importing SharedThreadContainer.members#67.0-1732868142000-java.trap.gz (979 of 1073)
[2025-03-10 16:01:03] Importing StackableScope.members#67.0-1732868142000-java.trap.gz (980 of 1073)
[2025-03-10 16:01:03] Importing ThreadContainer.members#67.0-1732868142000-java.trap.gz (981 of 1073)
[2025-03-10 16:01:03] Importing Contended.members#67.0-1732868142000-java.trap.gz (982 of 1073)
[2025-03-10 16:01:03] Importing DontInline.members#67.0-1732868142000-java.trap.gz (983 of 1073)
[2025-03-10 16:01:03] Importing ForceInline.members#67.0-1732868142000-java.trap.gz (984 of 1073)
[2025-03-10 16:01:03] Importing Hidden.members#67.0-1732868142000-java.trap.gz (985 of 1073)
[2025-03-10 16:01:03] Importing IntrinsicCandidate.members#67.0-1732868142000-java.trap.gz (986 of 1073)
[2025-03-10 16:01:03] Importing ReservedStackAccess.members#67.0-1732868142000-java.trap.gz (987 of 1073)
[2025-03-10 16:01:03] Importing Stable.members#67.0-1732868142000-java.trap.gz (988 of 1073)
[2025-03-10 16:01:03] Importing VectorSupport$BinaryOperation.members#67.0-1732868142000-java.trap.gz (989 of 1073)
[2025-03-10 16:01:03] Importing VectorSupport$CompressExpandOperation.members#67.0-1732868142000-java.trap.gz (990 of 1073)
[2025-03-10 16:01:03] Importing VectorSupport$FromBitsCoercedOperation.members#67.0-1732868142000-java.trap.gz (991 of 1073)
[2025-03-10 16:01:03] Importing VectorSupport$IndexOperation.members#67.0-1732868142000-java.trap.gz (992 of 1073)
[2025-03-10 16:01:03] Importing VectorSupport$IndexPartiallyInUpperRangeOperation.members#67.0-1732868142000-java.trap.gz (993 of 1073)
[2025-03-10 16:01:03] Importing VectorSupport$LoadOperation.members#67.0-1732868142000-java.trap.gz (994 of 1073)
[2025-03-10 16:01:03] Importing VectorSupport$LoadVectorMaskedOperation.members#67.0-1732868142000-java.trap.gz (995 of 1073)
[2025-03-10 16:01:03] Importing VectorSupport$LoadVectorOperationWithMap.members#67.0-1732868142000-java.trap.gz (996 of 1073)
[2025-03-10 16:01:03] Importing VectorSupport$ReductionOperation.members#67.0-1732868142000-java.trap.gz (997 of 1073)
[2025-03-10 16:01:03] Importing VectorSupport$ShuffleIotaOperation.members#67.0-1732868142000-java.trap.gz (998 of 1073)
[2025-03-10 16:01:03] Importing VectorSupport$ShuffleToVectorOperation.members#67.0-1732868142000-java.trap.gz (999 of 1073)
[2025-03-10 16:01:03] Importing VectorSupport$StoreVectorMaskedOperation.members#67.0-1732868142000-java.trap.gz (1000 of 1073)
[2025-03-10 16:01:03] Importing VectorSupport$StoreVectorOperation.members#67.0-1732868142000-java.trap.gz (1001 of 1073)
[2025-03-10 16:01:03] Importing VectorSupport$StoreVectorOperationWithMap.members#67.0-1732868142000-java.trap.gz (1002 of 1073)
[2025-03-10 16:01:03] Importing VectorSupport$TernaryOperation.members#67.0-1732868142000-java.trap.gz (1003 of 1073)
[2025-03-10 16:01:03] Importing VectorSupport$UnaryOperation.members#67.0-1732868142000-java.trap.gz (1004 of 1073)
[2025-03-10 16:01:03] Importing VectorSupport$VecExtractOp.members#67.0-1732868142000-java.trap.gz (1005 of 1073)
[2025-03-10 16:01:03] Importing VectorSupport$VecInsertOp.members#67.0-1732868142000-java.trap.gz (1006 of 1073)
[2025-03-10 16:01:03] Importing VectorSupport$Vector.members#67.0-1732868142000-java.trap.gz (1007 of 1073)
[2025-03-10 16:01:03] Importing VectorSupport$VectorBlendOp.members#67.0-1732868142000-java.trap.gz (1008 of 1073)
[2025-03-10 16:01:03] Importing VectorSupport$VectorBroadcastIntOp.members#67.0-1732868142000-java.trap.gz (1009 of 1073)
[2025-03-10 16:01:03] Importing VectorSupport$VectorCompareOp.members#67.0-1732868142000-java.trap.gz (1010 of 1073)
[2025-03-10 16:01:03] Importing VectorSupport$VectorConvertOp.members#67.0-1732868142000-java.trap.gz (1011 of 1073)
[2025-03-10 16:01:03] Importing VectorSupport$VectorMask.members#67.0-1732868142000-java.trap.gz (1012 of 1073)
[2025-03-10 16:01:03] Importing VectorSupport$VectorMaskOp.members#67.0-1732868142000-java.trap.gz (1013 of 1073)
[2025-03-10 16:01:03] Importing VectorSupport$VectorPayload.members#67.0-1732868142000-java.trap.gz (1014 of 1073)
[2025-03-10 16:01:03] Importing VectorSupport$VectorRearrangeOp.members#67.0-1732868142000-java.trap.gz (1015 of 1073)
[2025-03-10 16:01:03] Importing VectorSupport$VectorShuffle.members#67.0-1732868142000-java.trap.gz (1016 of 1073)
[2025-03-10 16:01:03] Importing VectorSupport$VectorSpecies.members#67.0-1732868142000-java.trap.gz (1017 of 1073)
[2025-03-10 16:01:03] Importing VectorSupport.members#67.0-1732868142000-java.trap.gz (1018 of 1073)
[2025-03-10 16:01:03] Importing Empty.members#67.0-1732868142000-java.trap.gz (1019 of 1073)
[2025-03-10 16:01:03] Importing Wrapper.members#67.0-1732868142000-java.trap.gz (1020 of 1073)
[2025-03-10 16:01:03] Importing DirectBuffer.members#67.0-1732868142000-java.trap.gz (1021 of 1073)
[2025-03-10 16:01:03] Importing Interruptible.members#67.0-1732868142000-java.trap.gz (1022 of 1073)
[2025-03-10 16:01:03] Importing AnnotationType.members#67.0-1732868142000-java.trap.gz (1023 of 1073)
[2025-03-10 16:01:03] Importing GenericsFactory.members#67.0-1732868142000-java.trap.gz (1024 of 1073)
[2025-03-10 16:01:03] Importing AbstractRepository.members#67.0-1732868142000-java.trap.gz (1025 of 1073)
[2025-03-10 16:01:03] Importing ConstructorRepository.members#67.0-1732868142000-java.trap.gz (1026 of 1073)
[2025-03-10 16:01:03] Importing GenericDeclRepository.members#67.0-1732868142000-java.trap.gz (1027 of 1073)
[2025-03-10 16:01:03] Importing MethodRepository.members#67.0-1732868142000-java.trap.gz (1028 of 1073)
[2025-03-10 16:01:03] Importing ArrayTypeSignature.members#67.0-1732868142000-java.trap.gz (1029 of 1073)
[2025-03-10 16:01:03] Importing BaseType.members#67.0-1732868142000-java.trap.gz (1030 of 1073)
[2025-03-10 16:01:03] Importing BooleanSignature.members#67.0-1732868142000-java.trap.gz (1031 of 1073)
[2025-03-10 16:01:03] Importing BottomSignature.members#67.0-1732868142000-java.trap.gz (1032 of 1073)
[2025-03-10 16:01:03] Importing ByteSignature.members#67.0-1732868142000-java.trap.gz (1033 of 1073)
[2025-03-10 16:01:03] Importing CharSignature.members#67.0-1732868142000-java.trap.gz (1034 of 1073)
[2025-03-10 16:01:03] Importing ClassSignature.members#67.0-1732868142000-java.trap.gz (1035 of 1073)
[2025-03-10 16:01:03] Importing ClassTypeSignature.members#67.0-1732868142000-java.trap.gz (1036 of 1073)
[2025-03-10 16:01:03] Importing DoubleSignature.members#67.0-1732868142000-java.trap.gz (1037 of 1073)
[2025-03-10 16:01:03] Importing FieldTypeSignature.members#67.0-1732868142000-java.trap.gz (1038 of 1073)
[2025-03-10 16:01:03] Importing FloatSignature.members#67.0-1732868142000-java.trap.gz (1039 of 1073)
[2025-03-10 16:01:03] Importing FormalTypeParameter.members#67.0-1732868142000-java.trap.gz (1040 of 1073)
[2025-03-10 16:01:03] Importing IntSignature.members#67.0-1732868142000-java.trap.gz (1041 of 1073)
[2025-03-10 16:01:03] Importing LongSignature.members#67.0-1732868142000-java.trap.gz (1042 of 1073)
[2025-03-10 16:01:03] Importing MethodTypeSignature.members#67.0-1732868142000-java.trap.gz (1043 of 1073)
[2025-03-10 16:01:03] Importing ReturnType.members#67.0-1732868142000-java.trap.gz (1044 of 1073)
[2025-03-10 16:01:03] Importing ShortSignature.members#67.0-1732868142000-java.trap.gz (1045 of 1073)
[2025-03-10 16:01:03] Importing Signature.members#67.0-1732868142000-java.trap.gz (1046 of 1073)
[2025-03-10 16:01:03] Importing SimpleClassTypeSignature.members#67.0-1732868142000-java.trap.gz (1047 of 1073)
[2025-03-10 16:01:03] Importing Tree.members#67.0-1732868142000-java.trap.gz (1048 of 1073)
[2025-03-10 16:01:03] Importing TypeArgument.members#67.0-1732868142000-java.trap.gz (1049 of 1073)
[2025-03-10 16:01:03] Importing TypeSignature.members#67.0-1732868142000-java.trap.gz (1050 of 1073)
[2025-03-10 16:01:03] Importing TypeTree.members#67.0-1732868142000-java.trap.gz (1051 of 1073)
[2025-03-10 16:01:03] Importing TypeVariableSignature.members#67.0-1732868142000-java.trap.gz (1052 of 1073)
[2025-03-10 16:01:03] Importing VoidDescriptor.members#67.0-1732868142000-java.trap.gz (1053 of 1073)
[2025-03-10 16:01:03] Importing Wildcard.members#67.0-1732868142000-java.trap.gz (1054 of 1073)
[2025-03-10 16:01:03] Importing Reifier.members#67.0-1732868142000-java.trap.gz (1055 of 1073)
[2025-03-10 16:01:03] Importing TypeTreeVisitor.members#67.0-1732868142000-java.trap.gz (1056 of 1073)
[2025-03-10 16:01:03] Importing Visitor.members#67.0-1732868142000-java.trap.gz (1057 of 1073)
[2025-03-10 16:01:03] Importing Debug.members#67.0-1732868142000-java.trap.gz (1058 of 1073)
[2025-03-10 16:01:03] Importing BaseLocale.members#67.0-1732868142000-java.trap.gz (1059 of 1073)
[2025-03-10 16:01:03] Importing Extension.members#67.0-1732868142000-java.trap.gz (1060 of 1073)
[2025-03-10 16:01:03] Importing InternalLocaleBuilder$CaseInsensitiveChar.members#67.0-1732868142000-java.trap.gz (1061 of 1073)
[2025-03-10 16:01:03] Importing InternalLocaleBuilder$CaseInsensitiveString.members#67.0-1732868142000-java.trap.gz (1062 of 1073)
[2025-03-10 16:01:03] Importing InternalLocaleBuilder.members#67.0-1732868142000-java.trap.gz (1063 of 1073)
[2025-03-10 16:01:03] Importing LanguageTag.members#67.0-1732868142000-java.trap.gz (1064 of 1073)
[2025-03-10 16:01:03] Importing LocaleExtensions.members#67.0-1732868142000-java.trap.gz (1065 of 1073)
[2025-03-10 16:01:03] Importing LocaleSyntaxException.members#67.0-1732868142000-java.trap.gz (1066 of 1073)
[2025-03-10 16:01:03] Importing ParseStatus.members#67.0-1732868142000-java.trap.gz (1067 of 1073)
[2025-03-10 16:01:03] Importing diagnostic.trap.gz (1068 of 1073)
[2025-03-10 16:01:03] Importing metadata.trap.gz (1069 of 1073)
[2025-03-10 16:01:03] Importing java.base.trap.gz (1070 of 1073)
[2025-03-10 16:01:03] Importing java.logging.trap.gz (1071 of 1073)
[2025-03-10 16:01:03] Importing java.sql.trap.gz (1072 of 1073)
[2025-03-10 16:01:03] Importing java.xml.trap.gz (1073 of 1073)
[2025-03-10 16:01:03] [PROGRESS] dataset import> Merging relations
[2025-03-10 16:01:03] Merging 1 fragment for 'files'.
[2025-03-10 16:01:03] Merged 2328 bytes (2.27 KiB) for 'files'.
[2025-03-10 16:01:03] Merging 1 fragment for 'folders'.
[2025-03-10 16:01:03] Merged 316 bytes for 'folders'.
[2025-03-10 16:01:03] Merging 1 fragment for 'containerparent'.
[2025-03-10 16:01:03] Merged 1881 bytes (1.84 KiB) for 'containerparent'.
[2025-03-10 16:01:03] Merging 1 fragment for 'locations_default'.
[2025-03-10 16:01:03] Merged 46089 bytes (45.01 KiB) for 'locations_default'.
[2025-03-10 16:01:03] Merging 1 fragment for 'xmllocations'.
[2025-03-10 16:01:03] Merged 740 bytes for 'xmllocations'.
[2025-03-10 16:01:03] Merging 1 fragment for 'xmlNs'.
[2025-03-10 16:01:03] Merged 105 bytes for 'xmlNs'.
[2025-03-10 16:01:03] Merging 1 fragment for 'xmlElements'.
[2025-03-10 16:01:03] Merged 837 bytes for 'xmlElements'.
[2025-03-10 16:01:03] Merging 1 fragment for 'xmlHasNs'.
[2025-03-10 16:01:03] Merged 261 bytes for 'xmlHasNs'.
[2025-03-10 16:01:03] Merging 1 fragment for 'xmlAttrs'.
[2025-03-10 16:01:03] Merged 244 bytes for 'xmlAttrs'.
[2025-03-10 16:01:03] Merging 1 fragment for 'xmlComments'.
[2025-03-10 16:01:03] Merged 108 bytes for 'xmlComments'.
[2025-03-10 16:01:03] Merging 1 fragment for 'numlines'.
[2025-03-10 16:01:03] Merged 1407 bytes (1.37 KiB) for 'numlines'.
[2025-03-10 16:01:03] Merging 1 fragment for 'xmlChars'.
[2025-03-10 16:01:03] Merged 424 bytes for 'xmlChars'.
[2025-03-10 16:01:03] Merging 1 fragment for 'xmlEncoding'.
[2025-03-10 16:01:03] Merged 35 bytes for 'xmlEncoding'.
[2025-03-10 16:01:03] Merging 1 fragment for 'hasLocation'.
[2025-03-10 16:01:03] Merged 72108 bytes (70.42 KiB) for 'hasLocation'.
[2025-03-10 16:01:03] Merging 1 fragment for 'packages'.
[2025-03-10 16:01:03] Merged 491 bytes for 'packages'.
[2025-03-10 16:01:03] Merging 1 fragment for 'cupackage'.
[2025-03-10 16:01:03] Merged 1621 bytes (1.58 KiB) for 'cupackage'.
[2025-03-10 16:01:03] Merging 1 fragment for 'classes_or_interfaces'.
[2025-03-10 16:01:03] Merged 22481 bytes (21.95 KiB) for 'classes_or_interfaces'.
[2025-03-10 16:01:03] Merging 1 fragment for 'imports'.
[2025-03-10 16:01:03] Merged 499 bytes for 'imports'.
[2025-03-10 16:01:03] Merging 1 fragment for 'exprs'.
[2025-03-10 16:01:03] Merged 42577 bytes (41.58 KiB) for 'exprs'.
[2025-03-10 16:01:03] Merging 1 fragment for 'primitives'.
[2025-03-10 16:01:03] Merged 55 bytes for 'primitives'.
[2025-03-10 16:01:03] Merging 1 fragment for 'stmts'.
[2025-03-10 16:01:03] Merged 7645 bytes (7.47 KiB) for 'stmts'.
[2025-03-10 16:01:03] Merging 1 fragment for 'callableEnclosingExpr'.
[2025-03-10 16:01:03] Merged 5463 bytes (5.33 KiB) for 'callableEnclosingExpr'.
[2025-03-10 16:01:03] Merging 1 fragment for 'params'.
[2025-03-10 16:01:03] Merged 123450 bytes (120.56 KiB) for 'params'.
[2025-03-10 16:01:03] Merging 1 fragment for 'paramName'.
[2025-03-10 16:01:03] Merged 447 bytes for 'paramName'.
[2025-03-10 16:01:03] Merging 1 fragment for 'error_type'.
[2025-03-10 16:01:03] Merged 18 bytes for 'error_type'.
[2025-03-10 16:01:03] Merging 1 fragment for 'statementEnclosingExpr'.
[2025-03-10 16:01:03] Merged 8384 bytes (8.19 KiB) for 'statementEnclosingExpr'.
[2025-03-10 16:01:03] Merging 1 fragment for 'cumodule'.
[2025-03-10 16:01:03] Merged 1187 bytes (1.16 KiB) for 'cumodule'.
[2025-03-10 16:01:03] Merging 1 fragment for 'extendsReftype'.
[2025-03-10 16:01:03] Merged 10748 bytes (10.50 KiB) for 'extendsReftype'.
[2025-03-10 16:01:03] Merging 1 fragment for 'implInterface'.
[2025-03-10 16:01:03] Merged 6148 bytes (6.00 KiB) for 'implInterface'.
[2025-03-10 16:01:03] Merging 1 fragment for 'wildcards'.
[2025-03-10 16:01:03] Merged 1446 bytes (1.41 KiB) for 'wildcards'.
[2025-03-10 16:01:03] Merging 1 fragment for 'typeBounds'.
[2025-03-10 16:01:03] Merged 2283 bytes (2.23 KiB) for 'typeBounds'.
[2025-03-10 16:01:03] Merging 1 fragment for 'isInterface'.
[2025-03-10 16:01:03] Merged 2401 bytes (2.34 KiB) for 'isInterface'.
[2025-03-10 16:01:03] Merging 1 fragment for 'enclInReftype'.
[2025-03-10 16:01:03] Merged 1520 bytes (1.48 KiB) for 'enclInReftype'.
[2025-03-10 16:01:03] Merging 1 fragment for 'typeArgs'.
[2025-03-10 16:01:03] Merged 8933 bytes (8.72 KiB) for 'typeArgs'.
[2025-03-10 16:01:03] Merging 1 fragment for 'isParameterized'.
[2025-03-10 16:01:03] Merged 2902 bytes (2.83 KiB) for 'isParameterized'.
[2025-03-10 16:01:03] Merging 1 fragment for 'modifiers'.
[2025-03-10 16:01:03] Merged 62 bytes for 'modifiers'.
[2025-03-10 16:01:03] Merging 1 fragment for 'hasModifier'.
[2025-03-10 16:01:03] Merged 84919 bytes (82.93 KiB) for 'hasModifier'.
[2025-03-10 16:01:03] Merging 1 fragment for 'variableBinding'.
[2025-03-10 16:01:03] Merged 5193 bytes (5.07 KiB) for 'variableBinding'.
[2025-03-10 16:01:03] Merging 1 fragment for 'arrays'.
[2025-03-10 16:01:03] Merged 1452 bytes (1.42 KiB) for 'arrays'.
[2025-03-10 16:01:03] Merging 1 fragment for 'fields'.
[2025-03-10 16:01:03] Merged 9453 bytes (9.23 KiB) for 'fields'.
[2025-03-10 16:01:03] Merging 1 fragment for 'methods'.
[2025-03-10 16:01:03] Merged 121072 bytes (118.23 KiB) for 'methods'.
[2025-03-10 16:01:03] Merging 1 fragment for 'namestrings'.
[2025-03-10 16:01:03] Merged 2809 bytes (2.74 KiB) for 'namestrings'.
[2025-03-10 16:01:03] Merging 1 fragment for 'fielddecls'.
[2025-03-10 16:01:03] Merged 144 bytes for 'fielddecls'.
[2025-03-10 16:01:03] Merging 1 fragment for 'fieldDeclaredIn'.
[2025-03-10 16:01:03] Merged 170 bytes for 'fieldDeclaredIn'.
[2025-03-10 16:01:03] Merging 1 fragment for 'callableBinding'.
[2025-03-10 16:01:03] Merged 1712 bytes (1.67 KiB) for 'callableBinding'.
[2025-03-10 16:01:03] Merging 1 fragment for 'localvars'.
[2025-03-10 16:01:03] Merged 1693 bytes (1.65 KiB) for 'localvars'.
[2025-03-10 16:01:03] Merging 1 fragment for 'javadoc'.
[2025-03-10 16:01:03] Merged 186 bytes for 'javadoc'.
[2025-03-10 16:01:03] Merging 1 fragment for 'isNormalComment'.
[2025-03-10 16:01:03] Merged 171 bytes for 'isNormalComment'.
[2025-03-10 16:01:03] Merging 1 fragment for 'javadocText'.
[2025-03-10 16:01:03] Merged 727 bytes for 'javadocText'.
[2025-03-10 16:01:03] Merging 1 fragment for 'isEolComment'.
[2025-03-10 16:01:03] Merged 139 bytes for 'isEolComment'.
[2025-03-10 16:01:03] Merging 1 fragment for 'hasJavadoc'.
[2025-03-10 16:01:03] Merged 67 bytes for 'hasJavadoc'.
[2025-03-10 16:01:03] Merging 1 fragment for 'constrs'.
[2025-03-10 16:01:03] Merged 7787 bytes (7.60 KiB) for 'constrs'.
[2025-03-10 16:01:03] Merging 1 fragment for 'isRaw'.
[2025-03-10 16:01:03] Merged 200 bytes for 'isRaw'.
[2025-03-10 16:01:03] Merging 1 fragment for 'typeVars'.
[2025-03-10 16:01:03] Merged 3519 bytes (3.44 KiB) for 'typeVars'.
[2025-03-10 16:01:03] Merging 1 fragment for 'isVarargsParam'.
[2025-03-10 16:01:03] Merged 372 bytes for 'isVarargsParam'.
[2025-03-10 16:01:03] Merging 1 fragment for 'exceptions'.
[2025-03-10 16:01:03] Merged 5336 bytes (5.21 KiB) for 'exceptions'.
[2025-03-10 16:01:03] Merging 1 fragment for 'isParenthesized'.
[2025-03-10 16:01:03] Merged 50 bytes for 'isParenthesized'.
[2025-03-10 16:01:03] Merging 1 fragment for 'javadocTag'.
[2025-03-10 16:01:03] Merged 138 bytes for 'javadocTag'.
[2025-03-10 16:01:03] Merging 1 fragment for 'isDefConstr'.
[2025-03-10 16:01:03] Merged 30 bytes for 'isDefConstr'.
[2025-03-10 16:01:03] Merging 1 fragment for 'isAnonymClass'.
[2025-03-10 16:01:03] Merged 30 bytes for 'isAnonymClass'.
[2025-03-10 16:01:03] Merging 1 fragment for 'configs'.
[2025-03-10 16:01:03] Merged 28 bytes for 'configs'.
[2025-03-10 16:01:03] Merging 1 fragment for 'configLocations'.
[2025-03-10 16:01:03] Merged 79 bytes for 'configLocations'.
[2025-03-10 16:01:03] Merging 1 fragment for 'configNames'.
[2025-03-10 16:01:03] Merged 65 bytes for 'configNames'.
[2025-03-10 16:01:03] Merging 1 fragment for 'configValues'.
[2025-03-10 16:01:03] Merged 68 bytes for 'configValues'.
[2025-03-10 16:01:03] Merging 1 fragment for 'xmlDTDs'.
[2025-03-10 16:01:03] Merged 61 bytes for 'xmlDTDs'.
[2025-03-10 16:01:03] Merging 1 fragment for 'annotValue'.
[2025-03-10 16:01:03] Merged 1797 bytes (1.75 KiB) for 'annotValue'.
[2025-03-10 16:01:03] Merging 1 fragment for 'permits'.
[2025-03-10 16:01:03] Merged 1442 bytes (1.41 KiB) for 'permits'.
[2025-03-10 16:01:03] Merging 1 fragment for 'isEnumType'.
[2025-03-10 16:01:03] Merged 106 bytes for 'isEnumType'.
[2025-03-10 16:01:03] Merging 1 fragment for 'isEnumConst'.
[2025-03-10 16:01:03] Merged 481 bytes for 'isEnumConst'.
[2025-03-10 16:01:03] Merging 1 fragment for 'isAnnotType'.
[2025-03-10 16:01:03] Merged 55 bytes for 'isAnnotType'.
[2025-03-10 16:01:03] Merging 1 fragment for 'isAnnotElem'.
[2025-03-10 16:01:03] Merged 31 bytes for 'isAnnotElem'.
[2025-03-10 16:01:03] Merging 1 fragment for 'isRecord'.
[2025-03-10 16:01:03] Merged 28 bytes for 'isRecord'.
[2025-03-10 16:01:03] Merging 1 fragment for 'compilations'.
[2025-03-10 16:01:03] Merged 50 bytes for 'compilations'.
[2025-03-10 16:01:03] Merging 1 fragment for 'compilation_args'.
[2025-03-10 16:01:03] Merged 50 bytes for 'compilation_args'.
[2025-03-10 16:01:03] Merging 1 fragment for 'compilation_expanded_args'.
[2025-03-10 16:01:03] Merged 93 bytes for 'compilation_expanded_args'.
[2025-03-10 16:01:03] Merging 1 fragment for 'compilation_info'.
[2025-03-10 16:01:03] Merged 50 bytes for 'compilation_info'.
[2025-03-10 16:01:03] Merging 1 fragment for 'compilation_time'.
[2025-03-10 16:01:03] Merged 880 bytes for 'compilation_time'.
[2025-03-10 16:01:03] Merging 1 fragment for 'diagnostic_for'.
[2025-03-10 16:01:03] Merged 2525 bytes (2.47 KiB) for 'diagnostic_for'.
[2025-03-10 16:01:03] Merging 1 fragment for 'diagnostics'.
[2025-03-10 16:01:03] Merged 4182 bytes (4.08 KiB) for 'diagnostics'.
[2025-03-10 16:01:03] Merging 1 fragment for 'compilation_compiling_files'.
[2025-03-10 16:01:03] Merged 80 bytes for 'compilation_compiling_files'.
[2025-03-10 16:01:03] Merging 1 fragment for 'compilation_compiling_files_completed'.
[2025-03-10 16:01:03] Merged 59 bytes for 'compilation_compiling_files_completed'.
[2025-03-10 16:01:03] Merging 1 fragment for 'compilation_finished'.
[2025-03-10 16:01:03] Merged 80 bytes for 'compilation_finished'.
[2025-03-10 16:01:03] Merging 1 fragment for 'sourceLocationPrefix'.
[2025-03-10 16:01:03] Merged 17 bytes for 'sourceLocationPrefix'.
[2025-03-10 16:01:03] Merging 1 fragment for 'modules'.
[2025-03-10 16:01:03] Merged 130 bytes for 'modules'.
[2025-03-10 16:01:03] Merging 1 fragment for 'exports'.
[2025-03-10 16:01:03] Merged 441 bytes for 'exports'.
[2025-03-10 16:01:03] Merging 1 fragment for 'directives'.
[2025-03-10 16:01:03] Merged 252 bytes for 'directives'.
[2025-03-10 16:01:03] Merging 1 fragment for 'exportsTo'.
[2025-03-10 16:01:03] Merged 358 bytes for 'exportsTo'.
[2025-03-10 16:01:03] Merging 1 fragment for 'uses'.
[2025-03-10 16:01:03] Merged 120 bytes for 'uses'.
[2025-03-10 16:01:03] Merging 1 fragment for 'provides'.
[2025-03-10 16:01:03] Merged 32 bytes for 'provides'.
[2025-03-10 16:01:03] Merging 1 fragment for 'providesWith'.
[2025-03-10 16:01:03] Merged 32 bytes for 'providesWith'.
[2025-03-10 16:01:03] Merging 1 fragment for 'requires'.
[2025-03-10 16:01:03] Merged 48 bytes for 'requires'.
[2025-03-10 16:01:03] Merging 1 fragment for 'isTransitive'.
[2025-03-10 16:01:03] Merged 21 bytes for 'isTransitive'.
[2025-03-10 16:01:03] Saving string and id pools to disk.
[2025-03-10 16:01:03] Finished importing TRAP files.
[2025-03-10 16:01:03] Read 15.93 MiB of uncompressed TRAP data.
[2025-03-10 16:01:03] Uncompressed relation data size: 2.33 MiB
[2025-03-10 16:01:03] Relation data size: 623.78 KiB (merge rate: 6.93 MiB/s)
[2025-03-10 16:01:03] String pool size: 2.41 MiB
[2025-03-10 16:01:03] ID pool size: 4.50 MiB
[2025-03-10 16:01:03] [PROGRESS] dataset import> Finished writing database (relations: 623.78 KiB; string pool: 2.41 MiB).
[2025-03-10 16:01:03] Pausing evaluation to close the cache at sequence stamp o+187
[2025-03-10 16:01:03] The disk cache is freshly trimmed; leave it be.
[2025-03-10 16:01:03] Unpausing evaluation
[2025-03-10 16:01:03] Plumbing command codeql dataset import completed.
[2025-03-10 16:01:03] [PROGRESS] database finalize> TRAP import complete (981ms).
[2025-03-10 16:01:03] Running plumbing command: codeql database cleanup -- /Users/pripum/Documents/codeql-snyk-github-testing/codeql-and-workflows/codeqldb
[2025-03-10 16:01:03] [PROGRESS] database cleanup> Cleaning up existing TRAP files after import...
[2025-03-10 16:01:04] [PROGRESS] database cleanup> TRAP files cleaned up (497ms).
[2025-03-10 16:01:04] [PROGRESS] database cleanup> Cleaning up scratch directory...
[2025-03-10 16:01:04] [PROGRESS] database cleanup> Scratch directory cleaned up (29ms).
[2025-03-10 16:01:04] Running plumbing command: codeql dataset cleanup -- /Users/pripum/Documents/codeql-snyk-github-testing/codeql-and-workflows/codeqldb/db-java
[2025-03-10 16:01:04] [PROGRESS] dataset cleanup> Cleaning up dataset in /Users/pripum/Documents/codeql-snyk-github-testing/codeql-and-workflows/codeqldb/db-java.
[2025-03-10 16:01:04] Trimming disk cache at /Users/pripum/Documents/codeql-snyk-github-testing/codeql-and-workflows/codeqldb/db-java/default/cache in mode trim.
[2025-03-10 16:01:04] Sequence stamp origin is -6073689928890372132
[2025-03-10 16:01:04] Pausing evaluation to quickly trim memory at sequence stamp o+0
[2025-03-10 16:01:04] Unpausing evaluation
[2025-03-10 16:01:04] Pausing evaluation to zealously trim disk at sequence stamp o+1
[2025-03-10 16:01:04] Unpausing evaluation
[2025-03-10 16:01:04] Trimming completed (1ms): Trimmed disposable data from cache.
[2025-03-10 16:01:04] Pausing evaluation to close the cache at sequence stamp o+2
[2025-03-10 16:01:04] The disk cache is freshly trimmed; leave it be.
[2025-03-10 16:01:04] Unpausing evaluation
[2025-03-10 16:01:04] [PROGRESS] dataset cleanup> Trimmed disposable data from cache.
[2025-03-10 16:01:04] [PROGRESS] dataset cleanup> Finalizing dataset in /Users/pripum/Documents/codeql-snyk-github-testing/codeql-and-workflows/codeqldb/db-java
[2025-03-10 16:01:04] [DETAILS] dataset cleanup> Finished deleting ID pool from /Users/pripum/Documents/codeql-snyk-github-testing/codeql-and-workflows/codeqldb/db-java (2ms).
[2025-03-10 16:01:04] Plumbing command codeql dataset cleanup completed.
[2025-03-10 16:01:04] Plumbing command codeql database cleanup completed with status 0.
[2025-03-10 16:01:04] [PROGRESS] database finalize> Finished zipping source archive (32.73 KiB).
[2025-03-10 16:01:04] Plumbing command codeql database finalize completed.
[2025-03-10 16:01:04] [PROGRESS] database create> Successfully created database at /Users/pripum/Documents/codeql-snyk-github-testing/codeql-and-workflows/codeqldb.
[2025-03-10 16:01:04] Terminating normally.
