[2025-03-10 16:01:02] This is codeql database index-files --include-extension=.properties --size-limit=5m --language properties -- /Users/pripum/Documents/codeql-snyk-github-testing/codeql-and-workflows/codeqldb
[2025-03-10 16:01:02] Log file was started late.
[2025-03-10 16:01:02] Using index-files script /opt/homebrew/Caskroom/codeql/2.20.5/codeql/properties/tools/index-files.sh.
[2025-03-10 16:01:02] [PROGRESS] database index-files> Scanning for files in /Users/pripum/Documents/codeql-snyk-github-testing/codeql-and-workflows...
[2025-03-10 16:01:02] Calling plumbing command: codeql resolve files --include-extension=.properties --size-limit=5m /Users/pripum/Documents/codeql-snyk-github-testing/codeql-and-workflows --format=json
[2025-03-10 16:01:02] [PROGRESS] resolve files> Scanning /Users/pripum/Documents/codeql-snyk-github-testing/codeql-and-workflows...
[2025-03-10 16:01:02] [PROGRESS] resolve files> Scanning /Users/pripum/Documents/codeql-snyk-github-testing/codeql-and-workflows/codeqldb...
[2025-03-10 16:01:02] [PROGRESS] resolve files> Scanning /Users/pripum/Documents/codeql-snyk-github-testing/codeql-and-workflows/codeqldb/diagnostic...
[2025-03-10 16:01:02] [PROGRESS] resolve files> Scanning /Users/pripum/Documents/codeql-snyk-github-testing/codeql-and-workflows/codeqldb/diagnostic/tracer...
[2025-03-10 16:01:02] [PROGRESS] resolve files> Scanning /Users/pripum/Documents/codeql-snyk-github-testing/codeql-and-workflows/codeqldb/diagnostic/extractors...
[2025-03-10 16:01:02] [PROGRESS] resolve files> Scanning /Users/pripum/Documents/codeql-snyk-github-testing/codeql-and-workflows/codeqldb/diagnostic/extractors/java...
[2025-03-10 16:01:02] [PROGRESS] resolve files> Scanning /Users/pripum/Documents/codeql-snyk-github-testing/codeql-and-workflows/codeqldb/diagnostic/extractors/xml...
[2025-03-10 16:01:02] [PROGRESS] resolve files> Scanning /Users/pripum/Documents/codeql-snyk-github-testing/codeql-and-workflows/codeqldb/working...
[2025-03-10 16:01:02] [PROGRESS] resolve files> Scanning /Users/pripum/Documents/codeql-snyk-github-testing/codeql-and-workflows/codeqldb/working/jars...
[2025-03-10 16:01:02] [PROGRESS] resolve files> Scanning /Users/pripum/Documents/codeql-snyk-github-testing/codeql-and-workflows/codeqldb/working/jars/activemq...
[2025-03-10 16:01:02] [PROGRESS] resolve files> Scanning /Users/pripum/Documents/codeql-snyk-github-testing/codeql-and-workflows/codeqldb/working/jars/activemq/jaxb-api...
[2025-03-10 16:01:02] [PROGRESS] resolve files> Scanning /Users/pripum/Documents/codeql-snyk-github-testing/codeql-and-workflows/codeqldb/working/jars/activemq/jaxb-api/20050407...
[2025-03-10 16:01:02] [PROGRESS] resolve files> Scanning /Users/pripum/Documents/codeql-snyk-github-testing/codeql-and-workflows/codeqldb/working/jars/org...
[2025-03-10 16:01:02] [PROGRESS] resolve files> Scanning /Users/pripum/Documents/codeql-snyk-github-testing/codeql-and-workflows/codeqldb/working/jars/org/thshsh...
[2025-03-10 16:01:02] [PROGRESS] resolve files> Scanning /Users/pripum/Documents/codeql-snyk-github-testing/codeql-and-workflows/codeqldb/working/jars/org/thshsh/commons-xml...
[2025-03-10 16:01:02] [PROGRESS] resolve files> Scanning /Users/pripum/Documents/codeql-snyk-github-testing/codeql-and-workflows/codeqldb/working/jars/org/thshsh/commons-xml/0.0.4...
[2025-03-10 16:01:02] [PROGRESS] resolve files> Scanning /Users/pripum/Documents/codeql-snyk-github-testing/codeql-and-workflows/codeqldb/working/jars/org/wso2...
[2025-03-10 16:01:02] [PROGRESS] resolve files> Scanning /Users/pripum/Documents/codeql-snyk-github-testing/codeql-and-workflows/codeqldb/working/jars/org/wso2/orbit...
[2025-03-10 16:01:02] [PROGRESS] resolve files> Scanning /Users/pripum/Documents/codeql-snyk-github-testing/codeql-and-workflows/codeqldb/working/jars/org/wso2/orbit/org...
[2025-03-10 16:01:02] [PROGRESS] resolve files> Scanning /Users/pripum/Documents/codeql-snyk-github-testing/codeql-and-workflows/codeqldb/working/jars/org/wso2/orbit/org/springframework...
[2025-03-10 16:01:02] [PROGRESS] resolve files> Scanning /Users/pripum/Documents/codeql-snyk-github-testing/codeql-and-workflows/codeqldb/working/jars/org/wso2/orbit/org/springframework/ws...
[2025-03-10 16:01:02] [PROGRESS] resolve files> Scanning /Users/pripum/Documents/codeql-snyk-github-testing/codeql-and-workflows/codeqldb/working/jars/org/wso2/orbit/org/springframework/ws/spring.framework...
[2025-03-10 16:01:02] [PROGRESS] resolve files> Scanning /Users/pripum/Documents/codeql-snyk-github-testing/codeql-and-workflows/codeqldb/working/jars/org/wso2/orbit/org/springframework/ws/spring.framework/5.3.25.wso2v2...
[2025-03-10 16:01:02] [PROGRESS] resolve files> Scanning /Users/pripum/Documents/codeql-snyk-github-testing/codeql-and-workflows/codeqldb/working/jars/org/wso2/orbit/org/apache...
[2025-03-10 16:01:02] [PROGRESS] resolve files> Scanning /Users/pripum/Documents/codeql-snyk-github-testing/codeql-and-workflows/codeqldb/working/jars/org/wso2/orbit/org/apache/tomcat...
[2025-03-10 16:01:02] [PROGRESS] resolve files> Scanning /Users/pripum/Documents/codeql-snyk-github-testing/codeql-and-workflows/codeqldb/working/jars/org/wso2/orbit/org/apache/tomcat/tomcat-servlet-api...
[2025-03-10 16:01:02] [PROGRESS] resolve files> Scanning /Users/pripum/Documents/codeql-snyk-github-testing/codeql-and-workflows/codeqldb/working/jars/org/wso2/orbit/org/apache/tomcat/tomcat-servlet-api/9.0.71.wso2v1...
[2025-03-10 16:01:02] [PROGRESS] resolve files> Scanning /Users/pripum/Documents/codeql-snyk-github-testing/codeql-and-workflows/codeqldb/working/jars/org/wso2/appserver...
[2025-03-10 16:01:02] [PROGRESS] resolve files> Scanning /Users/pripum/Documents/codeql-snyk-github-testing/codeql-and-workflows/codeqldb/working/jars/org/wso2/appserver/shade...
[2025-03-10 16:01:02] [PROGRESS] resolve files> Scanning /Users/pripum/Documents/codeql-snyk-github-testing/codeql-and-workflows/codeqldb/working/jars/org/wso2/appserver/shade/org...
[2025-03-10 16:01:02] [PROGRESS] resolve files> Scanning /Users/pripum/Documents/codeql-snyk-github-testing/codeql-and-workflows/codeqldb/working/jars/org/wso2/appserver/shade/org/springframework...
[2025-03-10 16:01:02] [PROGRESS] resolve files> Scanning /Users/pripum/Documents/codeql-snyk-github-testing/codeql-and-workflows/codeqldb/working/jars/org/wso2/appserver/shade/org/springframework/spring-core-shaded...
[2025-03-10 16:01:02] [PROGRESS] resolve files> Scanning /Users/pripum/Documents/codeql-snyk-github-testing/codeql-and-workflows/codeqldb/working/jars/org/wso2/appserver/shade/org/springframework/spring-core-shaded/4.2.5.wso2v1-m3...
[2025-03-10 16:01:02] [PROGRESS] resolve files> Scanning /Users/pripum/Documents/codeql-snyk-github-testing/codeql-and-workflows/codeqldb/working/jars/org/jboss...
[2025-03-10 16:01:02] [PROGRESS] resolve files> Scanning /Users/pripum/Documents/codeql-snyk-github-testing/codeql-and-workflows/codeqldb/working/jars/org/jboss/logmanager...
[2025-03-10 16:01:02] [PROGRESS] resolve files> Scanning /Users/pripum/Documents/codeql-snyk-github-testing/codeql-and-workflows/codeqldb/working/jars/org/jboss/logmanager/log4j-jboss-logmanager...
[2025-03-10 16:01:02] [PROGRESS] resolve files> Scanning /Users/pripum/Documents/codeql-snyk-github-testing/codeql-and-workflows/codeqldb/working/jars/org/jboss/logmanager/log4j-jboss-logmanager/1.3.0.Final...
[2025-03-10 16:01:02] [PROGRESS] resolve files> Scanning /Users/pripum/Documents/codeql-snyk-github-testing/codeql-and-workflows/codeqldb/working/jars/org/slf4j...
[2025-03-10 16:01:02] [PROGRESS] resolve files> Scanning /Users/pripum/Documents/codeql-snyk-github-testing/codeql-and-workflows/codeqldb/working/jars/org/slf4j/log4j-over-slf4j...
[2025-03-10 16:01:02] [PROGRESS] resolve files> Scanning /Users/pripum/Documents/codeql-snyk-github-testing/codeql-and-workflows/codeqldb/working/jars/org/slf4j/log4j-over-slf4j/2.0.7...
[2025-03-10 16:01:02] [PROGRESS] resolve files> Scanning /Users/pripum/Documents/codeql-snyk-github-testing/codeql-and-workflows/codeqldb/working/jars/org/ow2...
[2025-03-10 16:01:02] [PROGRESS] resolve files> Scanning /Users/pripum/Documents/codeql-snyk-github-testing/codeql-and-workflows/codeqldb/working/jars/org/ow2/jonas...
[2025-03-10 16:01:02] [PROGRESS] resolve files> Scanning /Users/pripum/Documents/codeql-snyk-github-testing/codeql-and-workflows/codeqldb/working/jars/org/ow2/jonas/osgi...
[2025-03-10 16:01:02] [PROGRESS] resolve files> Scanning /Users/pripum/Documents/codeql-snyk-github-testing/codeql-and-workflows/codeqldb/working/jars/org/ow2/jonas/osgi/springframework...
[2025-03-10 16:01:02] [PROGRESS] resolve files> Scanning /Users/pripum/Documents/codeql-snyk-github-testing/codeql-and-workflows/codeqldb/working/jars/org/ow2/jonas/osgi/springframework/5.1.7...
[2025-03-10 16:01:02] [PROGRESS] resolve files> Scanning /Users/pripum/Documents/codeql-snyk-github-testing/codeql-and-workflows/codeqldb/working/jars/org/mule...
[2025-03-10 16:01:02] [PROGRESS] resolve files> Scanning /Users/pripum/Documents/codeql-snyk-github-testing/codeql-and-workflows/codeqldb/working/jars/org/mule/tests...
[2025-03-10 16:01:02] [PROGRESS] resolve files> Scanning /Users/pripum/Documents/codeql-snyk-github-testing/codeql-and-workflows/codeqldb/working/jars/org/mule/tests/mule-tests-runner...
[2025-03-10 16:01:02] [PROGRESS] resolve files> Scanning /Users/pripum/Documents/codeql-snyk-github-testing/codeql-and-workflows/codeqldb/working/jars/org/mule/tests/mule-tests-runner/4.1.1...
[2025-03-10 16:01:02] [PROGRESS] resolve files> Scanning /Users/pripum/Documents/codeql-snyk-github-testing/codeql-and-workflows/codeqldb/working/jars/org/ops4j...
[2025-03-10 16:01:02] [PROGRESS] resolve files> Scanning /Users/pripum/Documents/codeql-snyk-github-testing/codeql-and-workflows/codeqldb/working/jars/org/ops4j/pax...
[2025-03-10 16:01:02] [PROGRESS] resolve files> Scanning /Users/pripum/Documents/codeql-snyk-github-testing/codeql-and-workflows/codeqldb/working/jars/org/ops4j/pax/logging...
[2025-03-10 16:01:02] [PROGRESS] resolve files> Scanning /Users/pripum/Documents/codeql-snyk-github-testing/codeql-and-workflows/codeqldb/working/jars/org/ops4j/pax/logging/pax-logging-log4j1...
[2025-03-10 16:01:02] [PROGRESS] resolve files> Scanning /Users/pripum/Documents/codeql-snyk-github-testing/codeql-and-workflows/codeqldb/working/jars/org/ops4j/pax/logging/pax-logging-log4j1/2.0.19...
[2025-03-10 16:01:02] [PROGRESS] resolve files> Scanning /Users/pripum/Documents/codeql-snyk-github-testing/codeql-and-workflows/codeqldb/working/jars/org/springframework...
[2025-03-10 16:01:02] [PROGRESS] resolve files> Scanning /Users/pripum/Documents/codeql-snyk-github-testing/codeql-and-workflows/codeqldb/working/jars/org/springframework/boot...
[2025-03-10 16:01:02] [PROGRESS] resolve files> Scanning /Users/pripum/Documents/codeql-snyk-github-testing/codeql-and-workflows/codeqldb/working/jars/org/springframework/boot/spring-boot-legacy...
[2025-03-10 16:01:02] [PROGRESS] resolve files> Scanning /Users/pripum/Documents/codeql-snyk-github-testing/codeql-and-workflows/codeqldb/working/jars/org/springframework/boot/spring-boot-legacy/2.1.0.RELEASE...
[2025-03-10 16:01:02] [PROGRESS] resolve files> Scanning /Users/pripum/Documents/codeql-snyk-github-testing/codeql-and-workflows/codeqldb/working/jars/org/springframework/boot/spring-boot-autoconfigure...
[2025-03-10 16:01:02] [PROGRESS] resolve files> Scanning /Users/pripum/Documents/codeql-snyk-github-testing/codeql-and-workflows/codeqldb/working/jars/org/springframework/boot/spring-boot-autoconfigure/3.1.1...
[2025-03-10 16:01:02] [PROGRESS] resolve files> Scanning /Users/pripum/Documents/codeql-snyk-github-testing/codeql-and-workflows/codeqldb/working/jars/org/springframework/boot/spring-boot...
[2025-03-10 16:01:02] [PROGRESS] resolve files> Scanning /Users/pripum/Documents/codeql-snyk-github-testing/codeql-and-workflows/codeqldb/working/jars/org/springframework/boot/spring-boot/1.1.4.RELEASE...
[2025-03-10 16:01:02] [PROGRESS] resolve files> Scanning /Users/pripum/Documents/codeql-snyk-github-testing/codeql-and-workflows/codeqldb/working/jars/org/springframework/boot/spring-boot/3.1.1...
[2025-03-10 16:01:02] [PROGRESS] resolve files> Scanning /Users/pripum/Documents/codeql-snyk-github-testing/codeql-and-workflows/codeqldb/working/jars/org/springframework/ldap...
[2025-03-10 16:01:02] [PROGRESS] resolve files> Scanning /Users/pripum/Documents/codeql-snyk-github-testing/codeql-and-workflows/codeqldb/working/jars/org/springframework/ldap/spring-ldap-core...
[2025-03-10 16:01:02] [PROGRESS] resolve files> Scanning /Users/pripum/Documents/codeql-snyk-github-testing/codeql-and-workflows/codeqldb/working/jars/org/springframework/ldap/spring-ldap-core/3.1.0...
[2025-03-10 16:01:02] [PROGRESS] resolve files> Scanning /Users/pripum/Documents/codeql-snyk-github-testing/codeql-and-workflows/codeqldb/working/jars/org/springframework/android...
[2025-03-10 16:01:02] [PROGRESS] resolve files> Scanning /Users/pripum/Documents/codeql-snyk-github-testing/codeql-and-workflows/codeqldb/working/jars/org/springframework/android/spring-android-rest-template...
[2025-03-10 16:01:02] [PROGRESS] resolve files> Scanning /Users/pripum/Documents/codeql-snyk-github-testing/codeql-and-workflows/codeqldb/working/jars/org/springframework/android/spring-android-rest-template/1.0.1.RELEASE...
[2025-03-10 16:01:02] [PROGRESS] resolve files> Scanning /Users/pripum/Documents/codeql-snyk-github-testing/codeql-and-workflows/codeqldb/working/jars/org/springframework/spring-web...
[2025-03-10 16:01:02] [PROGRESS] resolve files> Scanning /Users/pripum/Documents/codeql-snyk-github-testing/codeql-and-workflows/codeqldb/working/jars/org/springframework/spring-web/6.0.10...
[2025-03-10 16:01:02] [PROGRESS] resolve files> Scanning /Users/pripum/Documents/codeql-snyk-github-testing/codeql-and-workflows/codeqldb/working/jars/org/springframework/spring-context...
[2025-03-10 16:01:02] [PROGRESS] resolve files> Scanning /Users/pripum/Documents/codeql-snyk-github-testing/codeql-and-workflows/codeqldb/working/jars/org/springframework/spring-context/6.0.10...
[2025-03-10 16:01:02] [PROGRESS] resolve files> Scanning /Users/pripum/Documents/codeql-snyk-github-testing/codeql-and-workflows/codeqldb/working/jars/org/springframework/spring-beans...
[2025-03-10 16:01:02] [PROGRESS] resolve files> Scanning /Users/pripum/Documents/codeql-snyk-github-testing/codeql-and-workflows/codeqldb/working/jars/org/springframework/spring-beans/6.0.10...
[2025-03-10 16:01:02] [PROGRESS] resolve files> Scanning /Users/pripum/Documents/codeql-snyk-github-testing/codeql-and-workflows/codeqldb/working/jars/org/springframework/spring-core...
[2025-03-10 16:01:02] [PROGRESS] resolve files> Scanning /Users/pripum/Documents/codeql-snyk-github-testing/codeql-and-workflows/codeqldb/working/jars/org/springframework/spring-core/6.0.10...
[2025-03-10 16:01:02] [PROGRESS] resolve files> Scanning /Users/pripum/Documents/codeql-snyk-github-testing/codeql-and-workflows/codeqldb/working/jars/org/darkphoenixs...
[2025-03-10 16:01:02] [PROGRESS] resolve files> Scanning /Users/pripum/Documents/codeql-snyk-github-testing/codeql-and-workflows/codeqldb/working/jars/org/darkphoenixs/log4j...
[2025-03-10 16:01:02] [PROGRESS] resolve files> Scanning /Users/pripum/Documents/codeql-snyk-github-testing/codeql-and-workflows/codeqldb/working/jars/org/darkphoenixs/log4j/1.3.5...
[2025-03-10 16:01:02] [PROGRESS] resolve files> Scanning /Users/pripum/Documents/codeql-snyk-github-testing/codeql-and-workflows/codeqldb/working/jars/org/tinylog...
[2025-03-10 16:01:02] [PROGRESS] resolve files> Scanning /Users/pripum/Documents/codeql-snyk-github-testing/codeql-and-workflows/codeqldb/working/jars/org/tinylog/log4j-facade...
[2025-03-10 16:01:02] [PROGRESS] resolve files> Scanning /Users/pripum/Documents/codeql-snyk-github-testing/codeql-and-workflows/codeqldb/working/jars/org/tinylog/log4j-facade/1.3.6...
[2025-03-10 16:01:02] [PROGRESS] resolve files> Scanning /Users/pripum/Documents/codeql-snyk-github-testing/codeql-and-workflows/codeqldb/working/jars/org/apache...
[2025-03-10 16:01:02] [PROGRESS] resolve files> Scanning /Users/pripum/Documents/codeql-snyk-github-testing/codeql-and-workflows/codeqldb/working/jars/org/apache/geronimo...
[2025-03-10 16:01:02] [PROGRESS] resolve files> Scanning /Users/pripum/Documents/codeql-snyk-github-testing/codeql-and-workflows/codeqldb/working/jars/org/apache/geronimo/framework...
[2025-03-10 16:01:02] [PROGRESS] resolve files> Scanning /Users/pripum/Documents/codeql-snyk-github-testing/codeql-and-workflows/codeqldb/working/jars/org/apache/geronimo/framework/geronimo-pax-logging...
[2025-03-10 16:01:02] [PROGRESS] resolve files> Scanning /Users/pripum/Documents/codeql-snyk-github-testing/codeql-and-workflows/codeqldb/working/jars/org/apache/geronimo/framework/geronimo-pax-logging/3.0.1...
[2025-03-10 16:01:02] [PROGRESS] resolve files> Scanning /Users/pripum/Documents/codeql-snyk-github-testing/codeql-and-workflows/codeqldb/working/jars/org/apache/geronimo/specs...
[2025-03-10 16:01:02] [PROGRESS] resolve files> Scanning /Users/pripum/Documents/codeql-snyk-github-testing/codeql-and-workflows/codeqldb/working/jars/org/apache/geronimo/specs/geronimo-jaxb_2.2_spec...
[2025-03-10 16:01:02] [PROGRESS] resolve files> Scanning /Users/pripum/Documents/codeql-snyk-github-testing/codeql-and-workflows/codeqldb/working/jars/org/apache/geronimo/specs/geronimo-jaxb_2.2_spec/1.0.1...
[2025-03-10 16:01:02] [PROGRESS] resolve files> Scanning /Users/pripum/Documents/codeql-snyk-github-testing/codeql-and-workflows/codeqldb/working/jars/org/apache/logging...
[2025-03-10 16:01:02] [PROGRESS] resolve files> Scanning /Users/pripum/Documents/codeql-snyk-github-testing/codeql-and-workflows/codeqldb/working/jars/org/apache/logging/log4j...
[2025-03-10 16:01:02] [PROGRESS] resolve files> Scanning /Users/pripum/Documents/codeql-snyk-github-testing/codeql-and-workflows/codeqldb/working/jars/org/apache/logging/log4j/log4j-1.2-api...
[2025-03-10 16:01:02] [PROGRESS] resolve files> Scanning /Users/pripum/Documents/codeql-snyk-github-testing/codeql-and-workflows/codeqldb/working/jars/org/apache/logging/log4j/log4j-1.2-api/2.20.0...
[2025-03-10 16:01:02] [PROGRESS] resolve files> Scanning /Users/pripum/Documents/codeql-snyk-github-testing/codeql-and-workflows/codeqldb/working/jars/org/apache/logging/log4j/adapters...
[2025-03-10 16:01:02] [PROGRESS] resolve files> Scanning /Users/pripum/Documents/codeql-snyk-github-testing/codeql-and-workflows/codeqldb/working/jars/org/apache/logging/log4j/adapters/log4j-1.2-api...
[2025-03-10 16:01:02] [PROGRESS] resolve files> Scanning /Users/pripum/Documents/codeql-snyk-github-testing/codeql-and-workflows/codeqldb/working/jars/org/apache/logging/log4j/adapters/log4j-1.2-api/2.0-beta4...
[2025-03-10 16:01:02] [PROGRESS] resolve files> Scanning /Users/pripum/Documents/codeql-snyk-github-testing/codeql-and-workflows/codeqldb/working/jars/org/apache/logging/log4j/log4j12-api...
[2025-03-10 16:01:02] [PROGRESS] resolve files> Scanning /Users/pripum/Documents/codeql-snyk-github-testing/codeql-and-workflows/codeqldb/working/jars/org/apache/logging/log4j/log4j12-api/2.0-alpha2...
[2025-03-10 16:01:02] [PROGRESS] resolve files> Scanning /Users/pripum/Documents/codeql-snyk-github-testing/codeql-and-workflows/codeqldb/working/jars/ch...
[2025-03-10 16:01:02] [PROGRESS] resolve files> Scanning /Users/pripum/Documents/codeql-snyk-github-testing/codeql-and-workflows/codeqldb/working/jars/ch/qos...
[2025-03-10 16:01:02] [PROGRESS] resolve files> Scanning /Users/pripum/Documents/codeql-snyk-github-testing/codeql-and-workflows/codeqldb/working/jars/ch/qos/reload4j...
[2025-03-10 16:01:02] [PROGRESS] resolve files> Scanning /Users/pripum/Documents/codeql-snyk-github-testing/codeql-and-workflows/codeqldb/working/jars/ch/qos/reload4j/reload4j...
[2025-03-10 16:01:02] [PROGRESS] resolve files> Scanning /Users/pripum/Documents/codeql-snyk-github-testing/codeql-and-workflows/codeqldb/working/jars/ch/qos/reload4j/reload4j/1.2.25...
[2025-03-10 16:01:02] [PROGRESS] resolve files> Scanning /Users/pripum/Documents/codeql-snyk-github-testing/codeql-and-workflows/codeqldb/working/jars/ch/qos/logback...
[2025-03-10 16:01:02] [PROGRESS] resolve files> Scanning /Users/pripum/Documents/codeql-snyk-github-testing/codeql-and-workflows/codeqldb/working/jars/ch/qos/logback/log4j-bridge...
[2025-03-10 16:01:02] [PROGRESS] resolve files> Scanning /Users/pripum/Documents/codeql-snyk-github-testing/codeql-and-workflows/codeqldb/working/jars/ch/qos/logback/log4j-bridge/0.9.7...
[2025-03-10 16:01:02] [PROGRESS] resolve files> Scanning /Users/pripum/Documents/codeql-snyk-github-testing/codeql-and-workflows/codeqldb/working/jars/io...
[2025-03-10 16:01:02] [PROGRESS] resolve files> Scanning /Users/pripum/Documents/codeql-snyk-github-testing/codeql-and-workflows/codeqldb/working/jars/io/kwy...
[2025-03-10 16:01:02] [PROGRESS] resolve files> Scanning /Users/pripum/Documents/codeql-snyk-github-testing/codeql-and-workflows/codeqldb/working/jars/io/kwy/boot...
[2025-03-10 16:01:02] [PROGRESS] resolve files> Scanning /Users/pripum/Documents/codeql-snyk-github-testing/codeql-and-workflows/codeqldb/working/jars/io/kwy/boot/spring-boot-autoconfigure...
[2025-03-10 16:01:02] [PROGRESS] resolve files> Scanning /Users/pripum/Documents/codeql-snyk-github-testing/codeql-and-workflows/codeqldb/working/jars/io/kwy/boot/spring-boot-autoconfigure/1.5.3.1.RELEASE...
[2025-03-10 16:01:02] [PROGRESS] resolve files> Scanning /Users/pripum/Documents/codeql-snyk-github-testing/codeql-and-workflows/codeqldb/working/jars/io/github...
[2025-03-10 16:01:02] [PROGRESS] resolve files> Scanning /Users/pripum/Documents/codeql-snyk-github-testing/codeql-and-workflows/codeqldb/working/jars/io/github/penggle...
[2025-03-10 16:01:02] [PROGRESS] resolve files> Scanning /Users/pripum/Documents/codeql-snyk-github-testing/codeql-and-workflows/codeqldb/working/jars/io/github/penggle/mds-spring-boot-autoconfigure...
[2025-03-10 16:01:02] [PROGRESS] resolve files> Scanning /Users/pripum/Documents/codeql-snyk-github-testing/codeql-and-workflows/codeqldb/working/jars/io/github/penggle/mds-spring-boot-autoconfigure/2.1...
[2025-03-10 16:01:02] [PROGRESS] resolve files> Scanning /Users/pripum/Documents/codeql-snyk-github-testing/codeql-and-workflows/codeqldb/working/jars/springframework...
[2025-03-10 16:01:02] [PROGRESS] resolve files> Scanning /Users/pripum/Documents/codeql-snyk-github-testing/codeql-and-workflows/codeqldb/working/jars/springframework/spring-web...
[2025-03-10 16:01:02] [PROGRESS] resolve files> Scanning /Users/pripum/Documents/codeql-snyk-github-testing/codeql-and-workflows/codeqldb/working/jars/springframework/spring-web/1.2.6...
[2025-03-10 16:01:02] [PROGRESS] resolve files> Scanning /Users/pripum/Documents/codeql-snyk-github-testing/codeql-and-workflows/codeqldb/working/jars/springframework/spring-beans...
[2025-03-10 16:01:02] [PROGRESS] resolve files> Scanning /Users/pripum/Documents/codeql-snyk-github-testing/codeql-and-workflows/codeqldb/working/jars/springframework/spring-beans/1.2.6...
[2025-03-10 16:01:02] [PROGRESS] resolve files> Scanning /Users/pripum/Documents/codeql-snyk-github-testing/codeql-and-workflows/codeqldb/working/jars/springframework/spring-core...
[2025-03-10 16:01:02] [PROGRESS] resolve files> Scanning /Users/pripum/Documents/codeql-snyk-github-testing/codeql-and-workflows/codeqldb/working/jars/springframework/spring-core/1.2.6...
[2025-03-10 16:01:02] [PROGRESS] resolve files> Scanning /Users/pripum/Documents/codeql-snyk-github-testing/codeql-and-workflows/codeqldb/working/jars/javax...
[2025-03-10 16:01:02] [PROGRESS] resolve files> Scanning /Users/pripum/Documents/codeql-snyk-github-testing/codeql-and-workflows/codeqldb/working/jars/javax/servlet...
[2025-03-10 16:01:02] [PROGRESS] resolve files> Scanning /Users/pripum/Documents/codeql-snyk-github-testing/codeql-and-workflows/codeqldb/working/jars/javax/servlet/javax.servlet-api...
[2025-03-10 16:01:02] [PROGRESS] resolve files> Scanning /Users/pripum/Documents/codeql-snyk-github-testing/codeql-and-workflows/codeqldb/working/jars/javax/servlet/javax.servlet-api/4.0.1...
[2025-03-10 16:01:02] [PROGRESS] resolve files> Scanning /Users/pripum/Documents/codeql-snyk-github-testing/codeql-and-workflows/codeqldb/working/jars/javax/mail...
[2025-03-10 16:01:02] [PROGRESS] resolve files> Scanning /Users/pripum/Documents/codeql-snyk-github-testing/codeql-and-workflows/codeqldb/working/jars/javax/mail/javax.mail-api...
[2025-03-10 16:01:02] [PROGRESS] resolve files> Scanning /Users/pripum/Documents/codeql-snyk-github-testing/codeql-and-workflows/codeqldb/working/jars/javax/mail/javax.mail-api/1.6.2...
[2025-03-10 16:01:02] [PROGRESS] resolve files> Scanning /Users/pripum/Documents/codeql-snyk-github-testing/codeql-and-workflows/codeqldb/working/jars/javax/xml...
[2025-03-10 16:01:02] [PROGRESS] resolve files> Scanning /Users/pripum/Documents/codeql-snyk-github-testing/codeql-and-workflows/codeqldb/working/jars/javax/xml/bind...
[2025-03-10 16:01:02] [PROGRESS] resolve files> Scanning /Users/pripum/Documents/codeql-snyk-github-testing/codeql-and-workflows/codeqldb/working/jars/javax/xml/bind/jaxb-api...
[2025-03-10 16:01:02] [PROGRESS] resolve files> Scanning /Users/pripum/Documents/codeql-snyk-github-testing/codeql-and-workflows/codeqldb/working/jars/javax/xml/bind/jaxb-api/2.4.0-b180830.0359...
[2025-03-10 16:01:02] [PROGRESS] resolve files> Scanning /Users/pripum/Documents/codeql-snyk-github-testing/codeql-and-workflows/codeqldb/working/jars/ai...
[2025-03-10 16:01:02] [PROGRESS] resolve files> Scanning /Users/pripum/Documents/codeql-snyk-github-testing/codeql-and-workflows/codeqldb/working/jars/ai/h2o...
[2025-03-10 16:01:02] [PROGRESS] resolve files> Scanning /Users/pripum/Documents/codeql-snyk-github-testing/codeql-and-workflows/codeqldb/working/jars/ai/h2o/h2o-logging-impl-classic...
[2025-03-10 16:01:02] [PROGRESS] resolve files> Scanning /Users/pripum/Documents/codeql-snyk-github-testing/codeql-and-workflows/codeqldb/working/jars/ai/h2o/h2o-logging-impl-classic/3.42.0.1...
[2025-03-10 16:01:02] [PROGRESS] resolve files> Scanning /Users/pripum/Documents/codeql-snyk-github-testing/codeql-and-workflows/codeqldb/working/jars/de...
[2025-03-10 16:01:02] [PROGRESS] resolve files> Scanning /Users/pripum/Documents/codeql-snyk-github-testing/codeql-and-workflows/codeqldb/working/jars/de/mhus...
[2025-03-10 16:01:02] [PROGRESS] resolve files> Scanning /Users/pripum/Documents/codeql-snyk-github-testing/codeql-and-workflows/codeqldb/working/jars/de/mhus/ports...
[2025-03-10 16:01:02] [PROGRESS] resolve files> Scanning /Users/pripum/Documents/codeql-snyk-github-testing/codeql-and-workflows/codeqldb/working/jars/de/mhus/ports/ports-javaxmail...
[2025-03-10 16:01:02] [PROGRESS] resolve files> Scanning /Users/pripum/Documents/codeql-snyk-github-testing/codeql-and-workflows/codeqldb/working/jars/de/mhus/ports/ports-javaxmail/7.2.0...
[2025-03-10 16:01:02] [PROGRESS] resolve files> Scanning /Users/pripum/Documents/codeql-snyk-github-testing/codeql-and-workflows/codeqldb/working/jars/log4j...
[2025-03-10 16:01:02] [PROGRESS] resolve files> Scanning /Users/pripum/Documents/codeql-snyk-github-testing/codeql-and-workflows/codeqldb/working/jars/log4j/apache-log4j-extras...
[2025-03-10 16:01:02] [PROGRESS] resolve files> Scanning /Users/pripum/Documents/codeql-snyk-github-testing/codeql-and-workflows/codeqldb/working/jars/log4j/apache-log4j-extras/1.2.17...
[2025-03-10 16:01:02] [PROGRESS] resolve files> Scanning /Users/pripum/Documents/codeql-snyk-github-testing/codeql-and-workflows/codeqldb/working/jars/geronimo-spec...
[2025-03-10 16:01:02] [PROGRESS] resolve files> Scanning /Users/pripum/Documents/codeql-snyk-github-testing/codeql-and-workflows/codeqldb/working/jars/geronimo-spec/geronimo-spec-javamail...
[2025-03-10 16:01:02] [PROGRESS] resolve files> Scanning /Users/pripum/Documents/codeql-snyk-github-testing/codeql-and-workflows/codeqldb/working/jars/geronimo-spec/geronimo-spec-javamail/1.3.1-rc5...
[2025-03-10 16:01:02] [PROGRESS] resolve files> Scanning /Users/pripum/Documents/codeql-snyk-github-testing/codeql-and-workflows/codeqldb/working/jars/com...
[2025-03-10 16:01:02] [PROGRESS] resolve files> Scanning /Users/pripum/Documents/codeql-snyk-github-testing/codeql-and-workflows/codeqldb/working/jars/com/liferay...
[2025-03-10 16:01:02] [PROGRESS] resolve files> Scanning /Users/pripum/Documents/codeql-snyk-github-testing/codeql-and-workflows/codeqldb/working/jars/com/liferay/org.springframework.context...
[2025-03-10 16:01:02] [PROGRESS] resolve files> Scanning /Users/pripum/Documents/codeql-snyk-github-testing/codeql-and-workflows/codeqldb/working/jars/com/liferay/org.springframework.context/4.3.30.LIFERAY-PATCHED-1...
[2025-03-10 16:01:02] [PROGRESS] resolve files> Scanning /Users/pripum/Documents/codeql-snyk-github-testing/codeql-and-workflows/codeqldb/working/jars/com/liferay/org.springframework.beans...
[2025-03-10 16:01:02] [PROGRESS] resolve files> Scanning /Users/pripum/Documents/codeql-snyk-github-testing/codeql-and-workflows/codeqldb/working/jars/com/liferay/org.springframework.beans/5.2.24.LIFERAY-PATCHED-1...
[2025-03-10 16:01:02] [PROGRESS] resolve files> Scanning /Users/pripum/Documents/codeql-snyk-github-testing/codeql-and-workflows/codeqldb/working/jars/com/hynnet...
[2025-03-10 16:01:02] [PROGRESS] resolve files> Scanning /Users/pripum/Documents/codeql-snyk-github-testing/codeql-and-workflows/codeqldb/working/jars/com/hynnet/spring-context...
[2025-03-10 16:01:02] [PROGRESS] resolve files> Scanning /Users/pripum/Documents/codeql-snyk-github-testing/codeql-and-workflows/codeqldb/working/jars/com/hynnet/spring-context/4.2.1.RELEASE...
[2025-03-10 16:01:02] [PROGRESS] resolve files> Scanning /Users/pripum/Documents/codeql-snyk-github-testing/codeql-and-workflows/codeqldb/working/jars/com/hynnet/spring-beans...
[2025-03-10 16:01:02] [PROGRESS] resolve files> Scanning /Users/pripum/Documents/codeql-snyk-github-testing/codeql-and-workflows/codeqldb/working/jars/com/hynnet/spring-beans/4.2.1.RELEASE...
[2025-03-10 16:01:02] [PROGRESS] resolve files> Scanning /Users/pripum/Documents/codeql-snyk-github-testing/codeql-and-workflows/codeqldb/working/jars/com/hynnet/javax.servlet-api...
[2025-03-10 16:01:02] [PROGRESS] resolve files> Scanning /Users/pripum/Documents/codeql-snyk-github-testing/codeql-and-workflows/codeqldb/working/jars/com/hynnet/javax.servlet-api/4.0.0-b01...
[2025-03-10 16:01:02] [PROGRESS] resolve files> Scanning /Users/pripum/Documents/codeql-snyk-github-testing/codeql-and-workflows/codeqldb/working/jars/com/hynnet/spring-core...
[2025-03-10 16:01:02] [PROGRESS] resolve files> Scanning /Users/pripum/Documents/codeql-snyk-github-testing/codeql-and-workflows/codeqldb/working/jars/com/hynnet/spring-core/4.2.1.RELEASE...
[2025-03-10 16:01:02] [PROGRESS] resolve files> Scanning /Users/pripum/Documents/codeql-snyk-github-testing/codeql-and-workflows/codeqldb/working/jars/com/google...
[2025-03-10 16:01:02] [PROGRESS] resolve files> Scanning /Users/pripum/Documents/codeql-snyk-github-testing/codeql-and-workflows/codeqldb/working/jars/com/google/appengine...
[2025-03-10 16:01:02] [PROGRESS] resolve files> Scanning /Users/pripum/Documents/codeql-snyk-github-testing/codeql-and-workflows/codeqldb/working/jars/com/google/appengine/geronimo-javamail_1.4_spec...
[2025-03-10 16:01:02] [PROGRESS] resolve files> Scanning /Users/pripum/Documents/codeql-snyk-github-testing/codeql-and-workflows/codeqldb/working/jars/com/google/appengine/geronimo-javamail_1.4_spec/1.4.4...
[2025-03-10 16:01:02] [PROGRESS] resolve files> Scanning /Users/pripum/Documents/codeql-snyk-github-testing/codeql-and-workflows/codeqldb/working/jars/com/github...
[2025-03-10 16:01:02] [PROGRESS] resolve files> Scanning /Users/pripum/Documents/codeql-snyk-github-testing/codeql-and-workflows/codeqldb/working/jars/com/github/jimsp...
[2025-03-10 16:01:02] [PROGRESS] resolve files> Scanning /Users/pripum/Documents/codeql-snyk-github-testing/codeql-and-workflows/codeqldb/working/jars/com/github/jimsp/jorchestra-spring-boot-autoconfigure...
[2025-03-10 16:01:02] [PROGRESS] resolve files> Scanning /Users/pripum/Documents/codeql-snyk-github-testing/codeql-and-workflows/codeqldb/working/jars/com/github/jimsp/jorchestra-spring-boot-autoconfigure/0.0.1...
[2025-03-10 16:01:02] [PROGRESS] resolve files> Scanning /Users/pripum/Documents/codeql-snyk-github-testing/codeql-and-workflows/codeqldb/working/jars/com/github/susom...
[2025-03-10 16:01:02] [PROGRESS] resolve files> Scanning /Users/pripum/Documents/codeql-snyk-github-testing/codeql-and-workflows/codeqldb/working/jars/com/github/susom/server-logging...
[2025-03-10 16:01:02] [PROGRESS] resolve files> Scanning /Users/pripum/Documents/codeql-snyk-github-testing/codeql-and-workflows/codeqldb/working/jars/com/github/susom/server-logging/1.1...
[2025-03-10 16:01:02] [PROGRESS] resolve files> Scanning /Users/pripum/Documents/codeql-snyk-github-testing/codeql-and-workflows/codeqldb/working/jars/com/github/247-ai...
[2025-03-10 16:01:02] [PROGRESS] resolve files> Scanning /Users/pripum/Documents/codeql-snyk-github-testing/codeql-and-workflows/codeqldb/working/jars/com/github/247-ai/Flashml-Log-Server...
[2025-03-10 16:01:02] [PROGRESS] resolve files> Scanning /Users/pripum/Documents/codeql-snyk-github-testing/codeql-and-workflows/codeqldb/working/jars/com/github/247-ai/Flashml-Log-Server/1.0...
[2025-03-10 16:01:02] [PROGRESS] resolve files> Scanning /Users/pripum/Documents/codeql-snyk-github-testing/codeql-and-workflows/codeqldb/working/jars/com/github/spt-oss...
[2025-03-10 16:01:02] [PROGRESS] resolve files> Scanning /Users/pripum/Documents/codeql-snyk-github-testing/codeql-and-workflows/codeqldb/working/jars/com/github/spt-oss/spring-boot-starter-json-plus...
[2025-03-10 16:01:02] [PROGRESS] resolve files> Scanning /Users/pripum/Documents/codeql-snyk-github-testing/codeql-and-workflows/codeqldb/working/jars/com/github/spt-oss/spring-boot-starter-json-plus/2.0.2.0...
[2025-03-10 16:01:02] [PROGRESS] resolve files> Scanning /Users/pripum/Documents/codeql-snyk-github-testing/codeql-and-workflows/codeqldb/working/jars/com/github/spt-oss/spring-boot-starter-plus...
[2025-03-10 16:01:02] [PROGRESS] resolve files> Scanning /Users/pripum/Documents/codeql-snyk-github-testing/codeql-and-workflows/codeqldb/working/jars/com/github/spt-oss/spring-boot-starter-plus/2.0.2.0...
[2025-03-10 16:01:02] [PROGRESS] resolve files> Scanning /Users/pripum/Documents/codeql-snyk-github-testing/codeql-and-workflows/codeqldb/working/jars/com/bbossgroups...
[2025-03-10 16:01:02] [PROGRESS] resolve files> Scanning /Users/pripum/Documents/codeql-snyk-github-testing/codeql-and-workflows/codeqldb/working/jars/com/bbossgroups/plugins...
[2025-03-10 16:01:02] [PROGRESS] resolve files> Scanning /Users/pripum/Documents/codeql-snyk-github-testing/codeql-and-workflows/codeqldb/working/jars/com/bbossgroups/plugins/bboss-plugin-log4j...
[2025-03-10 16:01:02] [PROGRESS] resolve files> Scanning /Users/pripum/Documents/codeql-snyk-github-testing/codeql-and-workflows/codeqldb/working/jars/com/bbossgroups/plugins/bboss-plugin-log4j/6.1.8...
[2025-03-10 16:01:02] [PROGRESS] resolve files> Scanning /Users/pripum/Documents/codeql-snyk-github-testing/codeql-and-workflows/codeqldb/working/jars/spring...
[2025-03-10 16:01:02] [PROGRESS] resolve files> Scanning /Users/pripum/Documents/codeql-snyk-github-testing/codeql-and-workflows/codeqldb/working/jars/spring/spring...
[2025-03-10 16:01:02] [PROGRESS] resolve files> Scanning /Users/pripum/Documents/codeql-snyk-github-testing/codeql-and-workflows/codeqldb/working/jars/spring/spring/1.0.2...
[2025-03-10 16:01:02] [PROGRESS] resolve files> Scanning /Users/pripum/Documents/codeql-snyk-github-testing/codeql-and-workflows/codeqldb/working/java-standalone-dependency-graph12254083909330441074...
[2025-03-10 16:01:02] [PROGRESS] resolve files> Scanning /Users/pripum/Documents/codeql-snyk-github-testing/codeql-and-workflows/codeqldb/trap...
[2025-03-10 16:01:02] [PROGRESS] resolve files> Scanning /Users/pripum/Documents/codeql-snyk-github-testing/codeql-and-workflows/codeqldb/trap/java...
[2025-03-10 16:01:02] [PROGRESS] resolve files> Scanning /Users/pripum/Documents/codeql-snyk-github-testing/codeql-and-workflows/codeqldb/trap/java/classes...
[2025-03-10 16:01:02] [PROGRESS] resolve files> Scanning /Users/pripum/Documents/codeql-snyk-github-testing/codeql-and-workflows/codeqldb/trap/java/classes/sun...
[2025-03-10 16:01:02] [PROGRESS] resolve files> Scanning /Users/pripum/Documents/codeql-snyk-github-testing/codeql-and-workflows/codeqldb/trap/java/classes/sun/util...
[2025-03-10 16:01:02] [PROGRESS] resolve files> Scanning /Users/pripum/Documents/codeql-snyk-github-testing/codeql-and-workflows/codeqldb/trap/java/classes/sun/util/locale...
[2025-03-10 16:01:02] [PROGRESS] resolve files> Scanning /Users/pripum/Documents/codeql-snyk-github-testing/codeql-and-workflows/codeqldb/trap/java/classes/sun/util/locale/Extension.members...
[2025-03-10 16:01:02] [PROGRESS] resolve files> Scanning /Users/pripum/Documents/codeql-snyk-github-testing/codeql-and-workflows/codeqldb/trap/java/classes/sun/util/locale/ParseStatus.members...
[2025-03-10 16:01:02] [PROGRESS] resolve files> Scanning /Users/pripum/Documents/codeql-snyk-github-testing/codeql-and-workflows/codeqldb/trap/java/classes/sun/util/locale/BaseLocale.members...
[2025-03-10 16:01:02] [PROGRESS] resolve files> Scanning /Users/pripum/Documents/codeql-snyk-github-testing/codeql-and-workflows/codeqldb/trap/java/classes/sun/util/locale/LocaleExtensions.members...
[2025-03-10 16:01:02] [PROGRESS] resolve files> Scanning /Users/pripum/Documents/codeql-snyk-github-testing/codeql-and-workflows/codeqldb/trap/java/classes/sun/util/locale/InternalLocaleBuilder$CaseInsensitiveChar.members...
[2025-03-10 16:01:02] [PROGRESS] resolve files> Scanning /Users/pripum/Documents/codeql-snyk-github-testing/codeql-and-workflows/codeqldb/trap/java/classes/sun/util/locale/InternalLocaleBuilder$CaseInsensitiveString.members...
[2025-03-10 16:01:02] [PROGRESS] resolve files> Scanning /Users/pripum/Documents/codeql-snyk-github-testing/codeql-and-workflows/codeqldb/trap/java/classes/sun/util/locale/LanguageTag.members...
[2025-03-10 16:01:02] [PROGRESS] resolve files> Scanning /Users/pripum/Documents/codeql-snyk-github-testing/codeql-and-workflows/codeqldb/trap/java/classes/sun/util/locale/InternalLocaleBuilder.members...
[2025-03-10 16:01:02] [PROGRESS] resolve files> Scanning /Users/pripum/Documents/codeql-snyk-github-testing/codeql-and-workflows/codeqldb/trap/java/classes/sun/util/locale/LocaleSyntaxException.members...
[2025-03-10 16:01:02] [PROGRESS] resolve files> Scanning /Users/pripum/Documents/codeql-snyk-github-testing/codeql-and-workflows/codeqldb/trap/java/classes/sun/security...
[2025-03-10 16:01:02] [PROGRESS] resolve files> Scanning /Users/pripum/Documents/codeql-snyk-github-testing/codeql-and-workflows/codeqldb/trap/java/classes/sun/security/util...
[2025-03-10 16:01:02] [PROGRESS] resolve files> Scanning /Users/pripum/Documents/codeql-snyk-github-testing/codeql-and-workflows/codeqldb/trap/java/classes/sun/security/util/Debug.members...
[2025-03-10 16:01:02] [PROGRESS] resolve files> Scanning /Users/pripum/Documents/codeql-snyk-github-testing/codeql-and-workflows/codeqldb/trap/java/classes/sun/invoke...
[2025-03-10 16:01:02] [PROGRESS] resolve files> Scanning /Users/pripum/Documents/codeql-snyk-github-testing/codeql-and-workflows/codeqldb/trap/java/classes/sun/invoke/empty...
[2025-03-10 16:01:02] [PROGRESS] resolve files> Scanning /Users/pripum/Documents/codeql-snyk-github-testing/codeql-and-workflows/codeqldb/trap/java/classes/sun/invoke/empty/Empty.members...
[2025-03-10 16:01:02] [PROGRESS] resolve files> Scanning /Users/pripum/Documents/codeql-snyk-github-testing/codeql-and-workflows/codeqldb/trap/java/classes/sun/invoke/util...
[2025-03-10 16:01:02] [PROGRESS] resolve files> Scanning /Users/pripum/Documents/codeql-snyk-github-testing/codeql-and-workflows/codeqldb/trap/java/classes/sun/invoke/util/Wrapper.members...
[2025-03-10 16:01:02] [PROGRESS] resolve files> Scanning /Users/pripum/Documents/codeql-snyk-github-testing/codeql-and-workflows/codeqldb/trap/java/classes/sun/reflect...
[2025-03-10 16:01:02] [PROGRESS] resolve files> Scanning /Users/pripum/Documents/codeql-snyk-github-testing/codeql-and-workflows/codeqldb/trap/java/classes/sun/reflect/generics...
[2025-03-10 16:01:02] [PROGRESS] resolve files> Scanning /Users/pripum/Documents/codeql-snyk-github-testing/codeql-and-workflows/codeqldb/trap/java/classes/sun/reflect/generics/tree...
[2025-03-10 16:01:02] [PROGRESS] resolve files> Scanning /Users/pripum/Documents/codeql-snyk-github-testing/codeql-and-workflows/codeqldb/trap/java/classes/sun/reflect/generics/tree/ShortSignature.members...
[2025-03-10 16:01:02] [PROGRESS] resolve files> Scanning /Users/pripum/Documents/codeql-snyk-github-testing/codeql-and-workflows/codeqldb/trap/java/classes/sun/reflect/generics/tree/ArrayTypeSignature.members...
[2025-03-10 16:01:02] [PROGRESS] resolve files> Scanning /Users/pripum/Documents/codeql-snyk-github-testing/codeql-and-workflows/codeqldb/trap/java/classes/sun/reflect/generics/tree/TypeArgument.members...
[2025-03-10 16:01:02] [PROGRESS] resolve files> Scanning /Users/pripum/Documents/codeql-snyk-github-testing/codeql-and-workflows/codeqldb/trap/java/classes/sun/reflect/generics/tree/Wildcard.members...
[2025-03-10 16:01:02] [PROGRESS] resolve files> Scanning /Users/pripum/Documents/codeql-snyk-github-testing/codeql-and-workflows/codeqldb/trap/java/classes/sun/reflect/generics/tree/TypeSignature.members...
[2025-03-10 16:01:02] [PROGRESS] resolve files> Scanning /Users/pripum/Documents/codeql-snyk-github-testing/codeql-and-workflows/codeqldb/trap/java/classes/sun/reflect/generics/tree/ByteSignature.members...
[2025-03-10 16:01:02] [PROGRESS] resolve files> Scanning /Users/pripum/Documents/codeql-snyk-github-testing/codeql-and-workflows/codeqldb/trap/java/classes/sun/reflect/generics/tree/TypeVariableSignature.members...
[2025-03-10 16:01:02] [PROGRESS] resolve files> Scanning /Users/pripum/Documents/codeql-snyk-github-testing/codeql-and-workflows/codeqldb/trap/java/classes/sun/reflect/generics/tree/CharSignature.members...
[2025-03-10 16:01:02] [PROGRESS] resolve files> Scanning /Users/pripum/Documents/codeql-snyk-github-testing/codeql-and-workflows/codeqldb/trap/java/classes/sun/reflect/generics/tree/LongSignature.members...
[2025-03-10 16:01:02] [PROGRESS] resolve files> Scanning /Users/pripum/Documents/codeql-snyk-github-testing/codeql-and-workflows/codeqldb/trap/java/classes/sun/reflect/generics/tree/IntSignature.members...
[2025-03-10 16:01:02] [PROGRESS] resolve files> Scanning /Users/pripum/Documents/codeql-snyk-github-testing/codeql-and-workflows/codeqldb/trap/java/classes/sun/reflect/generics/tree/MethodTypeSignature.members...
[2025-03-10 16:01:02] [PROGRESS] resolve files> Scanning /Users/pripum/Documents/codeql-snyk-github-testing/codeql-and-workflows/codeqldb/trap/java/classes/sun/reflect/generics/tree/FormalTypeParameter.members...
[2025-03-10 16:01:02] [PROGRESS] resolve files> Scanning /Users/pripum/Documents/codeql-snyk-github-testing/codeql-and-workflows/codeqldb/trap/java/classes/sun/reflect/generics/tree/DoubleSignature.members...
[2025-03-10 16:01:02] [PROGRESS] resolve files> Scanning /Users/pripum/Documents/codeql-snyk-github-testing/codeql-and-workflows/codeqldb/trap/java/classes/sun/reflect/generics/tree/VoidDescriptor.members...
[2025-03-10 16:01:02] [PROGRESS] resolve files> Scanning /Users/pripum/Documents/codeql-snyk-github-testing/codeql-and-workflows/codeqldb/trap/java/classes/sun/reflect/generics/tree/FloatSignature.members...
[2025-03-10 16:01:02] [PROGRESS] resolve files> Scanning /Users/pripum/Documents/codeql-snyk-github-testing/codeql-and-workflows/codeqldb/trap/java/classes/sun/reflect/generics/tree/BottomSignature.members...
[2025-03-10 16:01:02] [PROGRESS] resolve files> Scanning /Users/pripum/Documents/codeql-snyk-github-testing/codeql-and-workflows/codeqldb/trap/java/classes/sun/reflect/generics/tree/ClassSignature.members...
[2025-03-10 16:01:02] [PROGRESS] resolve files> Scanning /Users/pripum/Documents/codeql-snyk-github-testing/codeql-and-workflows/codeqldb/trap/java/classes/sun/reflect/generics/tree/FieldTypeSignature.members...
[2025-03-10 16:01:02] [PROGRESS] resolve files> Scanning /Users/pripum/Documents/codeql-snyk-github-testing/codeql-and-workflows/codeqldb/trap/java/classes/sun/reflect/generics/tree/ReturnType.members...
[2025-03-10 16:01:02] [PROGRESS] resolve files> Scanning /Users/pripum/Documents/codeql-snyk-github-testing/codeql-and-workflows/codeqldb/trap/java/classes/sun/reflect/generics/tree/SimpleClassTypeSignature.members...
[2025-03-10 16:01:02] [PROGRESS] resolve files> Scanning /Users/pripum/Documents/codeql-snyk-github-testing/codeql-and-workflows/codeqldb/trap/java/classes/sun/reflect/generics/tree/Signature.members...
[2025-03-10 16:01:02] [PROGRESS] resolve files> Scanning /Users/pripum/Documents/codeql-snyk-github-testing/codeql-and-workflows/codeqldb/trap/java/classes/sun/reflect/generics/tree/ClassTypeSignature.members...
[2025-03-10 16:01:02] [PROGRESS] resolve files> Scanning /Users/pripum/Documents/codeql-snyk-github-testing/codeql-and-workflows/codeqldb/trap/java/classes/sun/reflect/generics/tree/TypeTree.members...
[2025-03-10 16:01:02] [PROGRESS] resolve files> Scanning /Users/pripum/Documents/codeql-snyk-github-testing/codeql-and-workflows/codeqldb/trap/java/classes/sun/reflect/generics/tree/BaseType.members...
[2025-03-10 16:01:02] [PROGRESS] resolve files> Scanning /Users/pripum/Documents/codeql-snyk-github-testing/codeql-and-workflows/codeqldb/trap/java/classes/sun/reflect/generics/tree/Tree.members...
[2025-03-10 16:01:02] [PROGRESS] resolve files> Scanning /Users/pripum/Documents/codeql-snyk-github-testing/codeql-and-workflows/codeqldb/trap/java/classes/sun/reflect/generics/tree/BooleanSignature.members...
[2025-03-10 16:01:02] [PROGRESS] resolve files> Scanning /Users/pripum/Documents/codeql-snyk-github-testing/codeql-and-workflows/codeqldb/trap/java/classes/sun/reflect/generics/repository...
[2025-03-10 16:01:02] [PROGRESS] resolve files> Scanning /Users/pripum/Documents/codeql-snyk-github-testing/codeql-and-workflows/codeqldb/trap/java/classes/sun/reflect/generics/repository/AbstractRepository.members...
[2025-03-10 16:01:02] [PROGRESS] resolve files> Scanning /Users/pripum/Documents/codeql-snyk-github-testing/codeql-and-workflows/codeqldb/trap/java/classes/sun/reflect/generics/repository/MethodRepository.members...
[2025-03-10 16:01:02] [PROGRESS] resolve files> Scanning /Users/pripum/Documents/codeql-snyk-github-testing/codeql-and-workflows/codeqldb/trap/java/classes/sun/reflect/generics/repository/ConstructorRepository.members...
[2025-03-10 16:01:02] [PROGRESS] resolve files> Scanning /Users/pripum/Documents/codeql-snyk-github-testing/codeql-and-workflows/codeqldb/trap/java/classes/sun/reflect/generics/repository/GenericDeclRepository.members...
[2025-03-10 16:01:02] [PROGRESS] resolve files> Scanning /Users/pripum/Documents/codeql-snyk-github-testing/codeql-and-workflows/codeqldb/trap/java/classes/sun/reflect/generics/visitor...
[2025-03-10 16:01:02] [PROGRESS] resolve files> Scanning /Users/pripum/Documents/codeql-snyk-github-testing/codeql-and-workflows/codeqldb/trap/java/classes/sun/reflect/generics/visitor/Visitor.members...
[2025-03-10 16:01:02] [PROGRESS] resolve files> Scanning /Users/pripum/Documents/codeql-snyk-github-testing/codeql-and-workflows/codeqldb/trap/java/classes/sun/reflect/generics/visitor/Reifier.members...
[2025-03-10 16:01:02] [PROGRESS] resolve files> Scanning /Users/pripum/Documents/codeql-snyk-github-testing/codeql-and-workflows/codeqldb/trap/java/classes/sun/reflect/generics/visitor/TypeTreeVisitor.members...
[2025-03-10 16:01:02] [PROGRESS] resolve files> Scanning /Users/pripum/Documents/codeql-snyk-github-testing/codeql-and-workflows/codeqldb/trap/java/classes/sun/reflect/generics/factory...
[2025-03-10 16:01:02] [PROGRESS] resolve files> Scanning /Users/pripum/Documents/codeql-snyk-github-testing/codeql-and-workflows/codeqldb/trap/java/classes/sun/reflect/generics/factory/GenericsFactory.members...
[2025-03-10 16:01:02] [PROGRESS] resolve files> Scanning /Users/pripum/Documents/codeql-snyk-github-testing/codeql-and-workflows/codeqldb/trap/java/classes/sun/reflect/annotation...
[2025-03-10 16:01:02] [PROGRESS] resolve files> Scanning /Users/pripum/Documents/codeql-snyk-github-testing/codeql-and-workflows/codeqldb/trap/java/classes/sun/reflect/annotation/AnnotationType.members...
[2025-03-10 16:01:02] [PROGRESS] resolve files> Scanning /Users/pripum/Documents/codeql-snyk-github-testing/codeql-and-workflows/codeqldb/trap/java/classes/sun/nio...
[2025-03-10 16:01:02] [PROGRESS] resolve files> Scanning /Users/pripum/Documents/codeql-snyk-github-testing/codeql-and-workflows/codeqldb/trap/java/classes/sun/nio/ch...
[2025-03-10 16:01:02] [PROGRESS] resolve files> Scanning /Users/pripum/Documents/codeql-snyk-github-testing/codeql-and-workflows/codeqldb/trap/java/classes/sun/nio/ch/DirectBuffer.members...
[2025-03-10 16:01:02] [PROGRESS] resolve files> Scanning /Users/pripum/Documents/codeql-snyk-github-testing/codeql-and-workflows/codeqldb/trap/java/classes/sun/nio/ch/Interruptible.members...
[2025-03-10 16:01:02] [PROGRESS] resolve files> Scanning /Users/pripum/Documents/codeql-snyk-github-testing/codeql-and-workflows/codeqldb/trap/java/classes/jdk...
[2025-03-10 16:01:02] [PROGRESS] resolve files> Scanning /Users/pripum/Documents/codeql-snyk-github-testing/codeql-and-workflows/codeqldb/trap/java/classes/jdk/internal...
[2025-03-10 16:01:02] [PROGRESS] resolve files> Scanning /Users/pripum/Documents/codeql-snyk-github-testing/codeql-and-workflows/codeqldb/trap/java/classes/jdk/internal/misc...
[2025-03-10 16:01:02] [PROGRESS] resolve files> Scanning /Users/pripum/Documents/codeql-snyk-github-testing/codeql-and-workflows/codeqldb/trap/java/classes/jdk/internal/misc/VM$BufferPool.members...
[2025-03-10 16:01:02] [PROGRESS] resolve files> Scanning /Users/pripum/Documents/codeql-snyk-github-testing/codeql-and-workflows/codeqldb/trap/java/classes/jdk/internal/misc/ScopedMemoryAccess$ScopedAccessError.members...
[2025-03-10 16:01:02] [PROGRESS] resolve files> Scanning /Users/pripum/Documents/codeql-snyk-github-testing/codeql-and-workflows/codeqldb/trap/java/classes/jdk/internal/misc/ScopedMemoryAccess$Scoped.members...
[2025-03-10 16:01:02] [PROGRESS] resolve files> Scanning /Users/pripum/Documents/codeql-snyk-github-testing/codeql-and-workflows/codeqldb/trap/java/classes/jdk/internal/misc/Unsafe.members...
[2025-03-10 16:01:02] [PROGRESS] resolve files> Scanning /Users/pripum/Documents/codeql-snyk-github-testing/codeql-and-workflows/codeqldb/trap/java/classes/jdk/internal/misc/ScopedMemoryAccess.members...
[2025-03-10 16:01:02] [PROGRESS] resolve files> Scanning /Users/pripum/Documents/codeql-snyk-github-testing/codeql-and-workflows/codeqldb/trap/java/classes/jdk/internal/misc/VM.members...
[2025-03-10 16:01:02] [PROGRESS] resolve files> Scanning /Users/pripum/Documents/codeql-snyk-github-testing/codeql-and-workflows/codeqldb/trap/java/classes/jdk/internal/ref...
[2025-03-10 16:01:02] [PROGRESS] resolve files> Scanning /Users/pripum/Documents/codeql-snyk-github-testing/codeql-and-workflows/codeqldb/trap/java/classes/jdk/internal/ref/Cleaner.members...
[2025-03-10 16:01:02] [PROGRESS] resolve files> Scanning /Users/pripum/Documents/codeql-snyk-github-testing/codeql-and-workflows/codeqldb/trap/java/classes/jdk/internal/ref/PhantomCleanable.members...
[2025-03-10 16:01:02] [PROGRESS] resolve files> Scanning /Users/pripum/Documents/codeql-snyk-github-testing/codeql-and-workflows/codeqldb/trap/java/classes/jdk/internal/ref/CleanerImpl.members...
[2025-03-10 16:01:02] [PROGRESS] resolve files> Scanning /Users/pripum/Documents/codeql-snyk-github-testing/codeql-and-workflows/codeqldb/trap/java/classes/jdk/internal/access...
[2025-03-10 16:01:02] [PROGRESS] resolve files> Scanning /Users/pripum/Documents/codeql-snyk-github-testing/codeql-and-workflows/codeqldb/trap/java/classes/jdk/internal/access/JavaLangInvokeAccess.members...
[2025-03-10 16:01:02] [PROGRESS] resolve files> Scanning /Users/pripum/Documents/codeql-snyk-github-testing/codeql-and-workflows/codeqldb/trap/java/classes/jdk/internal/access/JavaNioAccess.members...
[2025-03-10 16:01:02] [PROGRESS] resolve files> Scanning /Users/pripum/Documents/codeql-snyk-github-testing/codeql-and-workflows/codeqldb/trap/java/classes/jdk/internal/access/foreign...
[2025-03-10 16:01:02] [PROGRESS] resolve files> Scanning /Users/pripum/Documents/codeql-snyk-github-testing/codeql-and-workflows/codeqldb/trap/java/classes/jdk/internal/access/foreign/UnmapperProxy.members...
[2025-03-10 16:01:02] [PROGRESS] resolve files> Scanning /Users/pripum/Documents/codeql-snyk-github-testing/codeql-and-workflows/codeqldb/trap/java/classes/jdk/internal/util...
[2025-03-10 16:01:02] [PROGRESS] resolve files> Scanning /Users/pripum/Documents/codeql-snyk-github-testing/codeql-and-workflows/codeqldb/trap/java/classes/jdk/internal/util/StrongReferenceKey.members...
[2025-03-10 16:01:02] [PROGRESS] resolve files> Scanning /Users/pripum/Documents/codeql-snyk-github-testing/codeql-and-workflows/codeqldb/trap/java/classes/jdk/internal/util/ReferenceKey.members...
[2025-03-10 16:01:02] [PROGRESS] resolve files> Scanning /Users/pripum/Documents/codeql-snyk-github-testing/codeql-and-workflows/codeqldb/trap/java/classes/jdk/internal/util/WeakReferenceKey.members...
[2025-03-10 16:01:02] [PROGRESS] resolve files> Scanning /Users/pripum/Documents/codeql-snyk-github-testing/codeql-and-workflows/codeqldb/trap/java/classes/jdk/internal/util/ClassFileDumper.members...
[2025-03-10 16:01:02] [PROGRESS] resolve files> Scanning /Users/pripum/Documents/codeql-snyk-github-testing/codeql-and-workflows/codeqldb/trap/java/classes/jdk/internal/util/ReferencedKeySet.members...
[2025-03-10 16:01:02] [PROGRESS] resolve files> Scanning /Users/pripum/Documents/codeql-snyk-github-testing/codeql-and-workflows/codeqldb/trap/java/classes/jdk/internal/util/ReferencedKeyMap.members...
[2025-03-10 16:01:02] [PROGRESS] resolve files> Scanning /Users/pripum/Documents/codeql-snyk-github-testing/codeql-and-workflows/codeqldb/trap/java/classes/jdk/internal/util/SoftReferenceKey.members...
[2025-03-10 16:01:02] [PROGRESS] resolve files> Scanning /Users/pripum/Documents/codeql-snyk-github-testing/codeql-and-workflows/codeqldb/trap/java/classes/jdk/internal/module...
[2025-03-10 16:01:02] [PROGRESS] resolve files> Scanning /Users/pripum/Documents/codeql-snyk-github-testing/codeql-and-workflows/codeqldb/trap/java/classes/jdk/internal/module/ServicesCatalog$ServiceProvider.members...
[2025-03-10 16:01:02] [PROGRESS] resolve files> Scanning /Users/pripum/Documents/codeql-snyk-github-testing/codeql-and-workflows/codeqldb/trap/java/classes/jdk/internal/module/ServicesCatalog.members...
[2025-03-10 16:01:02] [PROGRESS] resolve files> Scanning /Users/pripum/Documents/codeql-snyk-github-testing/codeql-and-workflows/codeqldb/trap/java/classes/jdk/internal/reflect...
[2025-03-10 16:01:02] [PROGRESS] resolve files> Scanning /Users/pripum/Documents/codeql-snyk-github-testing/codeql-and-workflows/codeqldb/trap/java/classes/jdk/internal/reflect/MethodAccessor.members...
[2025-03-10 16:01:02] [PROGRESS] resolve files> Scanning /Users/pripum/Documents/codeql-snyk-github-testing/codeql-and-workflows/codeqldb/trap/java/classes/jdk/internal/reflect/ReflectionFactory.members...
[2025-03-10 16:01:02] [PROGRESS] resolve files> Scanning /Users/pripum/Documents/codeql-snyk-github-testing/codeql-and-workflows/codeqldb/trap/java/classes/jdk/internal/reflect/ConstantPool.members...
[2025-03-10 16:01:02] [PROGRESS] resolve files> Scanning /Users/pripum/Documents/codeql-snyk-github-testing/codeql-and-workflows/codeqldb/trap/java/classes/jdk/internal/reflect/ConstructorAccessor.members...
[2025-03-10 16:01:02] [PROGRESS] resolve files> Scanning /Users/pripum/Documents/codeql-snyk-github-testing/codeql-and-workflows/codeqldb/trap/java/classes/jdk/internal/reflect/CallerSensitive.members...
[2025-03-10 16:01:02] [PROGRESS] resolve files> Scanning /Users/pripum/Documents/codeql-snyk-github-testing/codeql-and-workflows/codeqldb/trap/java/classes/jdk/internal/reflect/FieldAccessor.members...
[2025-03-10 16:01:02] [PROGRESS] resolve files> Scanning /Users/pripum/Documents/codeql-snyk-github-testing/codeql-and-workflows/codeqldb/trap/java/classes/jdk/internal/reflect/ConstantPool$Tag.members...
[2025-03-10 16:01:02] [PROGRESS] resolve files> Scanning /Users/pripum/Documents/codeql-snyk-github-testing/codeql-and-workflows/codeqldb/trap/java/classes/jdk/internal/io...
[2025-03-10 16:01:02] [PROGRESS] resolve files> Scanning /Users/pripum/Documents/codeql-snyk-github-testing/codeql-and-workflows/codeqldb/trap/java/classes/jdk/internal/io/JdkConsole.members...
[2025-03-10 16:01:02] [PROGRESS] resolve files> Scanning /Users/pripum/Documents/codeql-snyk-github-testing/codeql-and-workflows/codeqldb/trap/java/classes/jdk/internal/vm...
[2025-03-10 16:01:02] [PROGRESS] resolve files> Scanning /Users/pripum/Documents/codeql-snyk-github-testing/codeql-and-workflows/codeqldb/trap/java/classes/jdk/internal/vm/ScopedValueContainer.members...
[2025-03-10 16:01:02] [PROGRESS] resolve files> Scanning /Users/pripum/Documents/codeql-snyk-github-testing/codeql-and-workflows/codeqldb/trap/java/classes/jdk/internal/vm/ScopedValueContainer$BindingsSnapshot.members...
[2025-03-10 16:01:02] [PROGRESS] resolve files> Scanning /Users/pripum/Documents/codeql-snyk-github-testing/codeql-and-workflows/codeqldb/trap/java/classes/jdk/internal/vm/ThreadContainer.members...
[2025-03-10 16:01:02] [PROGRESS] resolve files> Scanning /Users/pripum/Documents/codeql-snyk-github-testing/codeql-and-workflows/codeqldb/trap/java/classes/jdk/internal/vm/Continuation.members...
[2025-03-10 16:01:02] [PROGRESS] resolve files> Scanning /Users/pripum/Documents/codeql-snyk-github-testing/codeql-and-workflows/codeqldb/trap/java/classes/jdk/internal/vm/Continuation$PreemptStatus.members...
[2025-03-10 16:01:02] [PROGRESS] resolve files> Scanning /Users/pripum/Documents/codeql-snyk-github-testing/codeql-and-workflows/codeqldb/trap/java/classes/jdk/internal/vm/StackableScope.members...
[2025-03-10 16:01:02] [PROGRESS] resolve files> Scanning /Users/pripum/Documents/codeql-snyk-github-testing/codeql-and-workflows/codeqldb/trap/java/classes/jdk/internal/vm/annotation...
[2025-03-10 16:01:02] [PROGRESS] resolve files> Scanning /Users/pripum/Documents/codeql-snyk-github-testing/codeql-and-workflows/codeqldb/trap/java/classes/jdk/internal/vm/annotation/Hidden.members...
[2025-03-10 16:01:02] [PROGRESS] resolve files> Scanning /Users/pripum/Documents/codeql-snyk-github-testing/codeql-and-workflows/codeqldb/trap/java/classes/jdk/internal/vm/annotation/DontInline.members...
[2025-03-10 16:01:02] [PROGRESS] resolve files> Scanning /Users/pripum/Documents/codeql-snyk-github-testing/codeql-and-workflows/codeqldb/trap/java/classes/jdk/internal/vm/annotation/ReservedStackAccess.members...
[2025-03-10 16:01:02] [PROGRESS] resolve files> Scanning /Users/pripum/Documents/codeql-snyk-github-testing/codeql-and-workflows/codeqldb/trap/java/classes/jdk/internal/vm/annotation/IntrinsicCandidate.members...
[2025-03-10 16:01:02] [PROGRESS] resolve files> Scanning /Users/pripum/Documents/codeql-snyk-github-testing/codeql-and-workflows/codeqldb/trap/java/classes/jdk/internal/vm/annotation/Contended.members...
[2025-03-10 16:01:02] [PROGRESS] resolve files> Scanning /Users/pripum/Documents/codeql-snyk-github-testing/codeql-and-workflows/codeqldb/trap/java/classes/jdk/internal/vm/annotation/Stable.members...
[2025-03-10 16:01:02] [PROGRESS] resolve files> Scanning /Users/pripum/Documents/codeql-snyk-github-testing/codeql-and-workflows/codeqldb/trap/java/classes/jdk/internal/vm/annotation/ForceInline.members...
[2025-03-10 16:01:02] [PROGRESS] resolve files> Scanning /Users/pripum/Documents/codeql-snyk-github-testing/codeql-and-workflows/codeqldb/trap/java/classes/jdk/internal/vm/SharedThreadContainer.members...
[2025-03-10 16:01:02] [PROGRESS] resolve files> Scanning /Users/pripum/Documents/codeql-snyk-github-testing/codeql-and-workflows/codeqldb/trap/java/classes/jdk/internal/vm/Continuation$Pinned.members...
[2025-03-10 16:01:02] [PROGRESS] resolve files> Scanning /Users/pripum/Documents/codeql-snyk-github-testing/codeql-and-workflows/codeqldb/trap/java/classes/jdk/internal/vm/ContinuationScope.members...
[2025-03-10 16:01:02] [PROGRESS] resolve files> Scanning /Users/pripum/Documents/codeql-snyk-github-testing/codeql-and-workflows/codeqldb/trap/java/classes/jdk/internal/vm/vector...
[2025-03-10 16:01:02] [PROGRESS] resolve files> Scanning /Users/pripum/Documents/codeql-snyk-github-testing/codeql-and-workflows/codeqldb/trap/java/classes/jdk/internal/vm/vector/VectorSupport$IndexOperation.members...
[2025-03-10 16:01:02] [PROGRESS] resolve files> Scanning /Users/pripum/Documents/codeql-snyk-github-testing/codeql-and-workflows/codeqldb/trap/java/classes/jdk/internal/vm/vector/VectorSupport$BinaryOperation.members...
[2025-03-10 16:01:02] [PROGRESS] resolve files> Scanning /Users/pripum/Documents/codeql-snyk-github-testing/codeql-and-workflows/codeqldb/trap/java/classes/jdk/internal/vm/vector/VectorSupport$LoadOperation.members...
[2025-03-10 16:01:02] [PROGRESS] resolve files> Scanning /Users/pripum/Documents/codeql-snyk-github-testing/codeql-and-workflows/codeqldb/trap/java/classes/jdk/internal/vm/vector/VectorSupport$VectorPayload.members...
[2025-03-10 16:01:02] [PROGRESS] resolve files> Scanning /Users/pripum/Documents/codeql-snyk-github-testing/codeql-and-workflows/codeqldb/trap/java/classes/jdk/internal/vm/vector/VectorSupport$TernaryOperation.members...
[2025-03-10 16:01:02] [PROGRESS] resolve files> Scanning /Users/pripum/Documents/codeql-snyk-github-testing/codeql-and-workflows/codeqldb/trap/java/classes/jdk/internal/vm/vector/VectorSupport$VectorBroadcastIntOp.members...
[2025-03-10 16:01:02] [PROGRESS] resolve files> Scanning /Users/pripum/Documents/codeql-snyk-github-testing/codeql-and-workflows/codeqldb/trap/java/classes/jdk/internal/vm/vector/VectorSupport$VectorSpecies.members...
[2025-03-10 16:01:02] [PROGRESS] resolve files> Scanning /Users/pripum/Documents/codeql-snyk-github-testing/codeql-and-workflows/codeqldb/trap/java/classes/jdk/internal/vm/vector/VectorSupport.members...
[2025-03-10 16:01:02] [PROGRESS] resolve files> Scanning /Users/pripum/Documents/codeql-snyk-github-testing/codeql-and-workflows/codeqldb/trap/java/classes/jdk/internal/vm/vector/VectorSupport$VectorShuffle.members...
[2025-03-10 16:01:02] [PROGRESS] resolve files> Scanning /Users/pripum/Documents/codeql-snyk-github-testing/codeql-and-workflows/codeqldb/trap/java/classes/jdk/internal/vm/vector/VectorSupport$StoreVectorOperationWithMap.members...
[2025-03-10 16:01:02] [PROGRESS] resolve files> Scanning /Users/pripum/Documents/codeql-snyk-github-testing/codeql-and-workflows/codeqldb/trap/java/classes/jdk/internal/vm/vector/VectorSupport$Vector.members...
[2025-03-10 16:01:02] [PROGRESS] resolve files> Scanning /Users/pripum/Documents/codeql-snyk-github-testing/codeql-and-workflows/codeqldb/trap/java/classes/jdk/internal/vm/vector/VectorSupport$CompressExpandOperation.members...
[2025-03-10 16:01:02] [PROGRESS] resolve files> Scanning /Users/pripum/Documents/codeql-snyk-github-testing/codeql-and-workflows/codeqldb/trap/java/classes/jdk/internal/vm/vector/VectorSupport$VectorCompareOp.members...
[2025-03-10 16:01:02] [PROGRESS] resolve files> Scanning /Users/pripum/Documents/codeql-snyk-github-testing/codeql-and-workflows/codeqldb/trap/java/classes/jdk/internal/vm/vector/VectorSupport$VecInsertOp.members...
[2025-03-10 16:01:02] [PROGRESS] resolve files> Scanning /Users/pripum/Documents/codeql-snyk-github-testing/codeql-and-workflows/codeqldb/trap/java/classes/jdk/internal/vm/vector/VectorSupport$StoreVectorMaskedOperation.members...
[2025-03-10 16:01:02] [PROGRESS] resolve files> Scanning /Users/pripum/Documents/codeql-snyk-github-testing/codeql-and-workflows/codeqldb/trap/java/classes/jdk/internal/vm/vector/VectorSupport$LoadVectorMaskedOperation.members...
[2025-03-10 16:01:02] [PROGRESS] resolve files> Scanning /Users/pripum/Documents/codeql-snyk-github-testing/codeql-and-workflows/codeqldb/trap/java/classes/jdk/internal/vm/vector/VectorSupport$VectorRearrangeOp.members...
[2025-03-10 16:01:02] [PROGRESS] resolve files> Scanning /Users/pripum/Documents/codeql-snyk-github-testing/codeql-and-workflows/codeqldb/trap/java/classes/jdk/internal/vm/vector/VectorSupport$UnaryOperation.members...
[2025-03-10 16:01:02] [PROGRESS] resolve files> Scanning /Users/pripum/Documents/codeql-snyk-github-testing/codeql-and-workflows/codeqldb/trap/java/classes/jdk/internal/vm/vector/VectorSupport$ShuffleIotaOperation.members...
[2025-03-10 16:01:02] [PROGRESS] resolve files> Scanning /Users/pripum/Documents/codeql-snyk-github-testing/codeql-and-workflows/codeqldb/trap/java/classes/jdk/internal/vm/vector/VectorSupport$VectorConvertOp.members...
[2025-03-10 16:01:02] [PROGRESS] resolve files> Scanning /Users/pripum/Documents/codeql-snyk-github-testing/codeql-and-workflows/codeqldb/trap/java/classes/jdk/internal/vm/vector/VectorSupport$IndexPartiallyInUpperRangeOperation.members...
[2025-03-10 16:01:02] [PROGRESS] resolve files> Scanning /Users/pripum/Documents/codeql-snyk-github-testing/codeql-and-workflows/codeqldb/trap/java/classes/jdk/internal/vm/vector/VectorSupport$VectorMask.members...
[2025-03-10 16:01:02] [PROGRESS] resolve files> Scanning /Users/pripum/Documents/codeql-snyk-github-testing/codeql-and-workflows/codeqldb/trap/java/classes/jdk/internal/vm/vector/VectorSupport$VectorBlendOp.members...
[2025-03-10 16:01:02] [PROGRESS] resolve files> Scanning /Users/pripum/Documents/codeql-snyk-github-testing/codeql-and-workflows/codeqldb/trap/java/classes/jdk/internal/vm/vector/VectorSupport$VectorMaskOp.members...
[2025-03-10 16:01:02] [PROGRESS] resolve files> Scanning /Users/pripum/Documents/codeql-snyk-github-testing/codeql-and-workflows/codeqldb/trap/java/classes/jdk/internal/vm/vector/VectorSupport$LoadVectorOperationWithMap.members...
[2025-03-10 16:01:02] [PROGRESS] resolve files> Scanning /Users/pripum/Documents/codeql-snyk-github-testing/codeql-and-workflows/codeqldb/trap/java/classes/jdk/internal/vm/vector/VectorSupport$VecExtractOp.members...
[2025-03-10 16:01:02] [PROGRESS] resolve files> Scanning /Users/pripum/Documents/codeql-snyk-github-testing/codeql-and-workflows/codeqldb/trap/java/classes/jdk/internal/vm/vector/VectorSupport$FromBitsCoercedOperation.members...
[2025-03-10 16:01:02] [PROGRESS] resolve files> Scanning /Users/pripum/Documents/codeql-snyk-github-testing/codeql-and-workflows/codeqldb/trap/java/classes/jdk/internal/vm/vector/VectorSupport$ShuffleToVectorOperation.members...
[2025-03-10 16:01:02] [PROGRESS] resolve files> Scanning /Users/pripum/Documents/codeql-snyk-github-testing/codeql-and-workflows/codeqldb/trap/java/classes/jdk/internal/vm/vector/VectorSupport$ReductionOperation.members...
[2025-03-10 16:01:02] [PROGRESS] resolve files> Scanning /Users/pripum/Documents/codeql-snyk-github-testing/codeql-and-workflows/codeqldb/trap/java/classes/jdk/internal/vm/vector/VectorSupport$StoreVectorOperation.members...
[2025-03-10 16:01:02] [PROGRESS] resolve files> Scanning /Users/pripum/Documents/codeql-snyk-github-testing/codeql-and-workflows/codeqldb/trap/java/classes/jdk/internal/javac...
[2025-03-10 16:01:02] [PROGRESS] resolve files> Scanning /Users/pripum/Documents/codeql-snyk-github-testing/codeql-and-workflows/codeqldb/trap/java/classes/jdk/internal/javac/PreviewFeature.members...
[2025-03-10 16:01:02] [PROGRESS] resolve files> Scanning /Users/pripum/Documents/codeql-snyk-github-testing/codeql-and-workflows/codeqldb/trap/java/classes/jdk/internal/javac/Restricted.members...
[2025-03-10 16:01:02] [PROGRESS] resolve files> Scanning /Users/pripum/Documents/codeql-snyk-github-testing/codeql-and-workflows/codeqldb/trap/java/classes/jdk/internal/javac/PreviewFeature$Feature.members...
[2025-03-10 16:01:02] [PROGRESS] resolve files> Scanning /Users/pripum/Documents/codeql-snyk-github-testing/codeql-and-workflows/codeqldb/trap/java/classes/jdk/internal/javac/PreviewFeature$JEP.members...
[2025-03-10 16:01:02] [PROGRESS] resolve files> Scanning /Users/pripum/Documents/codeql-snyk-github-testing/codeql-and-workflows/codeqldb/trap/java/classes/jdk/internal/constant...
[2025-03-10 16:01:02] [PROGRESS] resolve files> Scanning /Users/pripum/Documents/codeql-snyk-github-testing/codeql-and-workflows/codeqldb/trap/java/classes/jdk/internal/constant/MethodTypeDescImpl.members...
[2025-03-10 16:01:02] [PROGRESS] resolve files> Scanning /Users/pripum/Documents/codeql-snyk-github-testing/codeql-and-workflows/codeqldb/trap/java/classes/jdk/internal/constant/ReferenceClassDescImpl.members...
[2025-03-10 16:01:02] [PROGRESS] resolve files> Scanning /Users/pripum/Documents/codeql-snyk-github-testing/codeql-and-workflows/codeqldb/trap/java/classes/jdk/internal/constant/DirectMethodHandleDescImpl.members...
[2025-03-10 16:01:02] [PROGRESS] resolve files> Scanning /Users/pripum/Documents/codeql-snyk-github-testing/codeql-and-workflows/codeqldb/trap/java/classes/jdk/internal/constant/PrimitiveClassDescImpl.members...
[2025-03-10 16:01:02] [PROGRESS] resolve files> Scanning /Users/pripum/Documents/codeql-snyk-github-testing/codeql-and-workflows/codeqldb/trap/java/classes/jdk/internal/loader...
[2025-03-10 16:01:02] [PROGRESS] resolve files> Scanning /Users/pripum/Documents/codeql-snyk-github-testing/codeql-and-workflows/codeqldb/trap/java/classes/jdk/internal/loader/NativeLibrary.members...
[2025-03-10 16:01:02] [PROGRESS] resolve files> Scanning /Users/pripum/Documents/codeql-snyk-github-testing/codeql-and-workflows/codeqldb/trap/java/classes/jdk/internal/ValueBased.members...
[2025-03-10 16:01:02] [PROGRESS] resolve files> Scanning /Users/pripum/Documents/codeql-snyk-github-testing/codeql-and-workflows/codeqldb/trap/java/classes/jdk/internal/foreign...
[2025-03-10 16:01:02] [PROGRESS] resolve files> Scanning /Users/pripum/Documents/codeql-snyk-github-testing/codeql-and-workflows/codeqldb/trap/java/classes/jdk/internal/foreign/LayoutPath$GroupElementByIndex.members...
[2025-03-10 16:01:02] [PROGRESS] resolve files> Scanning /Users/pripum/Documents/codeql-snyk-github-testing/codeql-and-workflows/codeqldb/trap/java/classes/jdk/internal/foreign/LayoutPath$GroupElementByName.members...
[2025-03-10 16:01:02] [PROGRESS] resolve files> Scanning /Users/pripum/Documents/codeql-snyk-github-testing/codeql-and-workflows/codeqldb/trap/java/classes/jdk/internal/foreign/GlobalSession.members...
[2025-03-10 16:01:02] [PROGRESS] resolve files> Scanning /Users/pripum/Documents/codeql-snyk-github-testing/codeql-and-workflows/codeqldb/trap/java/classes/jdk/internal/foreign/LayoutPath.members...
[2025-03-10 16:01:02] [PROGRESS] resolve files> Scanning /Users/pripum/Documents/codeql-snyk-github-testing/codeql-and-workflows/codeqldb/trap/java/classes/jdk/internal/foreign/HeapMemorySegmentImpl.members...
[2025-03-10 16:01:02] [PROGRESS] resolve files> Scanning /Users/pripum/Documents/codeql-snyk-github-testing/codeql-and-workflows/codeqldb/trap/java/classes/jdk/internal/foreign/HeapMemorySegmentImpl$OfFloat.members...
[2025-03-10 16:01:02] [PROGRESS] resolve files> Scanning /Users/pripum/Documents/codeql-snyk-github-testing/codeql-and-workflows/codeqldb/trap/java/classes/jdk/internal/foreign/HeapMemorySegmentImpl$OfChar.members...
[2025-03-10 16:01:02] [PROGRESS] resolve files> Scanning /Users/pripum/Documents/codeql-snyk-github-testing/codeql-and-workflows/codeqldb/trap/java/classes/jdk/internal/foreign/layout...
[2025-03-10 16:01:02] [PROGRESS] resolve files> Scanning /Users/pripum/Documents/codeql-snyk-github-testing/codeql-and-workflows/codeqldb/trap/java/classes/jdk/internal/foreign/layout/AbstractGroupLayout.members...
[2025-03-10 16:01:02] [PROGRESS] resolve files> Scanning /Users/pripum/Documents/codeql-snyk-github-testing/codeql-and-workflows/codeqldb/trap/java/classes/jdk/internal/foreign/layout/StructLayoutImpl.members...
[2025-03-10 16:01:02] [PROGRESS] resolve files> Scanning /Users/pripum/Documents/codeql-snyk-github-testing/codeql-and-workflows/codeqldb/trap/java/classes/jdk/internal/foreign/layout/PaddingLayoutImpl.members...
[2025-03-10 16:01:02] [PROGRESS] resolve files> Scanning /Users/pripum/Documents/codeql-snyk-github-testing/codeql-and-workflows/codeqldb/trap/java/classes/jdk/internal/foreign/layout/ValueLayouts$AbstractValueLayout.members...
[2025-03-10 16:01:02] [PROGRESS] resolve files> Scanning /Users/pripum/Documents/codeql-snyk-github-testing/codeql-and-workflows/codeqldb/trap/java/classes/jdk/internal/foreign/layout/ValueLayouts$OfCharImpl.members...
[2025-03-10 16:01:02] [PROGRESS] resolve files> Scanning /Users/pripum/Documents/codeql-snyk-github-testing/codeql-and-workflows/codeqldb/trap/java/classes/jdk/internal/foreign/layout/ValueLayouts$OfBooleanImpl.members...
[2025-03-10 16:01:02] [PROGRESS] resolve files> Scanning /Users/pripum/Documents/codeql-snyk-github-testing/codeql-and-workflows/codeqldb/trap/java/classes/jdk/internal/foreign/layout/AbstractGroupLayout$Kind.members...
[2025-03-10 16:01:02] [PROGRESS] resolve files> Scanning /Users/pripum/Documents/codeql-snyk-github-testing/codeql-and-workflows/codeqldb/trap/java/classes/jdk/internal/foreign/layout/ValueLayouts$OfIntImpl.members...
[2025-03-10 16:01:02] [PROGRESS] resolve files> Scanning /Users/pripum/Documents/codeql-snyk-github-testing/codeql-and-workflows/codeqldb/trap/java/classes/jdk/internal/foreign/layout/ValueLayouts$OfDoubleImpl.members...
[2025-03-10 16:01:02] [PROGRESS] resolve files> Scanning /Users/pripum/Documents/codeql-snyk-github-testing/codeql-and-workflows/codeqldb/trap/java/classes/jdk/internal/foreign/layout/AbstractLayout.members...
[2025-03-10 16:01:02] [PROGRESS] resolve files> Scanning /Users/pripum/Documents/codeql-snyk-github-testing/codeql-and-workflows/codeqldb/trap/java/classes/jdk/internal/foreign/layout/ValueLayouts$OfAddressImpl.members...
[2025-03-10 16:01:02] [PROGRESS] resolve files> Scanning /Users/pripum/Documents/codeql-snyk-github-testing/codeql-and-workflows/codeqldb/trap/java/classes/jdk/internal/foreign/layout/ValueLayouts$OfLongImpl.members...
[2025-03-10 16:01:02] [PROGRESS] resolve files> Scanning /Users/pripum/Documents/codeql-snyk-github-testing/codeql-and-workflows/codeqldb/trap/java/classes/jdk/internal/foreign/layout/UnionLayoutImpl.members...
[2025-03-10 16:01:02] [PROGRESS] resolve files> Scanning /Users/pripum/Documents/codeql-snyk-github-testing/codeql-and-workflows/codeqldb/trap/java/classes/jdk/internal/foreign/layout/ValueLayouts$OfByteImpl.members...
[2025-03-10 16:01:02] [PROGRESS] resolve files> Scanning /Users/pripum/Documents/codeql-snyk-github-testing/codeql-and-workflows/codeqldb/trap/java/classes/jdk/internal/foreign/layout/ValueLayouts.members...
[2025-03-10 16:01:02] [PROGRESS] resolve files> Scanning /Users/pripum/Documents/codeql-snyk-github-testing/codeql-and-workflows/codeqldb/trap/java/classes/jdk/internal/foreign/layout/SequenceLayoutImpl.members...
[2025-03-10 16:01:02] [PROGRESS] resolve files> Scanning /Users/pripum/Documents/codeql-snyk-github-testing/codeql-and-workflows/codeqldb/trap/java/classes/jdk/internal/foreign/layout/ValueLayouts$OfShortImpl.members...
[2025-03-10 16:01:02] [PROGRESS] resolve files> Scanning /Users/pripum/Documents/codeql-snyk-github-testing/codeql-and-workflows/codeqldb/trap/java/classes/jdk/internal/foreign/layout/ValueLayouts$OfFloatImpl.members...
[2025-03-10 16:01:02] [PROGRESS] resolve files> Scanning /Users/pripum/Documents/codeql-snyk-github-testing/codeql-and-workflows/codeqldb/trap/java/classes/jdk/internal/foreign/ConfinedSession.members...
[2025-03-10 16:01:02] [PROGRESS] resolve files> Scanning /Users/pripum/Documents/codeql-snyk-github-testing/codeql-and-workflows/codeqldb/trap/java/classes/jdk/internal/foreign/LayoutPath$DereferenceElement.members...
[2025-03-10 16:01:02] [PROGRESS] resolve files> Scanning /Users/pripum/Documents/codeql-snyk-github-testing/codeql-and-workflows/codeqldb/trap/java/classes/jdk/internal/foreign/HeapMemorySegmentImpl$OfDouble.members...
[2025-03-10 16:01:02] [PROGRESS] resolve files> Scanning /Users/pripum/Documents/codeql-snyk-github-testing/codeql-and-workflows/codeqldb/trap/java/classes/jdk/internal/foreign/HeapMemorySegmentImpl$OfInt.members...
[2025-03-10 16:01:02] [PROGRESS] resolve files> Scanning /Users/pripum/Documents/codeql-snyk-github-testing/codeql-and-workflows/codeqldb/trap/java/classes/jdk/internal/foreign/HeapMemorySegmentImpl$OfByte.members...
[2025-03-10 16:01:02] [PROGRESS] resolve files> Scanning /Users/pripum/Documents/codeql-snyk-github-testing/codeql-and-workflows/codeqldb/trap/java/classes/jdk/internal/foreign/abi...
[2025-03-10 16:01:02] [PROGRESS] resolve files> Scanning /Users/pripum/Documents/codeql-snyk-github-testing/codeql-and-workflows/codeqldb/trap/java/classes/jdk/internal/foreign/abi/VMStorage.members...
[2025-03-10 16:01:02] [PROGRESS] resolve files> Scanning /Users/pripum/Documents/codeql-snyk-github-testing/codeql-and-workflows/codeqldb/trap/java/classes/jdk/internal/foreign/abi/NativeEntryPoint.members...
[2025-03-10 16:01:02] [PROGRESS] resolve files> Scanning /Users/pripum/Documents/codeql-snyk-github-testing/codeql-and-workflows/codeqldb/trap/java/classes/jdk/internal/foreign/abi/Architecture.members...
[2025-03-10 16:01:02] [PROGRESS] resolve files> Scanning /Users/pripum/Documents/codeql-snyk-github-testing/codeql-and-workflows/codeqldb/trap/java/classes/jdk/internal/foreign/abi/ABIDescriptor.members...
[2025-03-10 16:01:02] [PROGRESS] resolve files> Scanning /Users/pripum/Documents/codeql-snyk-github-testing/codeql-and-workflows/codeqldb/trap/java/classes/jdk/internal/foreign/MemorySessionImpl$ResourceList$ResourceCleanup.members...
[2025-03-10 16:01:02] [PROGRESS] resolve files> Scanning /Users/pripum/Documents/codeql-snyk-github-testing/codeql-and-workflows/codeqldb/trap/java/classes/jdk/internal/foreign/ImplicitSession.members...
[2025-03-10 16:01:02] [PROGRESS] resolve files> Scanning /Users/pripum/Documents/codeql-snyk-github-testing/codeql-and-workflows/codeqldb/trap/java/classes/jdk/internal/foreign/HeapMemorySegmentImpl$OfShort.members...
[2025-03-10 16:01:02] [PROGRESS] resolve files> Scanning /Users/pripum/Documents/codeql-snyk-github-testing/codeql-and-workflows/codeqldb/trap/java/classes/jdk/internal/foreign/SharedSession.members...
[2025-03-10 16:01:02] [PROGRESS] resolve files> Scanning /Users/pripum/Documents/codeql-snyk-github-testing/codeql-and-workflows/codeqldb/trap/java/classes/jdk/internal/foreign/MappedMemorySegmentImpl.members...
[2025-03-10 16:01:02] [PROGRESS] resolve files> Scanning /Users/pripum/Documents/codeql-snyk-github-testing/codeql-and-workflows/codeqldb/trap/java/classes/jdk/internal/foreign/NativeMemorySegmentImpl.members...
[2025-03-10 16:01:02] [PROGRESS] resolve files> Scanning /Users/pripum/Documents/codeql-snyk-github-testing/codeql-and-workflows/codeqldb/trap/java/classes/jdk/internal/foreign/LayoutPath$SequenceElement.members...
[2025-03-10 16:01:02] [PROGRESS] resolve files> Scanning /Users/pripum/Documents/codeql-snyk-github-testing/codeql-and-workflows/codeqldb/trap/java/classes/jdk/internal/foreign/MemorySessionImpl.members...
[2025-03-10 16:01:02] [PROGRESS] resolve files> Scanning /Users/pripum/Documents/codeql-snyk-github-testing/codeql-and-workflows/codeqldb/trap/java/classes/jdk/internal/foreign/MemorySessionImpl$ResourceList.members...
[2025-03-10 16:01:02] [PROGRESS] resolve files> Scanning /Users/pripum/Documents/codeql-snyk-github-testing/codeql-and-workflows/codeqldb/trap/java/classes/jdk/internal/foreign/AbstractMemorySegmentImpl.members...
[2025-03-10 16:01:02] [PROGRESS] resolve files> Scanning /Users/pripum/Documents/codeql-snyk-github-testing/codeql-and-workflows/codeqldb/trap/java/classes/jdk/internal/foreign/HeapMemorySegmentImpl$OfLong.members...
[2025-03-10 16:01:02] [PROGRESS] resolve files> Scanning /Users/pripum/Documents/codeql-snyk-github-testing/codeql-and-workflows/codeqldb/trap/java/classes/jdk/internal/foreign/LayoutPath$SequenceElementByRange.members...
[2025-03-10 16:01:02] [PROGRESS] resolve files> Scanning /Users/pripum/Documents/codeql-snyk-github-testing/codeql-and-workflows/codeqldb/trap/java/classes/jdk/internal/foreign/LayoutPath$SequenceElementByIndex.members...
[2025-03-10 16:01:02] [PROGRESS] resolve files> Scanning /Users/pripum/Documents/codeql-snyk-github-testing/codeql-and-workflows/codeqldb/trap/java/classes/java...
[2025-03-10 16:01:02] [PROGRESS] resolve files> Scanning /Users/pripum/Documents/codeql-snyk-github-testing/codeql-and-workflows/codeqldb/trap/java/classes/java/net...
[2025-03-10 16:01:02] [PROGRESS] resolve files> Scanning /Users/pripum/Documents/codeql-snyk-github-testing/codeql-and-workflows/codeqldb/trap/java/classes/java/net/URLEncoder.members...
[2025-03-10 16:01:02] [PROGRESS] resolve files> Scanning /Users/pripum/Documents/codeql-snyk-github-testing/codeql-and-workflows/codeqldb/trap/java/classes/java/net/Inet4Address.members...
[2025-03-10 16:01:02] [PROGRESS] resolve files> Scanning /Users/pripum/Documents/codeql-snyk-github-testing/codeql-and-workflows/codeqldb/trap/java/classes/java/net/URLConnection.members...
[2025-03-10 16:01:02] [PROGRESS] resolve files> Scanning /Users/pripum/Documents/codeql-snyk-github-testing/codeql-and-workflows/codeqldb/trap/java/classes/java/net/MalformedURLException.members...
[2025-03-10 16:01:02] [PROGRESS] resolve files> Scanning /Users/pripum/Documents/codeql-snyk-github-testing/codeql-and-workflows/codeqldb/trap/java/classes/java/net/SocketException.members...
[2025-03-10 16:01:02] [PROGRESS] resolve files> Scanning /Users/pripum/Documents/codeql-snyk-github-testing/codeql-and-workflows/codeqldb/trap/java/classes/java/net/NetworkInterface.members...
[2025-03-10 16:01:02] [PROGRESS] resolve files> Scanning /Users/pripum/Documents/codeql-snyk-github-testing/codeql-and-workflows/codeqldb/trap/java/classes/java/net/FileNameMap.members...
[2025-03-10 16:01:02] [PROGRESS] resolve files> Scanning /Users/pripum/Documents/codeql-snyk-github-testing/codeql-and-workflows/codeqldb/trap/java/classes/java/net/ContentHandler.members...
[2025-03-10 16:01:02] [PROGRESS] resolve files> Scanning /Users/pripum/Documents/codeql-snyk-github-testing/codeql-and-workflows/codeqldb/trap/java/classes/java/net/InterfaceAddress.members...
[2025-03-10 16:01:02] [PROGRESS] resolve files> Scanning /Users/pripum/Documents/codeql-snyk-github-testing/codeql-and-workflows/codeqldb/trap/java/classes/java/net/URI.members...
[2025-03-10 16:01:02] [PROGRESS] resolve files> Scanning /Users/pripum/Documents/codeql-snyk-github-testing/codeql-and-workflows/codeqldb/trap/java/classes/java/net/URLStreamHandler.members...
[2025-03-10 16:01:02] [PROGRESS] resolve files> Scanning /Users/pripum/Documents/codeql-snyk-github-testing/codeql-and-workflows/codeqldb/trap/java/classes/java/net/Inet6AddressImpl.members...
[2025-03-10 16:01:02] [PROGRESS] resolve files> Scanning /Users/pripum/Documents/codeql-snyk-github-testing/codeql-and-workflows/codeqldb/trap/java/classes/java/net/ContentHandlerFactory.members...
[2025-03-10 16:01:02] [PROGRESS] resolve files> Scanning /Users/pripum/Documents/codeql-snyk-github-testing/codeql-and-workflows/codeqldb/trap/java/classes/java/net/Inet6Address.members...
[2025-03-10 16:01:02] [PROGRESS] resolve files> Scanning /Users/pripum/Documents/codeql-snyk-github-testing/codeql-and-workflows/codeqldb/trap/java/classes/java/net/Proxy$Type.members...
[2025-03-10 16:01:02] [PROGRESS] resolve files> Scanning /Users/pripum/Documents/codeql-snyk-github-testing/codeql-and-workflows/codeqldb/trap/java/classes/java/net/spi...
[2025-03-10 16:01:02] [PROGRESS] resolve files> Scanning /Users/pripum/Documents/codeql-snyk-github-testing/codeql-and-workflows/codeqldb/trap/java/classes/java/net/spi/InetAddressResolver.members...
[2025-03-10 16:01:02] [PROGRESS] resolve files> Scanning /Users/pripum/Documents/codeql-snyk-github-testing/codeql-and-workflows/codeqldb/trap/java/classes/java/net/spi/InetAddressResolver$LookupPolicy.members...
[2025-03-10 16:01:02] [PROGRESS] resolve files> Scanning /Users/pripum/Documents/codeql-snyk-github-testing/codeql-and-workflows/codeqldb/trap/java/classes/java/net/URL.members...
[2025-03-10 16:01:02] [PROGRESS] resolve files> Scanning /Users/pripum/Documents/codeql-snyk-github-testing/codeql-and-workflows/codeqldb/trap/java/classes/java/net/SocketAddress.members...
[2025-03-10 16:01:02] [PROGRESS] resolve files> Scanning /Users/pripum/Documents/codeql-snyk-github-testing/codeql-and-workflows/codeqldb/trap/java/classes/java/net/InetAddressImpl.members...
[2025-03-10 16:01:02] [PROGRESS] resolve files> Scanning /Users/pripum/Documents/codeql-snyk-github-testing/codeql-and-workflows/codeqldb/trap/java/classes/java/net/Inet4AddressImpl.members...
[2025-03-10 16:01:02] [PROGRESS] resolve files> Scanning /Users/pripum/Documents/codeql-snyk-github-testing/codeql-and-workflows/codeqldb/trap/java/classes/java/net/InetAddress$InetAddressHolder.members...
[2025-03-10 16:01:02] [PROGRESS] resolve files> Scanning /Users/pripum/Documents/codeql-snyk-github-testing/codeql-and-workflows/codeqldb/trap/java/classes/java/net/UnknownHostException.members...
[2025-03-10 16:01:02] [PROGRESS] resolve files> Scanning /Users/pripum/Documents/codeql-snyk-github-testing/codeql-and-workflows/codeqldb/trap/java/classes/java/net/URLStreamHandlerFactory.members...
[2025-03-10 16:01:02] [PROGRESS] resolve files> Scanning /Users/pripum/Documents/codeql-snyk-github-testing/codeql-and-workflows/codeqldb/trap/java/classes/java/net/URISyntaxException.members...
[2025-03-10 16:01:02] [PROGRESS] resolve files> Scanning /Users/pripum/Documents/codeql-snyk-github-testing/codeql-and-workflows/codeqldb/trap/java/classes/java/net/Proxy.members...
[2025-03-10 16:01:02] [PROGRESS] resolve files> Scanning /Users/pripum/Documents/codeql-snyk-github-testing/codeql-and-workflows/codeqldb/trap/java/classes/java/net/InetAddress.members...
[2025-03-10 16:01:02] [PROGRESS] resolve files> Scanning /Users/pripum/Documents/codeql-snyk-github-testing/codeql-and-workflows/codeqldb/trap/java/classes/java/util...
[2025-03-10 16:01:02] [PROGRESS] resolve files> Scanning /Users/pripum/Documents/codeql-snyk-github-testing/codeql-and-workflows/codeqldb/trap/java/classes/java/util/Currency$SpecialCaseEntry.members...
[2025-03-10 16:01:02] [PROGRESS] resolve files> Scanning /Users/pripum/Documents/codeql-snyk-github-testing/codeql-and-workflows/codeqldb/trap/java/classes/java/util/AbstractCollection.members...
[2025-03-10 16:01:02] [PROGRESS] resolve files> Scanning /Users/pripum/Documents/codeql-snyk-github-testing/codeql-and-workflows/codeqldb/trap/java/classes/java/util/HashMap.members...
[2025-03-10 16:01:02] [PROGRESS] resolve files> Scanning /Users/pripum/Documents/codeql-snyk-github-testing/codeql-and-workflows/codeqldb/trap/java/classes/java/util/Spliterator$OfLong.members...
[2025-03-10 16:01:02] [PROGRESS] resolve files> Scanning /Users/pripum/Documents/codeql-snyk-github-testing/codeql-and-workflows/codeqldb/trap/java/classes/java/util/ResourceBundle$Control.members...
[2025-03-10 16:01:02] [PROGRESS] resolve files> Scanning /Users/pripum/Documents/codeql-snyk-github-testing/codeql-and-workflows/codeqldb/trap/java/classes/java/util/RegularEnumSet.members...
[2025-03-10 16:01:02] [PROGRESS] resolve files> Scanning /Users/pripum/Documents/codeql-snyk-github-testing/codeql-and-workflows/codeqldb/trap/java/classes/java/util/Currency.members...
[2025-03-10 16:01:02] [PROGRESS] resolve files> Scanning /Users/pripum/Documents/codeql-snyk-github-testing/codeql-and-workflows/codeqldb/trap/java/classes/java/util/OptionalDouble.members...
[2025-03-10 16:01:02] [PROGRESS] resolve files> Scanning /Users/pripum/Documents/codeql-snyk-github-testing/codeql-and-workflows/codeqldb/trap/java/classes/java/util/Base64.members...
[2025-03-10 16:01:02] [PROGRESS] resolve files> Scanning /Users/pripum/Documents/codeql-snyk-github-testing/codeql-and-workflows/codeqldb/trap/java/classes/java/util/Locale$Category.members...
[2025-03-10 16:01:02] [PROGRESS] resolve files> Scanning /Users/pripum/Documents/codeql-snyk-github-testing/codeql-and-workflows/codeqldb/trap/java/classes/java/util/SequencedCollection.members...
[2025-03-10 16:01:02] [PROGRESS] resolve files> Scanning /Users/pripum/Documents/codeql-snyk-github-testing/codeql-and-workflows/codeqldb/trap/java/classes/java/util/SortedMap.members...
[2025-03-10 16:01:02] [PROGRESS] resolve files> Scanning /Users/pripum/Documents/codeql-snyk-github-testing/codeql-and-workflows/codeqldb/trap/java/classes/java/util/ResourceBundle.members...
[2025-03-10 16:01:02] [PROGRESS] resolve files> Scanning /Users/pripum/Documents/codeql-snyk-github-testing/codeql-and-workflows/codeqldb/trap/java/classes/java/util/Spliterator.members...
[2025-03-10 16:01:02] [PROGRESS] resolve files> Scanning /Users/pripum/Documents/codeql-snyk-github-testing/codeql-and-workflows/codeqldb/trap/java/classes/java/util/Calendar.members...
[2025-03-10 16:01:02] [PROGRESS] resolve files> Scanning /Users/pripum/Documents/codeql-snyk-github-testing/codeql-and-workflows/codeqldb/trap/java/classes/java/util/Iterator.members...
[2025-03-10 16:01:02] [PROGRESS] resolve files> Scanning /Users/pripum/Documents/codeql-snyk-github-testing/codeql-and-workflows/codeqldb/trap/java/classes/java/util/DoubleSummaryStatistics.members...
[2025-03-10 16:01:02] [PROGRESS] resolve files> Scanning /Users/pripum/Documents/codeql-snyk-github-testing/codeql-and-workflows/codeqldb/trap/java/classes/java/util/Locale$LanguageRange.members...
[2025-03-10 16:01:02] [PROGRESS] resolve files> Scanning /Users/pripum/Documents/codeql-snyk-github-testing/codeql-and-workflows/codeqldb/trap/java/classes/java/util/Map$Entry.members...
[2025-03-10 16:01:02] [PROGRESS] resolve files> Scanning /Users/pripum/Documents/codeql-snyk-github-testing/codeql-and-workflows/codeqldb/trap/java/classes/java/util/stream...
[2025-03-10 16:01:02] [PROGRESS] resolve files> Scanning /Users/pripum/Documents/codeql-snyk-github-testing/codeql-and-workflows/codeqldb/trap/java/classes/java/util/stream/Gatherer$Downstream.members...
[2025-03-10 16:01:02] [PROGRESS] resolve files> Scanning /Users/pripum/Documents/codeql-snyk-github-testing/codeql-and-workflows/codeqldb/trap/java/classes/java/util/stream/Collector$Characteristics.members...
[2025-03-10 16:01:02] [PROGRESS] resolve files> Scanning /Users/pripum/Documents/codeql-snyk-github-testing/codeql-and-workflows/codeqldb/trap/java/classes/java/util/stream/Gatherer$Integrator.members...
[2025-03-10 16:01:02] [PROGRESS] resolve files> Scanning /Users/pripum/Documents/codeql-snyk-github-testing/codeql-and-workflows/codeqldb/trap/java/classes/java/util/stream/Gatherer.members...
[2025-03-10 16:01:02] [PROGRESS] resolve files> Scanning /Users/pripum/Documents/codeql-snyk-github-testing/codeql-and-workflows/codeqldb/trap/java/classes/java/util/stream/DoubleStream$DoubleMapMultiConsumer.members...
[2025-03-10 16:01:02] [PROGRESS] resolve files> Scanning /Users/pripum/Documents/codeql-snyk-github-testing/codeql-and-workflows/codeqldb/trap/java/classes/java/util/stream/LongStream.members...
[2025-03-10 16:01:02] [PROGRESS] resolve files> Scanning /Users/pripum/Documents/codeql-snyk-github-testing/codeql-and-workflows/codeqldb/trap/java/classes/java/util/stream/BaseStream.members...
[2025-03-10 16:01:02] [PROGRESS] resolve files> Scanning /Users/pripum/Documents/codeql-snyk-github-testing/codeql-and-workflows/codeqldb/trap/java/classes/java/util/stream/LongStream$LongMapMultiConsumer.members...
[2025-03-10 16:01:02] [PROGRESS] resolve files> Scanning /Users/pripum/Documents/codeql-snyk-github-testing/codeql-and-workflows/codeqldb/trap/java/classes/java/util/stream/LongStream$Builder.members...
[2025-03-10 16:01:02] [PROGRESS] resolve files> Scanning /Users/pripum/Documents/codeql-snyk-github-testing/codeql-and-workflows/codeqldb/trap/java/classes/java/util/stream/Stream$Builder.members...
[2025-03-10 16:01:02] [PROGRESS] resolve files> Scanning /Users/pripum/Documents/codeql-snyk-github-testing/codeql-and-workflows/codeqldb/trap/java/classes/java/util/stream/Gatherer$Integrator$Greedy.members...
[2025-03-10 16:01:02] [PROGRESS] resolve files> Scanning /Users/pripum/Documents/codeql-snyk-github-testing/codeql-and-workflows/codeqldb/trap/java/classes/java/util/stream/IntStream$Builder.members...
[2025-03-10 16:01:02] [PROGRESS] resolve files> Scanning /Users/pripum/Documents/codeql-snyk-github-testing/codeql-and-workflows/codeqldb/trap/java/classes/java/util/stream/IntStream$IntMapMultiConsumer.members...
[2025-03-10 16:01:02] [PROGRESS] resolve files> Scanning /Users/pripum/Documents/codeql-snyk-github-testing/codeql-and-workflows/codeqldb/trap/java/classes/java/util/stream/IntStream.members...
[2025-03-10 16:01:02] [PROGRESS] resolve files> Scanning /Users/pripum/Documents/codeql-snyk-github-testing/codeql-and-workflows/codeqldb/trap/java/classes/java/util/stream/Collector.members...
[2025-03-10 16:01:02] [PROGRESS] resolve files> Scanning /Users/pripum/Documents/codeql-snyk-github-testing/codeql-and-workflows/codeqldb/trap/java/classes/java/util/stream/DoubleStream.members...
[2025-03-10 16:01:02] [PROGRESS] resolve files> Scanning /Users/pripum/Documents/codeql-snyk-github-testing/codeql-and-workflows/codeqldb/trap/java/classes/java/util/stream/Stream.members...
[2025-03-10 16:01:02] [PROGRESS] resolve files> Scanning /Users/pripum/Documents/codeql-snyk-github-testing/codeql-and-workflows/codeqldb/trap/java/classes/java/util/stream/DoubleStream$Builder.members...
[2025-03-10 16:01:02] [PROGRESS] resolve files> Scanning /Users/pripum/Documents/codeql-snyk-github-testing/codeql-and-workflows/codeqldb/trap/java/classes/java/util/LinkedHashMap$Entry.members...
[2025-03-10 16:01:02] [PROGRESS] resolve files> Scanning /Users/pripum/Documents/codeql-snyk-github-testing/codeql-and-workflows/codeqldb/trap/java/classes/java/util/HashMap$TreeNode.members...
[2025-03-10 16:01:02] [PROGRESS] resolve files> Scanning /Users/pripum/Documents/codeql-snyk-github-testing/codeql-and-workflows/codeqldb/trap/java/classes/java/util/JumboEnumSet.members...
[2025-03-10 16:01:02] [PROGRESS] resolve files> Scanning /Users/pripum/Documents/codeql-snyk-github-testing/codeql-and-workflows/codeqldb/trap/java/classes/java/util/Base64$Decoder.members...
[2025-03-10 16:01:02] [PROGRESS] resolve files> Scanning /Users/pripum/Documents/codeql-snyk-github-testing/codeql-and-workflows/codeqldb/trap/java/classes/java/util/Locale$IsoCountryCode.members...
[2025-03-10 16:01:02] [PROGRESS] resolve files> Scanning /Users/pripum/Documents/codeql-snyk-github-testing/codeql-and-workflows/codeqldb/trap/java/classes/java/util/PrimitiveIterator$OfDouble.members...
[2025-03-10 16:01:02] [PROGRESS] resolve files> Scanning /Users/pripum/Documents/codeql-snyk-github-testing/codeql-and-workflows/codeqldb/trap/java/classes/java/util/HashMap$Node.members...
[2025-03-10 16:01:02] [PROGRESS] resolve files> Scanning /Users/pripum/Documents/codeql-snyk-github-testing/codeql-and-workflows/codeqldb/trap/java/classes/java/util/ListIterator.members...
[2025-03-10 16:01:02] [PROGRESS] resolve files> Scanning /Users/pripum/Documents/codeql-snyk-github-testing/codeql-and-workflows/codeqldb/trap/java/classes/java/util/PrimitiveIterator$OfInt.members...
[2025-03-10 16:01:02] [PROGRESS] resolve files> Scanning /Users/pripum/Documents/codeql-snyk-github-testing/codeql-and-workflows/codeqldb/trap/java/classes/java/util/Hashtable.members...
[2025-03-10 16:01:02] [PROGRESS] resolve files> Scanning /Users/pripum/Documents/codeql-snyk-github-testing/codeql-and-workflows/codeqldb/trap/java/classes/java/util/LongSummaryStatistics.members...
[2025-03-10 16:01:02] [PROGRESS] resolve files> Scanning /Users/pripum/Documents/codeql-snyk-github-testing/codeql-and-workflows/codeqldb/trap/java/classes/java/util/function...
[2025-03-10 16:01:02] [PROGRESS] resolve files> Scanning /Users/pripum/Documents/codeql-snyk-github-testing/codeql-and-workflows/codeqldb/trap/java/classes/java/util/function/UnaryOperator.members...
[2025-03-10 16:01:02] [PROGRESS] resolve files> Scanning /Users/pripum/Documents/codeql-snyk-github-testing/codeql-and-workflows/codeqldb/trap/java/classes/java/util/function/BiFunction.members...
[2025-03-10 16:01:02] [PROGRESS] resolve files> Scanning /Users/pripum/Documents/codeql-snyk-github-testing/codeql-and-workflows/codeqldb/trap/java/classes/java/util/function/LongConsumer.members...
[2025-03-10 16:01:02] [PROGRESS] resolve files> Scanning /Users/pripum/Documents/codeql-snyk-github-testing/codeql-and-workflows/codeqldb/trap/java/classes/java/util/function/DoubleConsumer.members...
[2025-03-10 16:01:02] [PROGRESS] resolve files> Scanning /Users/pripum/Documents/codeql-snyk-github-testing/codeql-and-workflows/codeqldb/trap/java/classes/java/util/function/DoubleToLongFunction.members...
[2025-03-10 16:01:02] [PROGRESS] resolve files> Scanning /Users/pripum/Documents/codeql-snyk-github-testing/codeql-and-workflows/codeqldb/trap/java/classes/java/util/function/ToDoubleFunction.members...
[2025-03-10 16:01:02] [PROGRESS] resolve files> Scanning /Users/pripum/Documents/codeql-snyk-github-testing/codeql-and-workflows/codeqldb/trap/java/classes/java/util/function/DoubleToIntFunction.members...
[2025-03-10 16:01:02] [PROGRESS] resolve files> Scanning /Users/pripum/Documents/codeql-snyk-github-testing/codeql-and-workflows/codeqldb/trap/java/classes/java/util/function/Predicate.members...
[2025-03-10 16:01:02] [PROGRESS] resolve files> Scanning /Users/pripum/Documents/codeql-snyk-github-testing/codeql-and-workflows/codeqldb/trap/java/classes/java/util/function/DoubleUnaryOperator.members...
[2025-03-10 16:01:02] [PROGRESS] resolve files> Scanning /Users/pripum/Documents/codeql-snyk-github-testing/codeql-and-workflows/codeqldb/trap/java/classes/java/util/function/IntConsumer.members...
[2025-03-10 16:01:02] [PROGRESS] resolve files> Scanning /Users/pripum/Documents/codeql-snyk-github-testing/codeql-and-workflows/codeqldb/trap/java/classes/java/util/function/Supplier.members...
[2025-03-10 16:01:02] [PROGRESS] resolve files> Scanning /Users/pripum/Documents/codeql-snyk-github-testing/codeql-and-workflows/codeqldb/trap/java/classes/java/util/function/Function.members...
[2025-03-10 16:01:02] [PROGRESS] resolve files> Scanning /Users/pripum/Documents/codeql-snyk-github-testing/codeql-and-workflows/codeqldb/trap/java/classes/java/util/function/ToDoubleBiFunction.members...
[2025-03-10 16:01:02] [PROGRESS] resolve files> Scanning /Users/pripum/Documents/codeql-snyk-github-testing/codeql-and-workflows/codeqldb/trap/java/classes/java/util/function/ToIntFunction.members...
[2025-03-10 16:01:02] [PROGRESS] resolve files> Scanning /Users/pripum/Documents/codeql-snyk-github-testing/codeql-and-workflows/codeqldb/trap/java/classes/java/util/function/IntToLongFunction.members...
[2025-03-10 16:01:02] [PROGRESS] resolve files> Scanning /Users/pripum/Documents/codeql-snyk-github-testing/codeql-and-workflows/codeqldb/trap/java/classes/java/util/function/DoublePredicate.members...
[2025-03-10 16:01:02] [PROGRESS] resolve files> Scanning /Users/pripum/Documents/codeql-snyk-github-testing/codeql-and-workflows/codeqldb/trap/java/classes/java/util/function/ObjDoubleConsumer.members...
[2025-03-10 16:01:02] [PROGRESS] resolve files> Scanning /Users/pripum/Documents/codeql-snyk-github-testing/codeql-and-workflows/codeqldb/trap/java/classes/java/util/function/ToLongFunction.members...
[2025-03-10 16:01:02] [PROGRESS] resolve files> Scanning /Users/pripum/Documents/codeql-snyk-github-testing/codeql-and-workflows/codeqldb/trap/java/classes/java/util/function/IntToDoubleFunction.members...
[2025-03-10 16:01:02] [PROGRESS] resolve files> Scanning /Users/pripum/Documents/codeql-snyk-github-testing/codeql-and-workflows/codeqldb/trap/java/classes/java/util/function/LongBinaryOperator.members...
[2025-03-10 16:01:02] [PROGRESS] resolve files> Scanning /Users/pripum/Documents/codeql-snyk-github-testing/codeql-and-workflows/codeqldb/trap/java/classes/java/util/function/LongPredicate.members...
[2025-03-10 16:01:02] [PROGRESS] resolve files> Scanning /Users/pripum/Documents/codeql-snyk-github-testing/codeql-and-workflows/codeqldb/trap/java/classes/java/util/function/LongToDoubleFunction.members...
[2025-03-10 16:01:02] [PROGRESS] resolve files> Scanning /Users/pripum/Documents/codeql-snyk-github-testing/codeql-and-workflows/codeqldb/trap/java/classes/java/util/function/IntPredicate.members...
[2025-03-10 16:01:02] [PROGRESS] resolve files> Scanning /Users/pripum/Documents/codeql-snyk-github-testing/codeql-and-workflows/codeqldb/trap/java/classes/java/util/function/LongUnaryOperator.members...
[2025-03-10 16:01:02] [PROGRESS] resolve files> Scanning /Users/pripum/Documents/codeql-snyk-github-testing/codeql-and-workflows/codeqldb/trap/java/classes/java/util/function/DoubleSupplier.members...
[2025-03-10 16:01:02] [PROGRESS] resolve files> Scanning /Users/pripum/Documents/codeql-snyk-github-testing/codeql-and-workflows/codeqldb/trap/java/classes/java/util/function/LongSupplier.members...
[2025-03-10 16:01:02] [PROGRESS] resolve files> Scanning /Users/pripum/Documents/codeql-snyk-github-testing/codeql-and-workflows/codeqldb/trap/java/classes/java/util/function/ToIntBiFunction.members...
[2025-03-10 16:01:02] [PROGRESS] resolve files> Scanning /Users/pripum/Documents/codeql-snyk-github-testing/codeql-and-workflows/codeqldb/trap/java/classes/java/util/function/IntBinaryOperator.members...
[2025-03-10 16:01:02] [PROGRESS] resolve files> Scanning /Users/pripum/Documents/codeql-snyk-github-testing/codeql-and-workflows/codeqldb/trap/java/classes/java/util/function/DoubleFunction.members...
[2025-03-10 16:01:02] [PROGRESS] resolve files> Scanning /Users/pripum/Documents/codeql-snyk-github-testing/codeql-and-workflows/codeqldb/trap/java/classes/java/util/function/LongFunction.members...
[2025-03-10 16:01:02] [PROGRESS] resolve files> Scanning /Users/pripum/Documents/codeql-snyk-github-testing/codeql-and-workflows/codeqldb/trap/java/classes/java/util/function/BiConsumer.members...
[2025-03-10 16:01:02] [PROGRESS] resolve files> Scanning /Users/pripum/Documents/codeql-snyk-github-testing/codeql-and-workflows/codeqldb/trap/java/classes/java/util/function/BinaryOperator.members...
[2025-03-10 16:01:02] [PROGRESS] resolve files> Scanning /Users/pripum/Documents/codeql-snyk-github-testing/codeql-and-workflows/codeqldb/trap/java/classes/java/util/function/ToLongBiFunction.members...
[2025-03-10 16:01:02] [PROGRESS] resolve files> Scanning /Users/pripum/Documents/codeql-snyk-github-testing/codeql-and-workflows/codeqldb/trap/java/classes/java/util/function/ObjLongConsumer.members...
[2025-03-10 16:01:02] [PROGRESS] resolve files> Scanning /Users/pripum/Documents/codeql-snyk-github-testing/codeql-and-workflows/codeqldb/trap/java/classes/java/util/function/IntUnaryOperator.members...
[2025-03-10 16:01:02] [PROGRESS] resolve files> Scanning /Users/pripum/Documents/codeql-snyk-github-testing/codeql-and-workflows/codeqldb/trap/java/classes/java/util/function/ObjIntConsumer.members...
[2025-03-10 16:01:02] [PROGRESS] resolve files> Scanning /Users/pripum/Documents/codeql-snyk-github-testing/codeql-and-workflows/codeqldb/trap/java/classes/java/util/function/IntFunction.members...
[2025-03-10 16:01:02] [PROGRESS] resolve files> Scanning /Users/pripum/Documents/codeql-snyk-github-testing/codeql-and-workflows/codeqldb/trap/java/classes/java/util/function/Consumer.members...
[2025-03-10 16:01:02] [PROGRESS] resolve files> Scanning /Users/pripum/Documents/codeql-snyk-github-testing/codeql-and-workflows/codeqldb/trap/java/classes/java/util/function/DoubleBinaryOperator.members...
[2025-03-10 16:01:02] [PROGRESS] resolve files> Scanning /Users/pripum/Documents/codeql-snyk-github-testing/codeql-and-workflows/codeqldb/trap/java/classes/java/util/function/IntSupplier.members...
[2025-03-10 16:01:02] [PROGRESS] resolve files> Scanning /Users/pripum/Documents/codeql-snyk-github-testing/codeql-and-workflows/codeqldb/trap/java/classes/java/util/function/LongToIntFunction.members...
[2025-03-10 16:01:02] [PROGRESS] resolve files> Scanning /Users/pripum/Documents/codeql-snyk-github-testing/codeql-and-workflows/codeqldb/trap/java/classes/java/util/Random.members...
[2025-03-10 16:01:02] [PROGRESS] resolve files> Scanning /Users/pripum/Documents/codeql-snyk-github-testing/codeql-and-workflows/codeqldb/trap/java/classes/java/util/Dictionary.members...
[2025-03-10 16:01:02] [PROGRESS] resolve files> Scanning /Users/pripum/Documents/codeql-snyk-github-testing/codeql-and-workflows/codeqldb/trap/java/classes/java/util/Collection.members...
[2025-03-10 16:01:02] [PROGRESS] resolve files> Scanning /Users/pripum/Documents/codeql-snyk-github-testing/codeql-and-workflows/codeqldb/trap/java/classes/java/util/Properties.members...
[2025-03-10 16:01:02] [PROGRESS] resolve files> Scanning /Users/pripum/Documents/codeql-snyk-github-testing/codeql-and-workflows/codeqldb/trap/java/classes/java/util/RandomAccess.members...
[2025-03-10 16:01:02] [PROGRESS] resolve files> Scanning /Users/pripum/Documents/codeql-snyk-github-testing/codeql-and-workflows/codeqldb/trap/java/classes/java/util/EnumSet.members...
[2025-03-10 16:01:02] [PROGRESS] resolve files> Scanning /Users/pripum/Documents/codeql-snyk-github-testing/codeql-and-workflows/codeqldb/trap/java/classes/java/util/AbstractList.members...
[2025-03-10 16:01:02] [PROGRESS] resolve files> Scanning /Users/pripum/Documents/codeql-snyk-github-testing/codeql-and-workflows/codeqldb/trap/java/classes/java/util/SequencedSet.members...
[2025-03-10 16:01:02] [PROGRESS] resolve files> Scanning /Users/pripum/Documents/codeql-snyk-github-testing/codeql-and-workflows/codeqldb/trap/java/classes/java/util/AbstractMap.members...
[2025-03-10 16:01:02] [PROGRESS] resolve files> Scanning /Users/pripum/Documents/codeql-snyk-github-testing/codeql-and-workflows/codeqldb/trap/java/classes/java/util/InvalidPropertiesFormatException.members...
[2025-03-10 16:01:02] [PROGRESS] resolve files> Scanning /Users/pripum/Documents/codeql-snyk-github-testing/codeql-and-workflows/codeqldb/trap/java/classes/java/util/LinkedHashMap.members...
[2025-03-10 16:01:02] [PROGRESS] resolve files> Scanning /Users/pripum/Documents/codeql-snyk-github-testing/codeql-and-workflows/codeqldb/trap/java/classes/java/util/SequencedMap.members...
[2025-03-10 16:01:02] [PROGRESS] resolve files> Scanning /Users/pripum/Documents/codeql-snyk-github-testing/codeql-and-workflows/codeqldb/trap/java/classes/java/util/concurrent...
[2025-03-10 16:01:02] [PROGRESS] resolve files> Scanning /Users/pripum/Documents/codeql-snyk-github-testing/codeql-and-workflows/codeqldb/trap/java/classes/java/util/concurrent/CompletableFuture$BiAccept.members...
[2025-03-10 16:01:02] [PROGRESS] resolve files> Scanning /Users/pripum/Documents/codeql-snyk-github-testing/codeql-and-workflows/codeqldb/trap/java/classes/java/util/concurrent/CompletableFuture$BiApply.members...
[2025-03-10 16:01:02] [PROGRESS] resolve files> Scanning /Users/pripum/Documents/codeql-snyk-github-testing/codeql-and-workflows/codeqldb/trap/java/classes/java/util/concurrent/CompletionStage.members...
[2025-03-10 16:01:02] [PROGRESS] resolve files> Scanning /Users/pripum/Documents/codeql-snyk-github-testing/codeql-and-workflows/codeqldb/trap/java/classes/java/util/concurrent/ThreadFactory.members...
[2025-03-10 16:01:02] [PROGRESS] resolve files> Scanning /Users/pripum/Documents/codeql-snyk-github-testing/codeql-and-workflows/codeqldb/trap/java/classes/java/util/concurrent/CompletableFuture$Completion.members...
[2025-03-10 16:01:02] [PROGRESS] resolve files> Scanning /Users/pripum/Documents/codeql-snyk-github-testing/codeql-and-workflows/codeqldb/trap/java/classes/java/util/concurrent/CountDownLatch.members...
[2025-03-10 16:01:02] [PROGRESS] resolve files> Scanning /Users/pripum/Documents/codeql-snyk-github-testing/codeql-and-workflows/codeqldb/trap/java/classes/java/util/concurrent/TimeoutException.members...
[2025-03-10 16:01:02] [PROGRESS] resolve files> Scanning /Users/pripum/Documents/codeql-snyk-github-testing/codeql-and-workflows/codeqldb/trap/java/classes/java/util/concurrent/CompletableFuture$BiCompletion.members...
[2025-03-10 16:01:02] [PROGRESS] resolve files> Scanning /Users/pripum/Documents/codeql-snyk-github-testing/codeql-and-workflows/codeqldb/trap/java/classes/java/util/concurrent/CompletableFuture$UniWhenComplete.members...
[2025-03-10 16:01:02] [PROGRESS] resolve files> Scanning /Users/pripum/Documents/codeql-snyk-github-testing/codeql-and-workflows/codeqldb/trap/java/classes/java/util/concurrent/ExecutorService.members...
[2025-03-10 16:01:02] [PROGRESS] resolve files> Scanning /Users/pripum/Documents/codeql-snyk-github-testing/codeql-and-workflows/codeqldb/trap/java/classes/java/util/concurrent/TimeUnit.members...
[2025-03-10 16:01:02] [PROGRESS] resolve files> Scanning /Users/pripum/Documents/codeql-snyk-github-testing/codeql-and-workflows/codeqldb/trap/java/classes/java/util/concurrent/ConcurrentHashMap$EntrySetView.members...
[2025-03-10 16:01:02] [PROGRESS] resolve files> Scanning /Users/pripum/Documents/codeql-snyk-github-testing/codeql-and-workflows/codeqldb/trap/java/classes/java/util/concurrent/CompletableFuture$AsynchronousCompletionTask.members...
[2025-03-10 16:01:02] [PROGRESS] resolve files> Scanning /Users/pripum/Documents/codeql-snyk-github-testing/codeql-and-workflows/codeqldb/trap/java/classes/java/util/concurrent/ConcurrentHashMap$CollectionView.members...
[2025-03-10 16:01:02] [PROGRESS] resolve files> Scanning /Users/pripum/Documents/codeql-snyk-github-testing/codeql-and-workflows/codeqldb/trap/java/classes/java/util/concurrent/Executor.members...
[2025-03-10 16:01:02] [PROGRESS] resolve files> Scanning /Users/pripum/Documents/codeql-snyk-github-testing/codeql-and-workflows/codeqldb/trap/java/classes/java/util/concurrent/Callable.members...
[2025-03-10 16:01:02] [PROGRESS] resolve files> Scanning /Users/pripum/Documents/codeql-snyk-github-testing/codeql-and-workflows/codeqldb/trap/java/classes/java/util/concurrent/CompletionException.members...
[2025-03-10 16:01:02] [PROGRESS] resolve files> Scanning /Users/pripum/Documents/codeql-snyk-github-testing/codeql-and-workflows/codeqldb/trap/java/classes/java/util/concurrent/ConcurrentHashMap$Node.members...
[2025-03-10 16:01:02] [PROGRESS] resolve files> Scanning /Users/pripum/Documents/codeql-snyk-github-testing/codeql-and-workflows/codeqldb/trap/java/classes/java/util/concurrent/ConcurrentHashMap$KeySetView.members...
[2025-03-10 16:01:02] [PROGRESS] resolve files> Scanning /Users/pripum/Documents/codeql-snyk-github-testing/codeql-and-workflows/codeqldb/trap/java/classes/java/util/concurrent/CompletableFuture$UniCompletion.members...
[2025-03-10 16:01:02] [PROGRESS] resolve files> Scanning /Users/pripum/Documents/codeql-snyk-github-testing/codeql-and-workflows/codeqldb/trap/java/classes/java/util/concurrent/Future.members...
[2025-03-10 16:01:02] [PROGRESS] resolve files> Scanning /Users/pripum/Documents/codeql-snyk-github-testing/codeql-and-workflows/codeqldb/trap/java/classes/java/util/concurrent/ForkJoinPool$WorkQueue.members...
[2025-03-10 16:01:02] [PROGRESS] resolve files> Scanning /Users/pripum/Documents/codeql-snyk-github-testing/codeql-and-workflows/codeqldb/trap/java/classes/java/util/concurrent/CompletableFuture$BiRun.members...
[2025-03-10 16:01:02] [PROGRESS] resolve files> Scanning /Users/pripum/Documents/codeql-snyk-github-testing/codeql-and-workflows/codeqldb/trap/java/classes/java/util/concurrent/ForkJoinTask.members...
[2025-03-10 16:01:02] [PROGRESS] resolve files> Scanning /Users/pripum/Documents/codeql-snyk-github-testing/codeql-and-workflows/codeqldb/trap/java/classes/java/util/concurrent/ForkJoinPool$ManagedBlocker.members...
[2025-03-10 16:01:02] [PROGRESS] resolve files> Scanning /Users/pripum/Documents/codeql-snyk-github-testing/codeql-and-workflows/codeqldb/trap/java/classes/java/util/concurrent/CompletableFuture$UniExceptionally.members...
[2025-03-10 16:01:02] [PROGRESS] resolve files> Scanning /Users/pripum/Documents/codeql-snyk-github-testing/codeql-and-workflows/codeqldb/trap/java/classes/java/util/concurrent/ConcurrentHashMap$ValuesView.members...
[2025-03-10 16:01:02] [PROGRESS] resolve files> Scanning /Users/pripum/Documents/codeql-snyk-github-testing/codeql-and-workflows/codeqldb/trap/java/classes/java/util/concurrent/RunnableFuture.members...
[2025-03-10 16:01:02] [PROGRESS] resolve files> Scanning /Users/pripum/Documents/codeql-snyk-github-testing/codeql-and-workflows/codeqldb/trap/java/classes/java/util/concurrent/ExecutionException.members...
[2025-03-10 16:01:02] [PROGRESS] resolve files> Scanning /Users/pripum/Documents/codeql-snyk-github-testing/codeql-and-workflows/codeqldb/trap/java/classes/java/util/concurrent/AbstractExecutorService.members...
[2025-03-10 16:01:02] [PROGRESS] resolve files> Scanning /Users/pripum/Documents/codeql-snyk-github-testing/codeql-and-workflows/codeqldb/trap/java/classes/java/util/concurrent/CompletableFuture$UniHandle.members...
[2025-03-10 16:01:02] [PROGRESS] resolve files> Scanning /Users/pripum/Documents/codeql-snyk-github-testing/codeql-and-workflows/codeqldb/trap/java/classes/java/util/concurrent/ConcurrentMap.members...
[2025-03-10 16:01:02] [PROGRESS] resolve files> Scanning /Users/pripum/Documents/codeql-snyk-github-testing/codeql-and-workflows/codeqldb/trap/java/classes/java/util/concurrent/ForkJoinPool$ForkJoinWorkerThreadFactory.members...
[2025-03-10 16:01:02] [PROGRESS] resolve files> Scanning /Users/pripum/Documents/codeql-snyk-github-testing/codeql-and-workflows/codeqldb/trap/java/classes/java/util/concurrent/ForkJoinPool.members...
[2025-03-10 16:01:02] [PROGRESS] resolve files> Scanning /Users/pripum/Documents/codeql-snyk-github-testing/codeql-and-workflows/codeqldb/trap/java/classes/java/util/concurrent/ConcurrentHashMap.members...
[2025-03-10 16:01:02] [PROGRESS] resolve files> Scanning /Users/pripum/Documents/codeql-snyk-github-testing/codeql-and-workflows/codeqldb/trap/java/classes/java/util/concurrent/CompletableFuture$AltResult.members...
[2025-03-10 16:01:02] [PROGRESS] resolve files> Scanning /Users/pripum/Documents/codeql-snyk-github-testing/codeql-and-workflows/codeqldb/trap/java/classes/java/util/concurrent/ForkJoinWorkerThread.members...
[2025-03-10 16:01:02] [PROGRESS] resolve files> Scanning /Users/pripum/Documents/codeql-snyk-github-testing/codeql-and-workflows/codeqldb/trap/java/classes/java/util/concurrent/Future$State.members...
[2025-03-10 16:01:02] [PROGRESS] resolve files> Scanning /Users/pripum/Documents/codeql-snyk-github-testing/codeql-and-workflows/codeqldb/trap/java/classes/java/util/concurrent/CompletableFuture.members...
[2025-03-10 16:01:02] [PROGRESS] resolve files> Scanning /Users/pripum/Documents/codeql-snyk-github-testing/codeql-and-workflows/codeqldb/trap/java/classes/java/util/AbstractSet.members...
[2025-03-10 16:01:02] [PROGRESS] resolve files> Scanning /Users/pripum/Documents/codeql-snyk-github-testing/codeql-and-workflows/codeqldb/trap/java/classes/java/util/WeakHashMap.members...
[2025-03-10 16:01:02] [PROGRESS] resolve files> Scanning /Users/pripum/Documents/codeql-snyk-github-testing/codeql-and-workflows/codeqldb/trap/java/classes/java/util/WeakHashMap$Entry.members...
[2025-03-10 16:01:02] [PROGRESS] resolve files> Scanning /Users/pripum/Documents/codeql-snyk-github-testing/codeql-and-workflows/codeqldb/trap/java/classes/java/util/List.members...
[2025-03-10 16:01:02] [PROGRESS] resolve files> Scanning /Users/pripum/Documents/codeql-snyk-github-testing/codeql-and-workflows/codeqldb/trap/java/classes/java/util/Enumeration.members...
[2025-03-10 16:01:02] [PROGRESS] resolve files> Scanning /Users/pripum/Documents/codeql-snyk-github-testing/codeql-and-workflows/codeqldb/trap/java/classes/java/util/PrimitiveIterator$OfLong.members...
[2025-03-10 16:01:02] [PROGRESS] resolve files> Scanning /Users/pripum/Documents/codeql-snyk-github-testing/codeql-and-workflows/codeqldb/trap/java/classes/java/util/Date.members...
[2025-03-10 16:01:02] [PROGRESS] resolve files> Scanning /Users/pripum/Documents/codeql-snyk-github-testing/codeql-and-workflows/codeqldb/trap/java/classes/java/util/Locale.members...
[2025-03-10 16:01:02] [PROGRESS] resolve files> Scanning /Users/pripum/Documents/codeql-snyk-github-testing/codeql-and-workflows/codeqldb/trap/java/classes/java/util/Set.members...
[2025-03-10 16:01:02] [PROGRESS] resolve files> Scanning /Users/pripum/Documents/codeql-snyk-github-testing/codeql-and-workflows/codeqldb/trap/java/classes/java/util/PrimitiveIterator.members...
[2025-03-10 16:01:02] [PROGRESS] resolve files> Scanning /Users/pripum/Documents/codeql-snyk-github-testing/codeql-and-workflows/codeqldb/trap/java/classes/java/util/ArrayList.members...
[2025-03-10 16:01:02] [PROGRESS] resolve files> Scanning /Users/pripum/Documents/codeql-snyk-github-testing/codeql-and-workflows/codeqldb/trap/java/classes/java/util/random...
[2025-03-10 16:01:02] [PROGRESS] resolve files> Scanning /Users/pripum/Documents/codeql-snyk-github-testing/codeql-and-workflows/codeqldb/trap/java/classes/java/util/random/RandomGenerator.members...
[2025-03-10 16:01:02] [PROGRESS] resolve files> Scanning /Users/pripum/Documents/codeql-snyk-github-testing/codeql-and-workflows/codeqldb/trap/java/classes/java/util/OptionalLong.members...
[2025-03-10 16:01:02] [PROGRESS] resolve files> Scanning /Users/pripum/Documents/codeql-snyk-github-testing/codeql-and-workflows/codeqldb/trap/java/classes/java/util/IntSummaryStatistics.members...
[2025-03-10 16:01:02] [PROGRESS] resolve files> Scanning /Users/pripum/Documents/codeql-snyk-github-testing/codeql-and-workflows/codeqldb/trap/java/classes/java/util/Currency$OtherCurrencyEntry.members...
[2025-03-10 16:01:02] [PROGRESS] resolve files> Scanning /Users/pripum/Documents/codeql-snyk-github-testing/codeql-and-workflows/codeqldb/trap/java/classes/java/util/Optional.members...
[2025-03-10 16:01:02] [PROGRESS] resolve files> Scanning /Users/pripum/Documents/codeql-snyk-github-testing/codeql-and-workflows/codeqldb/trap/java/classes/java/util/Comparator.members...
[2025-03-10 16:01:02] [PROGRESS] resolve files> Scanning /Users/pripum/Documents/codeql-snyk-github-testing/codeql-and-workflows/codeqldb/trap/java/classes/java/util/Map.members...
[2025-03-10 16:01:02] [PROGRESS] resolve files> Scanning /Users/pripum/Documents/codeql-snyk-github-testing/codeql-and-workflows/codeqldb/trap/java/classes/java/util/Base64$Encoder.members...
[2025-03-10 16:01:02] [PROGRESS] resolve files> Scanning /Users/pripum/Documents/codeql-snyk-github-testing/codeql-and-workflows/codeqldb/trap/java/classes/java/util/MissingResourceException.members...
[2025-03-10 16:01:02] [PROGRESS] resolve files> Scanning /Users/pripum/Documents/codeql-snyk-github-testing/codeql-and-workflows/codeqldb/trap/java/classes/java/util/Spliterator$OfDouble.members...
[2025-03-10 16:01:02] [PROGRESS] resolve files> Scanning /Users/pripum/Documents/codeql-snyk-github-testing/codeql-and-workflows/codeqldb/trap/java/classes/java/util/logging...
[2025-03-10 16:01:02] [PROGRESS] resolve files> Scanning /Users/pripum/Documents/codeql-snyk-github-testing/codeql-and-workflows/codeqldb/trap/java/classes/java/util/logging/LogManager$LoggerContext.members...
[2025-03-10 16:01:02] [PROGRESS] resolve files> Scanning /Users/pripum/Documents/codeql-snyk-github-testing/codeql-and-workflows/codeqldb/trap/java/classes/java/util/logging/ErrorManager.members...
[2025-03-10 16:01:02] [PROGRESS] resolve files> Scanning /Users/pripum/Documents/codeql-snyk-github-testing/codeql-and-workflows/codeqldb/trap/java/classes/java/util/logging/LogManager$LogNode.members...
[2025-03-10 16:01:02] [PROGRESS] resolve files> Scanning /Users/pripum/Documents/codeql-snyk-github-testing/codeql-and-workflows/codeqldb/trap/java/classes/java/util/logging/LogManager.members...
[2025-03-10 16:01:02] [PROGRESS] resolve files> Scanning /Users/pripum/Documents/codeql-snyk-github-testing/codeql-and-workflows/codeqldb/trap/java/classes/java/util/logging/Filter.members...
[2025-03-10 16:01:02] [PROGRESS] resolve files> Scanning /Users/pripum/Documents/codeql-snyk-github-testing/codeql-and-workflows/codeqldb/trap/java/classes/java/util/logging/LogRecord.members...
[2025-03-10 16:01:02] [PROGRESS] resolve files> Scanning /Users/pripum/Documents/codeql-snyk-github-testing/codeql-and-workflows/codeqldb/trap/java/classes/java/util/logging/Handler.members...
[2025-03-10 16:01:02] [PROGRESS] resolve files> Scanning /Users/pripum/Documents/codeql-snyk-github-testing/codeql-and-workflows/codeqldb/trap/java/classes/java/util/logging/Formatter.members...
[2025-03-10 16:01:02] [PROGRESS] resolve files> Scanning /Users/pripum/Documents/codeql-snyk-github-testing/codeql-and-workflows/codeqldb/trap/java/classes/java/util/logging/Logger.members...
[2025-03-10 16:01:02] [PROGRESS] resolve files> Scanning /Users/pripum/Documents/codeql-snyk-github-testing/codeql-and-workflows/codeqldb/trap/java/classes/java/util/logging/Level.members...
[2025-03-10 16:01:02] [PROGRESS] resolve files> Scanning /Users/pripum/Documents/codeql-snyk-github-testing/codeql-and-workflows/codeqldb/trap/java/classes/java/util/logging/LoggingMXBean.members...
[2025-03-10 16:01:02] [PROGRESS] resolve files> Scanning /Users/pripum/Documents/codeql-snyk-github-testing/codeql-and-workflows/codeqldb/trap/java/classes/java/util/logging/LogManager$LoggerWeakRef.members...
[2025-03-10 16:01:02] [PROGRESS] resolve files> Scanning /Users/pripum/Documents/codeql-snyk-github-testing/codeql-and-workflows/codeqldb/trap/java/classes/java/util/Spliterator$OfPrimitive.members...
[2025-03-10 16:01:02] [PROGRESS] resolve files> Scanning /Users/pripum/Documents/codeql-snyk-github-testing/codeql-and-workflows/codeqldb/trap/java/classes/java/util/Spliterator$OfInt.members...
[2025-03-10 16:01:02] [PROGRESS] resolve files> Scanning /Users/pripum/Documents/codeql-snyk-github-testing/codeql-and-workflows/codeqldb/trap/java/classes/java/util/TimeZone.members...
[2025-03-10 16:01:02] [PROGRESS] resolve files> Scanning /Users/pripum/Documents/codeql-snyk-github-testing/codeql-and-workflows/codeqldb/trap/java/classes/java/util/Locale$FilteringMode.members...
[2025-03-10 16:01:02] [PROGRESS] resolve files> Scanning /Users/pripum/Documents/codeql-snyk-github-testing/codeql-and-workflows/codeqldb/trap/java/classes/java/util/OptionalInt.members...
[2025-03-10 16:01:02] [PROGRESS] resolve files> Scanning /Users/pripum/Documents/codeql-snyk-github-testing/codeql-and-workflows/codeqldb/trap/java/classes/java/security...
[2025-03-10 16:01:02] [PROGRESS] resolve files> Scanning /Users/pripum/Documents/codeql-snyk-github-testing/codeql-and-workflows/codeqldb/trap/java/classes/java/security/NoSuchProviderException.members...
[2025-03-10 16:01:02] [PROGRESS] resolve files> Scanning /Users/pripum/Documents/codeql-snyk-github-testing/codeql-and-workflows/codeqldb/trap/java/classes/java/security/Key.members...
[2025-03-10 16:01:02] [PROGRESS] resolve files> Scanning /Users/pripum/Documents/codeql-snyk-github-testing/codeql-and-workflows/codeqldb/trap/java/classes/java/security/PublicKey.members...
[2025-03-10 16:01:02] [PROGRESS] resolve files> Scanning /Users/pripum/Documents/codeql-snyk-github-testing/codeql-and-workflows/codeqldb/trap/java/classes/java/security/Timestamp.members...
[2025-03-10 16:01:02] [PROGRESS] resolve files> Scanning /Users/pripum/Documents/codeql-snyk-github-testing/codeql-and-workflows/codeqldb/trap/java/classes/java/security/PrivilegedActionException.members...
[2025-03-10 16:01:02] [PROGRESS] resolve files> Scanning /Users/pripum/Documents/codeql-snyk-github-testing/codeql-and-workflows/codeqldb/trap/java/classes/java/security/CodeSource.members...
[2025-03-10 16:01:02] [PROGRESS] resolve files> Scanning /Users/pripum/Documents/codeql-snyk-github-testing/codeql-and-workflows/codeqldb/trap/java/classes/java/security/Provider$Service.members...
[2025-03-10 16:01:02] [PROGRESS] resolve files> Scanning /Users/pripum/Documents/codeql-snyk-github-testing/codeql-and-workflows/codeqldb/trap/java/classes/java/security/ProtectionDomain.members...
[2025-03-10 16:01:02] [PROGRESS] resolve files> Scanning /Users/pripum/Documents/codeql-snyk-github-testing/codeql-and-workflows/codeqldb/trap/java/classes/java/security/InvalidKeyException.members...
[2025-03-10 16:01:02] [PROGRESS] resolve files> Scanning /Users/pripum/Documents/codeql-snyk-github-testing/codeql-and-workflows/codeqldb/trap/java/classes/java/security/PermissionCollection.members...
[2025-03-10 16:01:02] [PROGRESS] resolve files> Scanning /Users/pripum/Documents/codeql-snyk-github-testing/codeql-and-workflows/codeqldb/trap/java/classes/java/security/Provider.members...
[2025-03-10 16:01:02] [PROGRESS] resolve files> Scanning /Users/pripum/Documents/codeql-snyk-github-testing/codeql-and-workflows/codeqldb/trap/java/classes/java/security/spec...
[2025-03-10 16:01:02] [PROGRESS] resolve files> Scanning /Users/pripum/Documents/codeql-snyk-github-testing/codeql-and-workflows/codeqldb/trap/java/classes/java/security/spec/AlgorithmParameterSpec.members...
[2025-03-10 16:01:02] [PROGRESS] resolve files> Scanning /Users/pripum/Documents/codeql-snyk-github-testing/codeql-and-workflows/codeqldb/trap/java/classes/java/security/KeyException.members...
[2025-03-10 16:01:02] [PROGRESS] resolve files> Scanning /Users/pripum/Documents/codeql-snyk-github-testing/codeql-and-workflows/codeqldb/trap/java/classes/java/security/PrivilegedExceptionAction.members...
[2025-03-10 16:01:02] [PROGRESS] resolve files> Scanning /Users/pripum/Documents/codeql-snyk-github-testing/codeql-and-workflows/codeqldb/trap/java/classes/java/security/CodeSigner.members...
[2025-03-10 16:01:02] [PROGRESS] resolve files> Scanning /Users/pripum/Documents/codeql-snyk-github-testing/codeql-and-workflows/codeqldb/trap/java/classes/java/security/Principal.members...
[2025-03-10 16:01:02] [PROGRESS] resolve files> Scanning /Users/pripum/Documents/codeql-snyk-github-testing/codeql-and-workflows/codeqldb/trap/java/classes/java/security/DigestException.members...
[2025-03-10 16:01:02] [PROGRESS] resolve files> Scanning /Users/pripum/Documents/codeql-snyk-github-testing/codeql-and-workflows/codeqldb/trap/java/classes/java/security/AccessControlException.members...
[2025-03-10 16:01:02] [PROGRESS] resolve files> Scanning /Users/pripum/Documents/codeql-snyk-github-testing/codeql-and-workflows/codeqldb/trap/java/classes/java/security/GeneralSecurityException.members...
[2025-03-10 16:01:02] [PROGRESS] resolve files> Scanning /Users/pripum/Documents/codeql-snyk-github-testing/codeql-and-workflows/codeqldb/trap/java/classes/java/security/AsymmetricKey.members...
[2025-03-10 16:01:02] [PROGRESS] resolve files> Scanning /Users/pripum/Documents/codeql-snyk-github-testing/codeql-and-workflows/codeqldb/trap/java/classes/java/security/Permission.members...
[2025-03-10 16:01:02] [PROGRESS] resolve files> Scanning /Users/pripum/Documents/codeql-snyk-github-testing/codeql-and-workflows/codeqldb/trap/java/classes/java/security/cert...
[2025-03-10 16:01:02] [PROGRESS] resolve files> Scanning /Users/pripum/Documents/codeql-snyk-github-testing/codeql-and-workflows/codeqldb/trap/java/classes/java/security/cert/CertificateEncodingException.members...
[2025-03-10 16:01:02] [PROGRESS] resolve files> Scanning /Users/pripum/Documents/codeql-snyk-github-testing/codeql-and-workflows/codeqldb/trap/java/classes/java/security/cert/CertPath.members...
[2025-03-10 16:01:02] [PROGRESS] resolve files> Scanning /Users/pripum/Documents/codeql-snyk-github-testing/codeql-and-workflows/codeqldb/trap/java/classes/java/security/cert/Certificate.members...
[2025-03-10 16:01:02] [PROGRESS] resolve files> Scanning /Users/pripum/Documents/codeql-snyk-github-testing/codeql-and-workflows/codeqldb/trap/java/classes/java/security/cert/CertificateException.members...
[2025-03-10 16:01:02] [PROGRESS] resolve files> Scanning /Users/pripum/Documents/codeql-snyk-github-testing/codeql-and-workflows/codeqldb/trap/java/classes/java/security/BasicPermission.members...
[2025-03-10 16:01:02] [PROGRESS] resolve files> Scanning /Users/pripum/Documents/codeql-snyk-github-testing/codeql-and-workflows/codeqldb/trap/java/classes/java/security/MessageDigest.members...
[2025-03-10 16:01:02] [PROGRESS] resolve files> Scanning /Users/pripum/Documents/codeql-snyk-github-testing/codeql-and-workflows/codeqldb/trap/java/classes/java/security/AccessControlContext.members...
[2025-03-10 16:01:02] [PROGRESS] resolve files> Scanning /Users/pripum/Documents/codeql-snyk-github-testing/codeql-and-workflows/codeqldb/trap/java/classes/java/security/Guard.members...
[2025-03-10 16:01:02] [PROGRESS] resolve files> Scanning /Users/pripum/Documents/codeql-snyk-github-testing/codeql-and-workflows/codeqldb/trap/java/classes/java/security/NoSuchAlgorithmException.members...
[2025-03-10 16:01:02] [PROGRESS] resolve files> Scanning /Users/pripum/Documents/codeql-snyk-github-testing/codeql-and-workflows/codeqldb/trap/java/classes/java/security/MessageDigestSpi.members...
[2025-03-10 16:01:02] [PROGRESS] resolve files> Scanning /Users/pripum/Documents/codeql-snyk-github-testing/codeql-and-workflows/codeqldb/trap/java/classes/java/security/ProtectionDomain$Key.members...
[2025-03-10 16:01:02] [PROGRESS] resolve files> Scanning /Users/pripum/Documents/codeql-snyk-github-testing/codeql-and-workflows/codeqldb/trap/java/classes/java/security/SignatureException.members...
[2025-03-10 16:01:02] [PROGRESS] resolve files> Scanning /Users/pripum/Documents/codeql-snyk-github-testing/codeql-and-workflows/codeqldb/trap/java/classes/java/security/PrivilegedAction.members...
[2025-03-10 16:01:02] [PROGRESS] resolve files> Scanning /Users/pripum/Documents/codeql-snyk-github-testing/codeql-and-workflows/codeqldb/trap/java/classes/java/security/DomainCombiner.members...
[2025-03-10 16:01:02] [PROGRESS] resolve files> Scanning /Users/pripum/Documents/codeql-snyk-github-testing/codeql-and-workflows/codeqldb/trap/java/classes/java/io...
[2025-03-10 16:01:02] [PROGRESS] resolve files> Scanning /Users/pripum/Documents/codeql-snyk-github-testing/codeql-and-workflows/codeqldb/trap/java/classes/java/io/Flushable.members...
[2025-03-10 16:01:02] [PROGRESS] resolve files> Scanning /Users/pripum/Documents/codeql-snyk-github-testing/codeql-and-workflows/codeqldb/trap/java/classes/java/io/ObjectInputStream$GetField.members...
[2025-03-10 16:01:02] [PROGRESS] resolve files> Scanning /Users/pripum/Documents/codeql-snyk-github-testing/codeql-and-workflows/codeqldb/trap/java/classes/java/io/UnsupportedEncodingException.members...
[2025-03-10 16:01:02] [PROGRESS] resolve files> Scanning /Users/pripum/Documents/codeql-snyk-github-testing/codeql-and-workflows/codeqldb/trap/java/classes/java/io/InvalidClassException.members...
[2025-03-10 16:01:02] [PROGRESS] resolve files> Scanning /Users/pripum/Documents/codeql-snyk-github-testing/codeql-and-workflows/codeqldb/trap/java/classes/java/io/InvalidObjectException.members...
[2025-03-10 16:01:02] [PROGRESS] resolve files> Scanning /Users/pripum/Documents/codeql-snyk-github-testing/codeql-and-workflows/codeqldb/trap/java/classes/java/io/ObjectOutput.members...
[2025-03-10 16:01:02] [PROGRESS] resolve files> Scanning /Users/pripum/Documents/codeql-snyk-github-testing/codeql-and-workflows/codeqldb/trap/java/classes/java/io/Serializable.members...
[2025-03-10 16:01:02] [PROGRESS] resolve files> Scanning /Users/pripum/Documents/codeql-snyk-github-testing/codeql-and-workflows/codeqldb/trap/java/classes/java/io/File.members...
[2025-03-10 16:01:02] [PROGRESS] resolve files> Scanning /Users/pripum/Documents/codeql-snyk-github-testing/codeql-and-workflows/codeqldb/trap/java/classes/java/io/Console.members...
[2025-03-10 16:01:02] [PROGRESS] resolve files> Scanning /Users/pripum/Documents/codeql-snyk-github-testing/codeql-and-workflows/codeqldb/trap/java/classes/java/io/SerializablePermission.members...
[2025-03-10 16:01:02] [PROGRESS] resolve files> Scanning /Users/pripum/Documents/codeql-snyk-github-testing/codeql-and-workflows/codeqldb/trap/java/classes/java/io/ObjectInputFilter$FilterInfo.members...
[2025-03-10 16:01:02] [PROGRESS] resolve files> Scanning /Users/pripum/Documents/codeql-snyk-github-testing/codeql-and-workflows/codeqldb/trap/java/classes/java/io/InputStream.members...
[2025-03-10 16:01:02] [PROGRESS] resolve files> Scanning /Users/pripum/Documents/codeql-snyk-github-testing/codeql-and-workflows/codeqldb/trap/java/classes/java/io/DataInput.members...
[2025-03-10 16:01:02] [PROGRESS] resolve files> Scanning /Users/pripum/Documents/codeql-snyk-github-testing/codeql-and-workflows/codeqldb/trap/java/classes/java/io/ProxyingConsole.members...
[2025-03-10 16:01:02] [PROGRESS] resolve files> Scanning /Users/pripum/Documents/codeql-snyk-github-testing/codeql-and-workflows/codeqldb/trap/java/classes/java/io/FilenameFilter.members...
[2025-03-10 16:01:02] [PROGRESS] resolve files> Scanning /Users/pripum/Documents/codeql-snyk-github-testing/codeql-and-workflows/codeqldb/trap/java/classes/java/io/ObjectInputFilter$Status.members...
[2025-03-10 16:01:02] [PROGRESS] resolve files> Scanning /Users/pripum/Documents/codeql-snyk-github-testing/codeql-and-workflows/codeqldb/trap/java/classes/java/io/ObjectStreamClass.members...
[2025-03-10 16:01:02] [PROGRESS] resolve files> Scanning /Users/pripum/Documents/codeql-snyk-github-testing/codeql-and-workflows/codeqldb/trap/java/classes/java/io/ObjectOutputStream$PutField.members...
[2025-03-10 16:01:02] [PROGRESS] resolve files> Scanning /Users/pripum/Documents/codeql-snyk-github-testing/codeql-and-workflows/codeqldb/trap/java/classes/java/io/ByteArrayOutputStream.members...
[2025-03-10 16:01:02] [PROGRESS] resolve files> Scanning /Users/pripum/Documents/codeql-snyk-github-testing/codeql-and-workflows/codeqldb/trap/java/classes/java/io/ObjectOutputStream.members...
[2025-03-10 16:01:02] [PROGRESS] resolve files> Scanning /Users/pripum/Documents/codeql-snyk-github-testing/codeql-and-workflows/codeqldb/trap/java/classes/java/io/OutputStream.members...
[2025-03-10 16:01:02] [PROGRESS] resolve files> Scanning /Users/pripum/Documents/codeql-snyk-github-testing/codeql-and-workflows/codeqldb/trap/java/classes/java/io/OptionalDataException.members...
[2025-03-10 16:01:02] [PROGRESS] resolve files> Scanning /Users/pripum/Documents/codeql-snyk-github-testing/codeql-and-workflows/codeqldb/trap/java/classes/java/io/BufferedWriter.members...
[2025-03-10 16:01:02] [PROGRESS] resolve files> Scanning /Users/pripum/Documents/codeql-snyk-github-testing/codeql-and-workflows/codeqldb/trap/java/classes/java/io/FileNotFoundException.members...
[2025-03-10 16:01:02] [PROGRESS] resolve files> Scanning /Users/pripum/Documents/codeql-snyk-github-testing/codeql-and-workflows/codeqldb/trap/java/classes/java/io/ObjectInputStream.members...
[2025-03-10 16:01:02] [PROGRESS] resolve files> Scanning /Users/pripum/Documents/codeql-snyk-github-testing/codeql-and-workflows/codeqldb/trap/java/classes/java/io/FileFilter.members...
[2025-03-10 16:01:02] [PROGRESS] resolve files> Scanning /Users/pripum/Documents/codeql-snyk-github-testing/codeql-and-workflows/codeqldb/trap/java/classes/java/io/ObjectStreamConstants.members...
[2025-03-10 16:01:02] [PROGRESS] resolve files> Scanning /Users/pripum/Documents/codeql-snyk-github-testing/codeql-and-workflows/codeqldb/trap/java/classes/java/io/InputStreamReader.members...
[2025-03-10 16:01:02] [PROGRESS] resolve files> Scanning /Users/pripum/Documents/codeql-snyk-github-testing/codeql-and-workflows/codeqldb/trap/java/classes/java/io/SyncFailedException.members...
[2025-03-10 16:01:02] [PROGRESS] resolve files> Scanning /Users/pripum/Documents/codeql-snyk-github-testing/codeql-and-workflows/codeqldb/trap/java/classes/java/io/Writer.members...
[2025-03-10 16:01:02] [PROGRESS] resolve files> Scanning /Users/pripum/Documents/codeql-snyk-github-testing/codeql-and-workflows/codeqldb/trap/java/classes/java/io/PrintWriter.members...
[2025-03-10 16:01:02] [PROGRESS] resolve files> Scanning /Users/pripum/Documents/codeql-snyk-github-testing/codeql-and-workflows/codeqldb/trap/java/classes/java/io/ObjectInput.members...
[2025-03-10 16:01:02] [PROGRESS] resolve files> Scanning /Users/pripum/Documents/codeql-snyk-github-testing/codeql-and-workflows/codeqldb/trap/java/classes/java/io/ObjectInputValidation.members...
[2025-03-10 16:01:02] [PROGRESS] resolve files> Scanning /Users/pripum/Documents/codeql-snyk-github-testing/codeql-and-workflows/codeqldb/trap/java/classes/java/io/ObjectStreamException.members...
[2025-03-10 16:01:02] [PROGRESS] resolve files> Scanning /Users/pripum/Documents/codeql-snyk-github-testing/codeql-and-workflows/codeqldb/trap/java/classes/java/io/DataOutput.members...
[2025-03-10 16:01:02] [PROGRESS] resolve files> Scanning /Users/pripum/Documents/codeql-snyk-github-testing/codeql-and-workflows/codeqldb/trap/java/classes/java/io/StringWriter.members...
[2025-03-10 16:01:02] [PROGRESS] resolve files> Scanning /Users/pripum/Documents/codeql-snyk-github-testing/codeql-and-workflows/codeqldb/trap/java/classes/java/io/ObjectStreamField.members...
[2025-03-10 16:01:02] [PROGRESS] resolve files> Scanning /Users/pripum/Documents/codeql-snyk-github-testing/codeql-and-workflows/codeqldb/trap/java/classes/java/io/ObjectStreamClass$ClassDataSlot.members...
[2025-03-10 16:01:02] [PROGRESS] resolve files> Scanning /Users/pripum/Documents/codeql-snyk-github-testing/codeql-and-workflows/codeqldb/trap/java/classes/java/io/FilterOutputStream.members...
[2025-03-10 16:01:02] [PROGRESS] resolve files> Scanning /Users/pripum/Documents/codeql-snyk-github-testing/codeql-and-workflows/codeqldb/trap/java/classes/java/io/FileDescriptor.members...
[2025-03-10 16:01:02] [PROGRESS] resolve files> Scanning /Users/pripum/Documents/codeql-snyk-github-testing/codeql-and-workflows/codeqldb/trap/java/classes/java/io/BufferedReader.members...
[2025-03-10 16:01:02] [PROGRESS] resolve files> Scanning /Users/pripum/Documents/codeql-snyk-github-testing/codeql-and-workflows/codeqldb/trap/java/classes/java/io/FileInputStream.members...
[2025-03-10 16:01:02] [PROGRESS] resolve files> Scanning /Users/pripum/Documents/codeql-snyk-github-testing/codeql-and-workflows/codeqldb/trap/java/classes/java/io/Closeable.members...
[2025-03-10 16:01:02] [PROGRESS] resolve files> Scanning /Users/pripum/Documents/codeql-snyk-github-testing/codeql-and-workflows/codeqldb/trap/java/classes/java/io/IOException.members...
[2025-03-10 16:01:02] [PROGRESS] resolve files> Scanning /Users/pripum/Documents/codeql-snyk-github-testing/codeql-and-workflows/codeqldb/trap/java/classes/java/io/FileReader.members...
[2025-03-10 16:01:02] [PROGRESS] resolve files> Scanning /Users/pripum/Documents/codeql-snyk-github-testing/codeql-and-workflows/codeqldb/trap/java/classes/java/io/StreamCorruptedException.members...
[2025-03-10 16:01:02] [PROGRESS] resolve files> Scanning /Users/pripum/Documents/codeql-snyk-github-testing/codeql-and-workflows/codeqldb/trap/java/classes/java/io/PrintStream.members...
[2025-03-10 16:01:02] [PROGRESS] resolve files> Scanning /Users/pripum/Documents/codeql-snyk-github-testing/codeql-and-workflows/codeqldb/trap/java/classes/java/io/ObjectInputFilter.members...
[2025-03-10 16:01:02] [PROGRESS] resolve files> Scanning /Users/pripum/Documents/codeql-snyk-github-testing/codeql-and-workflows/codeqldb/trap/java/classes/java/io/NotActiveException.members...
[2025-03-10 16:01:02] [PROGRESS] resolve files> Scanning /Users/pripum/Documents/codeql-snyk-github-testing/codeql-and-workflows/codeqldb/trap/java/classes/java/io/Reader.members...
[2025-03-10 16:01:02] [PROGRESS] resolve files> Scanning /Users/pripum/Documents/codeql-snyk-github-testing/codeql-and-workflows/codeqldb/trap/java/classes/java/io/ByteArrayInputStream.members...
[2025-03-10 16:01:02] [PROGRESS] resolve files> Scanning /Users/pripum/Documents/codeql-snyk-github-testing/codeql-and-workflows/codeqldb/trap/java/classes/java/math...
[2025-03-10 16:01:02] [PROGRESS] resolve files> Scanning /Users/pripum/Documents/codeql-snyk-github-testing/codeql-and-workflows/codeqldb/trap/java/classes/java/math/MathContext.members...
[2025-03-10 16:01:02] [PROGRESS] resolve files> Scanning /Users/pripum/Documents/codeql-snyk-github-testing/codeql-and-workflows/codeqldb/trap/java/classes/java/math/BigInteger.members...
[2025-03-10 16:01:02] [PROGRESS] resolve files> Scanning /Users/pripum/Documents/codeql-snyk-github-testing/codeql-and-workflows/codeqldb/trap/java/classes/java/math/BigDecimal.members...
[2025-03-10 16:01:02] [PROGRESS] resolve files> Scanning /Users/pripum/Documents/codeql-snyk-github-testing/codeql-and-workflows/codeqldb/trap/java/classes/java/math/RoundingMode.members...
[2025-03-10 16:01:02] [PROGRESS] resolve files> Scanning /Users/pripum/Documents/codeql-snyk-github-testing/codeql-and-workflows/codeqldb/trap/java/classes/java/time...
[2025-03-10 16:01:02] [PROGRESS] resolve files> Scanning /Users/pripum/Documents/codeql-snyk-github-testing/codeql-and-workflows/codeqldb/trap/java/classes/java/time/temporal...
[2025-03-10 16:01:02] [PROGRESS] resolve files> Scanning /Users/pripum/Documents/codeql-snyk-github-testing/codeql-and-workflows/codeqldb/trap/java/classes/java/time/temporal/TemporalUnit.members...
[2025-03-10 16:01:02] [PROGRESS] resolve files> Scanning /Users/pripum/Documents/codeql-snyk-github-testing/codeql-and-workflows/codeqldb/trap/java/classes/java/time/temporal/TemporalAccessor.members...
[2025-03-10 16:01:02] [PROGRESS] resolve files> Scanning /Users/pripum/Documents/codeql-snyk-github-testing/codeql-and-workflows/codeqldb/trap/java/classes/java/time/temporal/TemporalAmount.members...
[2025-03-10 16:01:02] [PROGRESS] resolve files> Scanning /Users/pripum/Documents/codeql-snyk-github-testing/codeql-and-workflows/codeqldb/trap/java/classes/java/time/temporal/ChronoUnit.members...
[2025-03-10 16:01:02] [PROGRESS] resolve files> Scanning /Users/pripum/Documents/codeql-snyk-github-testing/codeql-and-workflows/codeqldb/trap/java/classes/java/time/temporal/TemporalField.members...
[2025-03-10 16:01:02] [PROGRESS] resolve files> Scanning /Users/pripum/Documents/codeql-snyk-github-testing/codeql-and-workflows/codeqldb/trap/java/classes/java/time/temporal/TemporalQuery.members...
[2025-03-10 16:01:02] [PROGRESS] resolve files> Scanning /Users/pripum/Documents/codeql-snyk-github-testing/codeql-and-workflows/codeqldb/trap/java/classes/java/time/temporal/ChronoField.members...
[2025-03-10 16:01:02] [PROGRESS] resolve files> Scanning /Users/pripum/Documents/codeql-snyk-github-testing/codeql-and-workflows/codeqldb/trap/java/classes/java/time/temporal/ValueRange.members...
[2025-03-10 16:01:02] [PROGRESS] resolve files> Scanning /Users/pripum/Documents/codeql-snyk-github-testing/codeql-and-workflows/codeqldb/trap/java/classes/java/time/temporal/TemporalAdjuster.members...
[2025-03-10 16:01:02] [PROGRESS] resolve files> Scanning /Users/pripum/Documents/codeql-snyk-github-testing/codeql-and-workflows/codeqldb/trap/java/classes/java/time/temporal/Temporal.members...
[2025-03-10 16:01:02] [PROGRESS] resolve files> Scanning /Users/pripum/Documents/codeql-snyk-github-testing/codeql-and-workflows/codeqldb/trap/java/classes/java/time/Month.members...
[2025-03-10 16:01:02] [PROGRESS] resolve files> Scanning /Users/pripum/Documents/codeql-snyk-github-testing/codeql-and-workflows/codeqldb/trap/java/classes/java/time/Duration.members...
[2025-03-10 16:01:02] [PROGRESS] resolve files> Scanning /Users/pripum/Documents/codeql-snyk-github-testing/codeql-and-workflows/codeqldb/trap/java/classes/java/time/ZoneId.members...
[2025-03-10 16:01:02] [PROGRESS] resolve files> Scanning /Users/pripum/Documents/codeql-snyk-github-testing/codeql-and-workflows/codeqldb/trap/java/classes/java/time/chrono...
[2025-03-10 16:01:02] [PROGRESS] resolve files> Scanning /Users/pripum/Documents/codeql-snyk-github-testing/codeql-and-workflows/codeqldb/trap/java/classes/java/time/chrono/ChronoLocalDateTime.members...
[2025-03-10 16:01:02] [PROGRESS] resolve files> Scanning /Users/pripum/Documents/codeql-snyk-github-testing/codeql-and-workflows/codeqldb/trap/java/classes/java/time/chrono/Chronology.members...
[2025-03-10 16:01:02] [PROGRESS] resolve files> Scanning /Users/pripum/Documents/codeql-snyk-github-testing/codeql-and-workflows/codeqldb/trap/java/classes/java/time/chrono/IsoChronology.members...
[2025-03-10 16:01:02] [PROGRESS] resolve files> Scanning /Users/pripum/Documents/codeql-snyk-github-testing/codeql-and-workflows/codeqldb/trap/java/classes/java/time/chrono/Era.members...
[2025-03-10 16:01:02] [PROGRESS] resolve files> Scanning /Users/pripum/Documents/codeql-snyk-github-testing/codeql-and-workflows/codeqldb/trap/java/classes/java/time/chrono/ChronoPeriod.members...
[2025-03-10 16:01:02] [PROGRESS] resolve files> Scanning /Users/pripum/Documents/codeql-snyk-github-testing/codeql-and-workflows/codeqldb/trap/java/classes/java/time/chrono/IsoEra.members...
[2025-03-10 16:01:02] [PROGRESS] resolve files> Scanning /Users/pripum/Documents/codeql-snyk-github-testing/codeql-and-workflows/codeqldb/trap/java/classes/java/time/chrono/AbstractChronology.members...
[2025-03-10 16:01:02] [PROGRESS] resolve files> Scanning /Users/pripum/Documents/codeql-snyk-github-testing/codeql-and-workflows/codeqldb/trap/java/classes/java/time/chrono/ChronoZonedDateTime.members...
[2025-03-10 16:01:02] [PROGRESS] resolve files> Scanning /Users/pripum/Documents/codeql-snyk-github-testing/codeql-and-workflows/codeqldb/trap/java/classes/java/time/chrono/ChronoLocalDate.members...
[2025-03-10 16:01:02] [PROGRESS] resolve files> Scanning /Users/pripum/Documents/codeql-snyk-github-testing/codeql-and-workflows/codeqldb/trap/java/classes/java/time/ZonedDateTime.members...
[2025-03-10 16:01:02] [PROGRESS] resolve files> Scanning /Users/pripum/Documents/codeql-snyk-github-testing/codeql-and-workflows/codeqldb/trap/java/classes/java/time/OffsetTime.members...
[2025-03-10 16:01:02] [PROGRESS] resolve files> Scanning /Users/pripum/Documents/codeql-snyk-github-testing/codeql-and-workflows/codeqldb/trap/java/classes/java/time/Period.members...
[2025-03-10 16:01:02] [PROGRESS] resolve files> Scanning /Users/pripum/Documents/codeql-snyk-github-testing/codeql-and-workflows/codeqldb/trap/java/classes/java/time/zone...
[2025-03-10 16:01:02] [PROGRESS] resolve files> Scanning /Users/pripum/Documents/codeql-snyk-github-testing/codeql-and-workflows/codeqldb/trap/java/classes/java/time/zone/ZoneOffsetTransition.members...
[2025-03-10 16:01:02] [PROGRESS] resolve files> Scanning /Users/pripum/Documents/codeql-snyk-github-testing/codeql-and-workflows/codeqldb/trap/java/classes/java/time/zone/ZoneOffsetTransitionRule.members...
[2025-03-10 16:01:02] [PROGRESS] resolve files> Scanning /Users/pripum/Documents/codeql-snyk-github-testing/codeql-and-workflows/codeqldb/trap/java/classes/java/time/zone/ZoneOffsetTransitionRule$TimeDefinition.members...
[2025-03-10 16:01:02] [PROGRESS] resolve files> Scanning /Users/pripum/Documents/codeql-snyk-github-testing/codeql-and-workflows/codeqldb/trap/java/classes/java/time/zone/ZoneRules.members...
[2025-03-10 16:01:02] [PROGRESS] resolve files> Scanning /Users/pripum/Documents/codeql-snyk-github-testing/codeql-and-workflows/codeqldb/trap/java/classes/java/time/DayOfWeek.members...
[2025-03-10 16:01:02] [PROGRESS] resolve files> Scanning /Users/pripum/Documents/codeql-snyk-github-testing/codeql-and-workflows/codeqldb/trap/java/classes/java/time/Instant.members...
[2025-03-10 16:01:02] [PROGRESS] resolve files> Scanning /Users/pripum/Documents/codeql-snyk-github-testing/codeql-and-workflows/codeqldb/trap/java/classes/java/time/OffsetDateTime.members...
[2025-03-10 16:01:02] [PROGRESS] resolve files> Scanning /Users/pripum/Documents/codeql-snyk-github-testing/codeql-and-workflows/codeqldb/trap/java/classes/java/time/LocalTime.members...
[2025-03-10 16:01:02] [PROGRESS] resolve files> Scanning /Users/pripum/Documents/codeql-snyk-github-testing/codeql-and-workflows/codeqldb/trap/java/classes/java/time/LocalDateTime.members...
[2025-03-10 16:01:02] [PROGRESS] resolve files> Scanning /Users/pripum/Documents/codeql-snyk-github-testing/codeql-and-workflows/codeqldb/trap/java/classes/java/time/Clock.members...
[2025-03-10 16:01:02] [PROGRESS] resolve files> Scanning /Users/pripum/Documents/codeql-snyk-github-testing/codeql-and-workflows/codeqldb/trap/java/classes/java/time/format...
[2025-03-10 16:01:02] [PROGRESS] resolve files> Scanning /Users/pripum/Documents/codeql-snyk-github-testing/codeql-and-workflows/codeqldb/trap/java/classes/java/time/format/DateTimeFormatterBuilder$DayPeriod.members...
[2025-03-10 16:01:02] [PROGRESS] resolve files> Scanning /Users/pripum/Documents/codeql-snyk-github-testing/codeql-and-workflows/codeqldb/trap/java/classes/java/time/format/DateTimePrintContext.members...
[2025-03-10 16:01:02] [PROGRESS] resolve files> Scanning /Users/pripum/Documents/codeql-snyk-github-testing/codeql-and-workflows/codeqldb/trap/java/classes/java/time/format/DateTimeFormatter.members...
[2025-03-10 16:01:02] [PROGRESS] resolve files> Scanning /Users/pripum/Documents/codeql-snyk-github-testing/codeql-and-workflows/codeqldb/trap/java/classes/java/time/format/DateTimeFormatterBuilder$CompositePrinterParser.members...
[2025-03-10 16:01:02] [PROGRESS] resolve files> Scanning /Users/pripum/Documents/codeql-snyk-github-testing/codeql-and-workflows/codeqldb/trap/java/classes/java/time/format/SignStyle.members...
[2025-03-10 16:01:02] [PROGRESS] resolve files> Scanning /Users/pripum/Documents/codeql-snyk-github-testing/codeql-and-workflows/codeqldb/trap/java/classes/java/time/format/DateTimeParseContext.members...
[2025-03-10 16:01:02] [PROGRESS] resolve files> Scanning /Users/pripum/Documents/codeql-snyk-github-testing/codeql-and-workflows/codeqldb/trap/java/classes/java/time/format/FormatStyle.members...
[2025-03-10 16:01:02] [PROGRESS] resolve files> Scanning /Users/pripum/Documents/codeql-snyk-github-testing/codeql-and-workflows/codeqldb/trap/java/classes/java/time/format/DateTimeFormatterBuilder.members...
[2025-03-10 16:01:02] [PROGRESS] resolve files> Scanning /Users/pripum/Documents/codeql-snyk-github-testing/codeql-and-workflows/codeqldb/trap/java/classes/java/time/format/Parsed.members...
[2025-03-10 16:01:02] [PROGRESS] resolve files> Scanning /Users/pripum/Documents/codeql-snyk-github-testing/codeql-and-workflows/codeqldb/trap/java/classes/java/time/format/DateTimeFormatterBuilder$DateTimePrinterParser.members...
[2025-03-10 16:01:02] [PROGRESS] resolve files> Scanning /Users/pripum/Documents/codeql-snyk-github-testing/codeql-and-workflows/codeqldb/trap/java/classes/java/time/format/DecimalStyle.members...
[2025-03-10 16:01:02] [PROGRESS] resolve files> Scanning /Users/pripum/Documents/codeql-snyk-github-testing/codeql-and-workflows/codeqldb/trap/java/classes/java/time/format/ResolverStyle.members...
[2025-03-10 16:01:02] [PROGRESS] resolve files> Scanning /Users/pripum/Documents/codeql-snyk-github-testing/codeql-and-workflows/codeqldb/trap/java/classes/java/time/format/TextStyle.members...
[2025-03-10 16:01:02] [PROGRESS] resolve files> Scanning /Users/pripum/Documents/codeql-snyk-github-testing/codeql-and-workflows/codeqldb/trap/java/classes/java/time/ZoneOffset.members...
[2025-03-10 16:01:02] [PROGRESS] resolve files> Scanning /Users/pripum/Documents/codeql-snyk-github-testing/codeql-and-workflows/codeqldb/trap/java/classes/java/time/LocalDate.members...
[2025-03-10 16:01:02] [PROGRESS] resolve files> Scanning /Users/pripum/Documents/codeql-snyk-github-testing/codeql-and-workflows/codeqldb/trap/java/classes/java/time/ZoneRegion.members...
[2025-03-10 16:01:02] [PROGRESS] resolve files> Scanning /Users/pripum/Documents/codeql-snyk-github-testing/codeql-and-workflows/codeqldb/trap/java/classes/java/time/InstantSource.members...
[2025-03-10 16:01:02] [PROGRESS] resolve files> Scanning /Users/pripum/Documents/codeql-snyk-github-testing/codeql-and-workflows/codeqldb/trap/java/classes/java/lang...
[2025-03-10 16:01:02] [PROGRESS] resolve files> Scanning /Users/pripum/Documents/codeql-snyk-github-testing/codeql-and-workflows/codeqldb/trap/java/classes/java/lang/Readable.members...
[2025-03-10 16:01:02] [PROGRESS] resolve files> Scanning /Users/pripum/Documents/codeql-snyk-github-testing/codeql-and-workflows/codeqldb/trap/java/classes/java/lang/InstantiationException.members...
[2025-03-10 16:01:02] [PROGRESS] resolve files> Scanning /Users/pripum/Documents/codeql-snyk-github-testing/codeql-and-workflows/codeqldb/trap/java/classes/java/lang/ThreadBuilders$BaseThreadBuilder.members...
[2025-03-10 16:01:02] [PROGRESS] resolve files> Scanning /Users/pripum/Documents/codeql-snyk-github-testing/codeql-and-workflows/codeqldb/trap/java/classes/java/lang/StackWalker$Option.members...
[2025-03-10 16:01:02] [PROGRESS] resolve files> Scanning /Users/pripum/Documents/codeql-snyk-github-testing/codeql-and-workflows/codeqldb/trap/java/classes/java/lang/StringBuffer.members...
[2025-03-10 16:01:02] [PROGRESS] resolve files> Scanning /Users/pripum/Documents/codeql-snyk-github-testing/codeql-and-workflows/codeqldb/trap/java/classes/java/lang/CharSequence.members...
[2025-03-10 16:01:02] [PROGRESS] resolve files> Scanning /Users/pripum/Documents/codeql-snyk-github-testing/codeql-and-workflows/codeqldb/trap/java/classes/java/lang/Runnable.members...
[2025-03-10 16:01:02] [PROGRESS] resolve files> Scanning /Users/pripum/Documents/codeql-snyk-github-testing/codeql-and-workflows/codeqldb/trap/java/classes/java/lang/ThreadLocal.members...
[2025-03-10 16:01:02] [PROGRESS] resolve files> Scanning /Users/pripum/Documents/codeql-snyk-github-testing/codeql-and-workflows/codeqldb/trap/java/classes/java/lang/ModuleLayer.members...
[2025-03-10 16:01:02] [PROGRESS] resolve files> Scanning /Users/pripum/Documents/codeql-snyk-github-testing/codeql-and-workflows/codeqldb/trap/java/classes/java/lang/Exception.members...
[2025-03-10 16:01:02] [PROGRESS] resolve files> Scanning /Users/pripum/Documents/codeql-snyk-github-testing/codeql-and-workflows/codeqldb/trap/java/classes/java/lang/RuntimeException.members...
[2025-03-10 16:01:02] [PROGRESS] resolve files> Scanning /Users/pripum/Documents/codeql-snyk-github-testing/codeql-and-workflows/codeqldb/trap/java/classes/java/lang/ref...
[2025-03-10 16:01:02] [PROGRESS] resolve files> Scanning /Users/pripum/Documents/codeql-snyk-github-testing/codeql-and-workflows/codeqldb/trap/java/classes/java/lang/ref/Cleaner.members...
[2025-03-10 16:01:02] [PROGRESS] resolve files> Scanning /Users/pripum/Documents/codeql-snyk-github-testing/codeql-and-workflows/codeqldb/trap/java/classes/java/lang/ref/Reference.members...
[2025-03-10 16:01:02] [PROGRESS] resolve files> Scanning /Users/pripum/Documents/codeql-snyk-github-testing/codeql-and-workflows/codeqldb/trap/java/classes/java/lang/ref/Finalizer.members...
[2025-03-10 16:01:02] [PROGRESS] resolve files> Scanning /Users/pripum/Documents/codeql-snyk-github-testing/codeql-and-workflows/codeqldb/trap/java/classes/java/lang/ref/WeakReference.members...
[2025-03-10 16:01:02] [PROGRESS] resolve files> Scanning /Users/pripum/Documents/codeql-snyk-github-testing/codeql-and-workflows/codeqldb/trap/java/classes/java/lang/ref/PhantomReference.members...
[2025-03-10 16:01:02] [PROGRESS] resolve files> Scanning /Users/pripum/Documents/codeql-snyk-github-testing/codeql-and-workflows/codeqldb/trap/java/classes/java/lang/ref/ReferenceQueue.members...
[2025-03-10 16:01:02] [PROGRESS] resolve files> Scanning /Users/pripum/Documents/codeql-snyk-github-testing/codeql-and-workflows/codeqldb/trap/java/classes/java/lang/ref/FinalReference.members...
[2025-03-10 16:01:02] [PROGRESS] resolve files> Scanning /Users/pripum/Documents/codeql-snyk-github-testing/codeql-and-workflows/codeqldb/trap/java/classes/java/lang/ref/Cleaner$Cleanable.members...
[2025-03-10 16:01:02] [PROGRESS] resolve files> Scanning /Users/pripum/Documents/codeql-snyk-github-testing/codeql-and-workflows/codeqldb/trap/java/classes/java/lang/ref/SoftReference.members...
[2025-03-10 16:01:02] [PROGRESS] resolve files> Scanning /Users/pripum/Documents/codeql-snyk-github-testing/codeql-and-workflows/codeqldb/trap/java/classes/java/lang/Cloneable.members...
[2025-03-10 16:01:02] [PROGRESS] resolve files> Scanning /Users/pripum/Documents/codeql-snyk-github-testing/codeql-and-workflows/codeqldb/trap/java/classes/java/lang/Void.members...
[2025-03-10 16:01:02] [PROGRESS] resolve files> Scanning /Users/pripum/Documents/codeql-snyk-github-testing/codeql-and-workflows/codeqldb/trap/java/classes/java/lang/ClassFormatError.members...
[2025-03-10 16:01:02] [PROGRESS] resolve files> Scanning /Users/pripum/Documents/codeql-snyk-github-testing/codeql-and-workflows/codeqldb/trap/java/classes/java/lang/String.members...
[2025-03-10 16:01:02] [PROGRESS] resolve files> Scanning /Users/pripum/Documents/codeql-snyk-github-testing/codeql-and-workflows/codeqldb/trap/java/classes/java/lang/ClassValue$Entry.members...
[2025-03-10 16:01:02] [PROGRESS] resolve files> Scanning /Users/pripum/Documents/codeql-snyk-github-testing/codeql-and-workflows/codeqldb/trap/java/classes/java/lang/Iterable.members...
[2025-03-10 16:01:02] [PROGRESS] resolve files> Scanning /Users/pripum/Documents/codeql-snyk-github-testing/codeql-and-workflows/codeqldb/trap/java/classes/java/lang/Character.members...
[2025-03-10 16:01:02] [PROGRESS] resolve files> Scanning /Users/pripum/Documents/codeql-snyk-github-testing/codeql-and-workflows/codeqldb/trap/java/classes/java/lang/Thread$Builder$OfPlatform.members...
[2025-03-10 16:01:02] [PROGRESS] resolve files> Scanning /Users/pripum/Documents/codeql-snyk-github-testing/codeql-and-workflows/codeqldb/trap/java/classes/java/lang/ProcessHandle.members...
[2025-03-10 16:01:02] [PROGRESS] resolve files> Scanning /Users/pripum/Documents/codeql-snyk-github-testing/codeql-and-workflows/codeqldb/trap/java/classes/java/lang/ThreadBuilders$VirtualThreadBuilder.members...
[2025-03-10 16:01:02] [PROGRESS] resolve files> Scanning /Users/pripum/Documents/codeql-snyk-github-testing/codeql-and-workflows/codeqldb/trap/java/classes/java/lang/WrongThreadException.members...
[2025-03-10 16:01:02] [PROGRESS] resolve files> Scanning /Users/pripum/Documents/codeql-snyk-github-testing/codeql-and-workflows/codeqldb/trap/java/classes/java/lang/VirtualMachineError.members...
[2025-03-10 16:01:02] [PROGRESS] resolve files> Scanning /Users/pripum/Documents/codeql-snyk-github-testing/codeql-and-workflows/codeqldb/trap/java/classes/java/lang/Enum$EnumDesc.members...
[2025-03-10 16:01:02] [PROGRESS] resolve files> Scanning /Users/pripum/Documents/codeql-snyk-github-testing/codeql-and-workflows/codeqldb/trap/java/classes/java/lang/Thread$Builder.members...
[2025-03-10 16:01:02] [PROGRESS] resolve files> Scanning /Users/pripum/Documents/codeql-snyk-github-testing/codeql-and-workflows/codeqldb/trap/java/classes/java/lang/CloneNotSupportedException.members...
[2025-03-10 16:01:02] [PROGRESS] resolve files> Scanning /Users/pripum/Documents/codeql-snyk-github-testing/codeql-and-workflows/codeqldb/trap/java/classes/java/lang/Thread$Builder$OfVirtual.members...
[2025-03-10 16:01:02] [PROGRESS] resolve files> Scanning /Users/pripum/Documents/codeql-snyk-github-testing/codeql-and-workflows/codeqldb/trap/java/classes/java/lang/NamedPackage.members...
[2025-03-10 16:01:02] [PROGRESS] resolve files> Scanning /Users/pripum/Documents/codeql-snyk-github-testing/codeql-and-workflows/codeqldb/trap/java/classes/java/lang/SecurityManager.members...
[2025-03-10 16:01:02] [PROGRESS] resolve files> Scanning /Users/pripum/Documents/codeql-snyk-github-testing/codeql-and-workflows/codeqldb/trap/java/classes/java/lang/Record.members...
[2025-03-10 16:01:02] [PROGRESS] resolve files> Scanning /Users/pripum/Documents/codeql-snyk-github-testing/codeql-and-workflows/codeqldb/trap/java/classes/java/lang/Process.members...
[2025-03-10 16:01:02] [PROGRESS] resolve files> Scanning /Users/pripum/Documents/codeql-snyk-github-testing/codeql-and-workflows/codeqldb/trap/java/classes/java/lang/invoke...
[2025-03-10 16:01:02] [PROGRESS] resolve files> Scanning /Users/pripum/Documents/codeql-snyk-github-testing/codeql-and-workflows/codeqldb/trap/java/classes/java/lang/invoke/VarHandleBooleans$FieldInstanceReadWrite.members...
[2025-03-10 16:01:02] [PROGRESS] resolve files> Scanning /Users/pripum/Documents/codeql-snyk-github-testing/codeql-and-workflows/codeqldb/trap/java/classes/java/lang/invoke/BoundMethodHandle$Specializer$Factory.members...
[2025-03-10 16:01:02] [PROGRESS] resolve files> Scanning /Users/pripum/Documents/codeql-snyk-github-testing/codeql-and-workflows/codeqldb/trap/java/classes/java/lang/invoke/VarHandleInts$FieldStaticReadOnly.members...
[2025-03-10 16:01:02] [PROGRESS] resolve files> Scanning /Users/pripum/Documents/codeql-snyk-github-testing/codeql-and-workflows/codeqldb/trap/java/classes/java/lang/invoke/DirectMethodHandle$StaticAccessor.members...
[2025-03-10 16:01:02] [PROGRESS] resolve files> Scanning /Users/pripum/Documents/codeql-snyk-github-testing/codeql-and-workflows/codeqldb/trap/java/classes/java/lang/invoke/VarHandleChars$FieldStaticReadOnly.members...
[2025-03-10 16:01:02] [PROGRESS] resolve files> Scanning /Users/pripum/Documents/codeql-snyk-github-testing/codeql-and-workflows/codeqldb/trap/java/classes/java/lang/invoke/MemberName.members...
[2025-03-10 16:01:02] [PROGRESS] resolve files> Scanning /Users/pripum/Documents/codeql-snyk-github-testing/codeql-and-workflows/codeqldb/trap/java/classes/java/lang/invoke/VarHandleByteArrayAsShorts.members...
[2025-03-10 16:01:02] [PROGRESS] resolve files> Scanning /Users/pripum/Documents/codeql-snyk-github-testing/codeql-and-workflows/codeqldb/trap/java/classes/java/lang/invoke/VarHandleByteArrayAsDoubles.members...
[2025-03-10 16:01:02] [PROGRESS] resolve files> Scanning /Users/pripum/Documents/codeql-snyk-github-testing/codeql-and-workflows/codeqldb/trap/java/classes/java/lang/invoke/VarHandleBooleans.members...
[2025-03-10 16:01:02] [PROGRESS] resolve files> Scanning /Users/pripum/Documents/codeql-snyk-github-testing/codeql-and-workflows/codeqldb/trap/java/classes/java/lang/invoke/VarHandleByteArrayAsFloats$ByteArrayViewVarHandle.members...
[2025-03-10 16:01:02] [PROGRESS] resolve files> Scanning /Users/pripum/Documents/codeql-snyk-github-testing/codeql-and-workflows/codeqldb/trap/java/classes/java/lang/invoke/VarHandleInts.members...
[2025-03-10 16:01:02] [PROGRESS] resolve files> Scanning /Users/pripum/Documents/codeql-snyk-github-testing/codeql-and-workflows/codeqldb/trap/java/classes/java/lang/invoke/BoundMethodHandle.members...
[2025-03-10 16:01:02] [PROGRESS] resolve files> Scanning /Users/pripum/Documents/codeql-snyk-github-testing/codeql-and-workflows/codeqldb/trap/java/classes/java/lang/invoke/VarHandleByteArrayAsFloats$ArrayHandle.members...
[2025-03-10 16:01:02] [PROGRESS] resolve files> Scanning /Users/pripum/Documents/codeql-snyk-github-testing/codeql-and-workflows/codeqldb/trap/java/classes/java/lang/invoke/VarHandleFloats$FieldInstanceReadOnly.members...
[2025-03-10 16:01:02] [PROGRESS] resolve files> Scanning /Users/pripum/Documents/codeql-snyk-github-testing/codeql-and-workflows/codeqldb/trap/java/classes/java/lang/invoke/VarHandleDoubles$Array.members...
[2025-03-10 16:01:02] [PROGRESS] resolve files> Scanning /Users/pripum/Documents/codeql-snyk-github-testing/codeql-and-workflows/codeqldb/trap/java/classes/java/lang/invoke/VarHandleInts$Array.members...
[2025-03-10 16:01:02] [PROGRESS] resolve files> Scanning /Users/pripum/Documents/codeql-snyk-github-testing/codeql-and-workflows/codeqldb/trap/java/classes/java/lang/invoke/VarHandle.members...
[2025-03-10 16:01:02] [PROGRESS] resolve files> Scanning /Users/pripum/Documents/codeql-snyk-github-testing/codeql-and-workflows/codeqldb/trap/java/classes/java/lang/invoke/TypeDescriptor.members...
[2025-03-10 16:01:02] [PROGRESS] resolve files> Scanning /Users/pripum/Documents/codeql-snyk-github-testing/codeql-and-workflows/codeqldb/trap/java/classes/java/lang/invoke/VarHandleReferences$FieldStaticReadWrite.members...
[2025-03-10 16:01:02] [PROGRESS] resolve files> Scanning /Users/pripum/Documents/codeql-snyk-github-testing/codeql-and-workflows/codeqldb/trap/java/classes/java/lang/invoke/DirectMethodHandle$Special.members...
[2025-03-10 16:01:02] [PROGRESS] resolve files> Scanning /Users/pripum/Documents/codeql-snyk-github-testing/codeql-and-workflows/codeqldb/trap/java/classes/java/lang/invoke/VarHandleFloats.members...
[2025-03-10 16:01:02] [PROGRESS] resolve files> Scanning /Users/pripum/Documents/codeql-snyk-github-testing/codeql-and-workflows/codeqldb/trap/java/classes/java/lang/invoke/VarHandle$AccessMode.members...
[2025-03-10 16:01:02] [PROGRESS] resolve files> Scanning /Users/pripum/Documents/codeql-snyk-github-testing/codeql-and-workflows/codeqldb/trap/java/classes/java/lang/invoke/VarHandleBytes$FieldInstanceReadOnly.members...
[2025-03-10 16:01:02] [PROGRESS] resolve files> Scanning /Users/pripum/Documents/codeql-snyk-github-testing/codeql-and-workflows/codeqldb/trap/java/classes/java/lang/invoke/VarHandleByteArrayAsFloats$ByteBufferHandle.members...
[2025-03-10 16:01:02] [PROGRESS] resolve files> Scanning /Users/pripum/Documents/codeql-snyk-github-testing/codeql-and-workflows/codeqldb/trap/java/classes/java/lang/invoke/VarForm.members...
[2025-03-10 16:01:02] [PROGRESS] resolve files> Scanning /Users/pripum/Documents/codeql-snyk-github-testing/codeql-and-workflows/codeqldb/trap/java/classes/java/lang/invoke/VarHandleByteArrayAsDoubles$ArrayHandle.members...
[2025-03-10 16:01:02] [PROGRESS] resolve files> Scanning /Users/pripum/Documents/codeql-snyk-github-testing/codeql-and-workflows/codeqldb/trap/java/classes/java/lang/invoke/VarHandleSegmentAsInts.members...
[2025-03-10 16:01:02] [PROGRESS] resolve files> Scanning /Users/pripum/Documents/codeql-snyk-github-testing/codeql-and-workflows/codeqldb/trap/java/classes/java/lang/invoke/VarHandleShorts$Array.members...
[2025-03-10 16:01:02] [PROGRESS] resolve files> Scanning /Users/pripum/Documents/codeql-snyk-github-testing/codeql-and-workflows/codeqldb/trap/java/classes/java/lang/invoke/VolatileCallSite.members...
[2025-03-10 16:01:02] [PROGRESS] resolve files> Scanning /Users/pripum/Documents/codeql-snyk-github-testing/codeql-and-workflows/codeqldb/trap/java/classes/java/lang/invoke/VarHandleSegmentAsLongs.members...
[2025-03-10 16:01:02] [PROGRESS] resolve files> Scanning /Users/pripum/Documents/codeql-snyk-github-testing/codeql-and-workflows/codeqldb/trap/java/classes/java/lang/invoke/MethodHandle.members...
[2025-03-10 16:01:02] [PROGRESS] resolve files> Scanning /Users/pripum/Documents/codeql-snyk-github-testing/codeql-and-workflows/codeqldb/trap/java/classes/java/lang/invoke/VarHandleShorts$FieldInstanceReadWrite.members...
[2025-03-10 16:01:02] [PROGRESS] resolve files> Scanning /Users/pripum/Documents/codeql-snyk-github-testing/codeql-and-workflows/codeqldb/trap/java/classes/java/lang/invoke/VarHandleByteArrayAsDoubles$ByteBufferHandle.members...
[2025-03-10 16:01:02] [PROGRESS] resolve files> Scanning /Users/pripum/Documents/codeql-snyk-github-testing/codeql-and-workflows/codeqldb/trap/java/classes/java/lang/invoke/VarHandleLongs$Array.members...
[2025-03-10 16:01:02] [PROGRESS] resolve files> Scanning /Users/pripum/Documents/codeql-snyk-github-testing/codeql-and-workflows/codeqldb/trap/java/classes/java/lang/invoke/LambdaForm$BasicType.members...
[2025-03-10 16:01:02] [PROGRESS] resolve files> Scanning /Users/pripum/Documents/codeql-snyk-github-testing/codeql-and-workflows/codeqldb/trap/java/classes/java/lang/invoke/VarHandleShorts$FieldInstanceReadOnly.members...
[2025-03-10 16:01:02] [PROGRESS] resolve files> Scanning /Users/pripum/Documents/codeql-snyk-github-testing/codeql-and-workflows/codeqldb/trap/java/classes/java/lang/invoke/LambdaForm.members...
[2025-03-10 16:01:02] [PROGRESS] resolve files> Scanning /Users/pripum/Documents/codeql-snyk-github-testing/codeql-and-workflows/codeqldb/trap/java/classes/java/lang/invoke/VarHandleLongs.members...
[2025-03-10 16:01:02] [PROGRESS] resolve files> Scanning /Users/pripum/Documents/codeql-snyk-github-testing/codeql-and-workflows/codeqldb/trap/java/classes/java/lang/invoke/VarHandleSegmentAsShorts.members...
[2025-03-10 16:01:02] [PROGRESS] resolve files> Scanning /Users/pripum/Documents/codeql-snyk-github-testing/codeql-and-workflows/codeqldb/trap/java/classes/java/lang/invoke/VarHandleDoubles$FieldStaticReadWrite.members...
[2025-03-10 16:01:02] [PROGRESS] resolve files> Scanning /Users/pripum/Documents/codeql-snyk-github-testing/codeql-and-workflows/codeqldb/trap/java/classes/java/lang/invoke/VarHandleFloats$FieldInstanceReadWrite.members...
[2025-03-10 16:01:02] [PROGRESS] resolve files> Scanning /Users/pripum/Documents/codeql-snyk-github-testing/codeql-and-workflows/codeqldb/trap/java/classes/java/lang/invoke/MethodHandleImpl$Intrinsic.members...
[2025-03-10 16:01:02] [PROGRESS] resolve files> Scanning /Users/pripum/Documents/codeql-snyk-github-testing/codeql-and-workflows/codeqldb/trap/java/classes/java/lang/invoke/VarHandleByteArrayAsLongs$ArrayHandle.members...
[2025-03-10 16:01:02] [PROGRESS] resolve files> Scanning /Users/pripum/Documents/codeql-snyk-github-testing/codeql-and-workflows/codeqldb/trap/java/classes/java/lang/invoke/VarHandleByteArrayAsShorts$ArrayHandle.members...
[2025-03-10 16:01:02] [PROGRESS] resolve files> Scanning /Users/pripum/Documents/codeql-snyk-github-testing/codeql-and-workflows/codeqldb/trap/java/classes/java/lang/invoke/Invokers.members...
[2025-03-10 16:01:02] [PROGRESS] resolve files> Scanning /Users/pripum/Documents/codeql-snyk-github-testing/codeql-and-workflows/codeqldb/trap/java/classes/java/lang/invoke/DirectMethodHandle$Interface.members...
[2025-03-10 16:01:02] [PROGRESS] resolve files> Scanning /Users/pripum/Documents/codeql-snyk-github-testing/codeql-and-workflows/codeqldb/trap/java/classes/java/lang/invoke/VarHandleByteArrayAsShorts$ByteBufferHandle.members...
[2025-03-10 16:01:02] [PROGRESS] resolve files> Scanning /Users/pripum/Documents/codeql-snyk-github-testing/codeql-and-workflows/codeqldb/trap/java/classes/java/lang/invoke/MethodHandleImpl$ArrayAccess.members...
[2025-03-10 16:01:02] [PROGRESS] resolve files> Scanning /Users/pripum/Documents/codeql-snyk-github-testing/codeql-and-workflows/codeqldb/trap/java/classes/java/lang/invoke/LambdaForm$NamedFunction.members...
[2025-03-10 16:01:02] [PROGRESS] resolve files> Scanning /Users/pripum/Documents/codeql-snyk-github-testing/codeql-and-workflows/codeqldb/trap/java/classes/java/lang/invoke/VarHandle$AccessDescriptor.members...
[2025-03-10 16:01:02] [PROGRESS] resolve files> Scanning /Users/pripum/Documents/codeql-snyk-github-testing/codeql-and-workflows/codeqldb/trap/java/classes/java/lang/invoke/VarHandleShorts$FieldStaticReadOnly.members...
[2025-03-10 16:01:02] [PROGRESS] resolve files> Scanning /Users/pripum/Documents/codeql-snyk-github-testing/codeql-and-workflows/codeqldb/trap/java/classes/java/lang/invoke/VarHandleBooleans$Array.members...
[2025-03-10 16:01:02] [PROGRESS] resolve files> Scanning /Users/pripum/Documents/codeql-snyk-github-testing/codeql-and-workflows/codeqldb/trap/java/classes/java/lang/invoke/VarHandleLongs$FieldStaticReadOnly.members...
[2025-03-10 16:01:02] [PROGRESS] resolve files> Scanning /Users/pripum/Documents/codeql-snyk-github-testing/codeql-and-workflows/codeqldb/trap/java/classes/java/lang/invoke/TypeDescriptor$OfMethod.members...
[2025-03-10 16:01:02] [PROGRESS] resolve files> Scanning /Users/pripum/Documents/codeql-snyk-github-testing/codeql-and-workflows/codeqldb/trap/java/classes/java/lang/invoke/VarHandleByteArrayAsShorts$ByteArrayViewVarHandle.members...
[2025-03-10 16:01:02] [PROGRESS] resolve files> Scanning /Users/pripum/Documents/codeql-snyk-github-testing/codeql-and-workflows/codeqldb/trap/java/classes/java/lang/invoke/ClassSpecializer.members...
[2025-03-10 16:01:02] [PROGRESS] resolve files> Scanning /Users/pripum/Documents/codeql-snyk-github-testing/codeql-and-workflows/codeqldb/trap/java/classes/java/lang/invoke/VarHandleReferences$Array.members...
[2025-03-10 16:01:02] [PROGRESS] resolve files> Scanning /Users/pripum/Documents/codeql-snyk-github-testing/codeql-and-workflows/codeqldb/trap/java/classes/java/lang/invoke/VarHandleBytes$Array.members...
[2025-03-10 16:01:02] [PROGRESS] resolve files> Scanning /Users/pripum/Documents/codeql-snyk-github-testing/codeql-and-workflows/codeqldb/trap/java/classes/java/lang/invoke/VarHandleSegmentAsDoubles.members...
[2025-03-10 16:01:02] [PROGRESS] resolve files> Scanning /Users/pripum/Documents/codeql-snyk-github-testing/codeql-and-workflows/codeqldb/trap/java/classes/java/lang/invoke/IndirectVarHandle.members...
[2025-03-10 16:01:02] [PROGRESS] resolve files> Scanning /Users/pripum/Documents/codeql-snyk-github-testing/codeql-and-workflows/codeqldb/trap/java/classes/java/lang/invoke/VarHandleDoubles.members...
[2025-03-10 16:01:02] [PROGRESS] resolve files> Scanning /Users/pripum/Documents/codeql-snyk-github-testing/codeql-and-workflows/codeqldb/trap/java/classes/java/lang/invoke/VarHandleByteArrayAsChars.members...
[2025-03-10 16:01:02] [PROGRESS] resolve files> Scanning /Users/pripum/Documents/codeql-snyk-github-testing/codeql-and-workflows/codeqldb/trap/java/classes/java/lang/invoke/LazyInitializingVarHandle.members...
[2025-03-10 16:01:02] [PROGRESS] resolve files> Scanning /Users/pripum/Documents/codeql-snyk-github-testing/codeql-and-workflows/codeqldb/trap/java/classes/java/lang/invoke/VarHandle$VarHandleDesc.members...
[2025-03-10 16:01:02] [PROGRESS] resolve files> Scanning /Users/pripum/Documents/codeql-snyk-github-testing/codeql-and-workflows/codeqldb/trap/java/classes/java/lang/invoke/DirectMethodHandle.members...
[2025-03-10 16:01:02] [PROGRESS] resolve files> Scanning /Users/pripum/Documents/codeql-snyk-github-testing/codeql-and-workflows/codeqldb/trap/java/classes/java/lang/invoke/MethodHandles$Lookup$ClassDefiner.members...
[2025-03-10 16:01:02] [PROGRESS] resolve files> Scanning /Users/pripum/Documents/codeql-snyk-github-testing/codeql-and-workflows/codeqldb/trap/java/classes/java/lang/invoke/VarHandleDoubles$FieldStaticReadOnly.members...
[2025-03-10 16:01:02] [PROGRESS] resolve files> Scanning /Users/pripum/Documents/codeql-snyk-github-testing/codeql-and-workflows/codeqldb/trap/java/classes/java/lang/invoke/VarHandleFloats$FieldStaticReadOnly.members...
[2025-03-10 16:01:02] [PROGRESS] resolve files> Scanning /Users/pripum/Documents/codeql-snyk-github-testing/codeql-and-workflows/codeqldb/trap/java/classes/java/lang/invoke/MethodHandles$Lookup.members...
[2025-03-10 16:01:02] [PROGRESS] resolve files> Scanning /Users/pripum/Documents/codeql-snyk-github-testing/codeql-and-workflows/codeqldb/trap/java/classes/java/lang/invoke/MethodHandleImpl$IntrinsicMethodHandle.members...
[2025-03-10 16:01:02] [PROGRESS] resolve files> Scanning /Users/pripum/Documents/codeql-snyk-github-testing/codeql-and-workflows/codeqldb/trap/java/classes/java/lang/invoke/VarHandleDoubles$FieldInstanceReadWrite.members...
[2025-03-10 16:01:02] [PROGRESS] resolve files> Scanning /Users/pripum/Documents/codeql-snyk-github-testing/codeql-and-workflows/codeqldb/trap/java/classes/java/lang/invoke/ConstantCallSite.members...
[2025-03-10 16:01:02] [PROGRESS] resolve files> Scanning /Users/pripum/Documents/codeql-snyk-github-testing/codeql-and-workflows/codeqldb/trap/java/classes/java/lang/invoke/MethodHandleImpl$AsVarargsCollector.members...
[2025-03-10 16:01:02] [PROGRESS] resolve files> Scanning /Users/pripum/Documents/codeql-snyk-github-testing/codeql-and-workflows/codeqldb/trap/java/classes/java/lang/invoke/VarHandleByteArrayAsLongs$ByteArrayViewVarHandle.members...
[2025-03-10 16:01:02] [PROGRESS] resolve files> Scanning /Users/pripum/Documents/codeql-snyk-github-testing/codeql-and-workflows/codeqldb/trap/java/classes/java/lang/invoke/VarHandleByteArrayAsInts$ArrayHandle.members...
[2025-03-10 16:01:02] [PROGRESS] resolve files> Scanning /Users/pripum/Documents/codeql-snyk-github-testing/codeql-and-workflows/codeqldb/trap/java/classes/java/lang/invoke/MethodType.members...
[2025-03-10 16:01:02] [PROGRESS] resolve files> Scanning /Users/pripum/Documents/codeql-snyk-github-testing/codeql-and-workflows/codeqldb/trap/java/classes/java/lang/invoke/VarHandleChars$Array.members...
[2025-03-10 16:01:02] [PROGRESS] resolve files> Scanning /Users/pripum/Documents/codeql-snyk-github-testing/codeql-and-workflows/codeqldb/trap/java/classes/java/lang/invoke/MethodTypeForm.members...
[2025-03-10 16:01:02] [PROGRESS] resolve files> Scanning /Users/pripum/Documents/codeql-snyk-github-testing/codeql-and-workflows/codeqldb/trap/java/classes/java/lang/invoke/MethodHandleImpl.members...
[2025-03-10 16:01:02] [PROGRESS] resolve files> Scanning /Users/pripum/Documents/codeql-snyk-github-testing/codeql-and-workflows/codeqldb/trap/java/classes/java/lang/invoke/VarHandleReferences$FieldStaticReadOnly.members...
[2025-03-10 16:01:02] [PROGRESS] resolve files> Scanning /Users/pripum/Documents/codeql-snyk-github-testing/codeql-and-workflows/codeqldb/trap/java/classes/java/lang/invoke/MethodHandleInfo.members...
[2025-03-10 16:01:02] [PROGRESS] resolve files> Scanning /Users/pripum/Documents/codeql-snyk-github-testing/codeql-and-workflows/codeqldb/trap/java/classes/java/lang/invoke/VarHandleByteArrayAsChars$ByteBufferHandle.members...
[2025-03-10 16:01:02] [PROGRESS] resolve files> Scanning /Users/pripum/Documents/codeql-snyk-github-testing/codeql-and-workflows/codeqldb/trap/java/classes/java/lang/invoke/CallSite.members...
[2025-03-10 16:01:02] [PROGRESS] resolve files> Scanning /Users/pripum/Documents/codeql-snyk-github-testing/codeql-and-workflows/codeqldb/trap/java/classes/java/lang/invoke/VarHandleBooleans$FieldStaticReadWrite.members...
[2025-03-10 16:01:02] [PROGRESS] resolve files> Scanning /Users/pripum/Documents/codeql-snyk-github-testing/codeql-and-workflows/codeqldb/trap/java/classes/java/lang/invoke/VarHandleBytes$FieldStaticReadOnly.members...
[2025-03-10 16:01:02] [PROGRESS] resolve files> Scanning /Users/pripum/Documents/codeql-snyk-github-testing/codeql-and-workflows/codeqldb/trap/java/classes/java/lang/invoke/MethodHandle$PolymorphicSignature.members...
[2025-03-10 16:01:02] [PROGRESS] resolve files> Scanning /Users/pripum/Documents/codeql-snyk-github-testing/codeql-and-workflows/codeqldb/trap/java/classes/java/lang/invoke/VarHandleShorts$FieldStaticReadWrite.members...
[2025-03-10 16:01:02] [PROGRESS] resolve files> Scanning /Users/pripum/Documents/codeql-snyk-github-testing/codeql-and-workflows/codeqldb/trap/java/classes/java/lang/invoke/VarHandleByteArrayAsChars$ByteArrayViewVarHandle.members...
[2025-03-10 16:01:02] [PROGRESS] resolve files> Scanning /Users/pripum/Documents/codeql-snyk-github-testing/codeql-and-workflows/codeqldb/trap/java/classes/java/lang/invoke/VarHandleFloats$Array.members...
[2025-03-10 16:01:02] [PROGRESS] resolve files> Scanning /Users/pripum/Documents/codeql-snyk-github-testing/codeql-and-workflows/codeqldb/trap/java/classes/java/lang/invoke/MethodHandleImpl$CasesHolder.members...
[2025-03-10 16:01:02] [PROGRESS] resolve files> Scanning /Users/pripum/Documents/codeql-snyk-github-testing/codeql-and-workflows/codeqldb/trap/java/classes/java/lang/invoke/MemberName$Factory.members...
[2025-03-10 16:01:02] [PROGRESS] resolve files> Scanning /Users/pripum/Documents/codeql-snyk-github-testing/codeql-and-workflows/codeqldb/trap/java/classes/java/lang/invoke/DelegatingMethodHandle.members...
[2025-03-10 16:01:02] [PROGRESS] resolve files> Scanning /Users/pripum/Documents/codeql-snyk-github-testing/codeql-and-workflows/codeqldb/trap/java/classes/java/lang/invoke/VarHandleBytes$FieldStaticReadWrite.members...
[2025-03-10 16:01:02] [PROGRESS] resolve files> Scanning /Users/pripum/Documents/codeql-snyk-github-testing/codeql-and-workflows/codeqldb/trap/java/classes/java/lang/invoke/DirectMethodHandle$Accessor.members...
[2025-03-10 16:01:02] [PROGRESS] resolve files> Scanning /Users/pripum/Documents/codeql-snyk-github-testing/codeql-and-workflows/codeqldb/trap/java/classes/java/lang/invoke/VarHandleByteArrayAsLongs$ByteBufferHandle.members...
[2025-03-10 16:01:02] [PROGRESS] resolve files> Scanning /Users/pripum/Documents/codeql-snyk-github-testing/codeql-and-workflows/codeqldb/trap/java/classes/java/lang/invoke/LambdaFormEditor.members...
[2025-03-10 16:01:02] [PROGRESS] resolve files> Scanning /Users/pripum/Documents/codeql-snyk-github-testing/codeql-and-workflows/codeqldb/trap/java/classes/java/lang/invoke/VarHandleInts$FieldStaticReadWrite.members...
[2025-03-10 16:01:02] [PROGRESS] resolve files> Scanning /Users/pripum/Documents/codeql-snyk-github-testing/codeql-and-workflows/codeqldb/trap/java/classes/java/lang/invoke/LambdaForm$Name.members...
[2025-03-10 16:01:02] [PROGRESS] resolve files> Scanning /Users/pripum/Documents/codeql-snyk-github-testing/codeql-and-workflows/codeqldb/trap/java/classes/java/lang/invoke/VarHandleSegmentViewBase.members...
[2025-03-10 16:01:02] [PROGRESS] resolve files> Scanning /Users/pripum/Documents/codeql-snyk-github-testing/codeql-and-workflows/codeqldb/trap/java/classes/java/lang/invoke/WrongMethodTypeException.members...
[2025-03-10 16:01:02] [PROGRESS] resolve files> Scanning /Users/pripum/Documents/codeql-snyk-github-testing/codeql-and-workflows/codeqldb/trap/java/classes/java/lang/invoke/MethodHandleImpl$WrappedMember.members...
[2025-03-10 16:01:02] [PROGRESS] resolve files> Scanning /Users/pripum/Documents/codeql-snyk-github-testing/codeql-and-workflows/codeqldb/trap/java/classes/java/lang/invoke/VarHandleChars$FieldInstanceReadOnly.members...
[2025-03-10 16:01:02] [PROGRESS] resolve files> Scanning /Users/pripum/Documents/codeql-snyk-github-testing/codeql-and-workflows/codeqldb/trap/java/classes/java/lang/invoke/ClassSpecializer$Factory.members...
[2025-03-10 16:01:02] [PROGRESS] resolve files> Scanning /Users/pripum/Documents/codeql-snyk-github-testing/codeql-and-workflows/codeqldb/trap/java/classes/java/lang/invoke/VarHandleByteArrayAsInts.members...
[2025-03-10 16:01:02] [PROGRESS] resolve files> Scanning /Users/pripum/Documents/codeql-snyk-github-testing/codeql-and-workflows/codeqldb/trap/java/classes/java/lang/invoke/VarHandleChars.members...
[2025-03-10 16:01:02] [PROGRESS] resolve files> Scanning /Users/pripum/Documents/codeql-snyk-github-testing/codeql-and-workflows/codeqldb/trap/java/classes/java/lang/invoke/VarHandleChars$FieldStaticReadWrite.members...
[2025-03-10 16:01:02] [PROGRESS] resolve files> Scanning /Users/pripum/Documents/codeql-snyk-github-testing/codeql-and-workflows/codeqldb/trap/java/classes/java/lang/invoke/BoundMethodHandle$SpeciesData.members...
[2025-03-10 16:01:02] [PROGRESS] resolve files> Scanning /Users/pripum/Documents/codeql-snyk-github-testing/codeql-and-workflows/codeqldb/trap/java/classes/java/lang/invoke/MutableCallSite.members...
[2025-03-10 16:01:02] [PROGRESS] resolve files> Scanning /Users/pripum/Documents/codeql-snyk-github-testing/codeql-and-workflows/codeqldb/trap/java/classes/java/lang/invoke/VarHandleSegmentAsChars.members...
[2025-03-10 16:01:02] [PROGRESS] resolve files> Scanning /Users/pripum/Documents/codeql-snyk-github-testing/codeql-and-workflows/codeqldb/trap/java/classes/java/lang/invoke/VarHandle$AccessType.members...
[2025-03-10 16:01:02] [PROGRESS] resolve files> Scanning /Users/pripum/Documents/codeql-snyk-github-testing/codeql-and-workflows/codeqldb/trap/java/classes/java/lang/invoke/VarHandleInts$FieldInstanceReadWrite.members...
[2025-03-10 16:01:02] [PROGRESS] resolve files> Scanning /Users/pripum/Documents/codeql-snyk-github-testing/codeql-and-workflows/codeqldb/trap/java/classes/java/lang/invoke/VarHandleByteArrayAsInts$ByteBufferHandle.members...
[2025-03-10 16:01:02] [PROGRESS] resolve files> Scanning /Users/pripum/Documents/codeql-snyk-github-testing/codeql-and-workflows/codeqldb/trap/java/classes/java/lang/invoke/VarHandleLongs$FieldInstanceReadOnly.members...
[2025-03-10 16:01:02] [PROGRESS] resolve files> Scanning /Users/pripum/Documents/codeql-snyk-github-testing/codeql-and-workflows/codeqldb/trap/java/classes/java/lang/invoke/NativeMethodHandle.members...
[2025-03-10 16:01:02] [PROGRESS] resolve files> Scanning /Users/pripum/Documents/codeql-snyk-github-testing/codeql-and-workflows/codeqldb/trap/java/classes/java/lang/invoke/VarHandleBooleans$FieldStaticReadOnly.members...
[2025-03-10 16:01:02] [PROGRESS] resolve files> Scanning /Users/pripum/Documents/codeql-snyk-github-testing/codeql-and-workflows/codeqldb/trap/java/classes/java/lang/invoke/VarHandleSegmentAsBytes.members...
[2025-03-10 16:01:02] [PROGRESS] resolve files> Scanning /Users/pripum/Documents/codeql-snyk-github-testing/codeql-and-workflows/codeqldb/trap/java/classes/java/lang/invoke/VarHandleByteArrayAsFloats.members...
[2025-03-10 16:01:02] [PROGRESS] resolve files> Scanning /Users/pripum/Documents/codeql-snyk-github-testing/codeql-and-workflows/codeqldb/trap/java/classes/java/lang/invoke/VarHandleReferences$FieldInstanceReadOnly.members...
[2025-03-10 16:01:02] [PROGRESS] resolve files> Scanning /Users/pripum/Documents/codeql-snyk-github-testing/codeql-and-workflows/codeqldb/trap/java/classes/java/lang/invoke/VarHandleBytes$FieldInstanceReadWrite.members...
[2025-03-10 16:01:02] [PROGRESS] resolve files> Scanning /Users/pripum/Documents/codeql-snyk-github-testing/codeql-and-workflows/codeqldb/trap/java/classes/java/lang/invoke/ClassSpecializer$SpeciesData.members...
[2025-03-10 16:01:02] [PROGRESS] resolve files> Scanning /Users/pripum/Documents/codeql-snyk-github-testing/codeql-and-workflows/codeqldb/trap/java/classes/java/lang/invoke/DirectMethodHandle$Constructor.members...
[2025-03-10 16:01:02] [PROGRESS] resolve files> Scanning /Users/pripum/Documents/codeql-snyk-github-testing/codeql-and-workflows/codeqldb/trap/java/classes/java/lang/invoke/VarHandleLongs$FieldInstanceReadWrite.members...
[2025-03-10 16:01:02] [PROGRESS] resolve files> Scanning /Users/pripum/Documents/codeql-snyk-github-testing/codeql-and-workflows/codeqldb/trap/java/classes/java/lang/invoke/VarHandleReferences$FieldInstanceReadWrite.members...
[2025-03-10 16:01:02] [PROGRESS] resolve files> Scanning /Users/pripum/Documents/codeql-snyk-github-testing/codeql-and-workflows/codeqldb/trap/java/classes/java/lang/invoke/VarHandleBytes.members...
[2025-03-10 16:01:02] [PROGRESS] resolve files> Scanning /Users/pripum/Documents/codeql-snyk-github-testing/codeql-and-workflows/codeqldb/trap/java/classes/java/lang/invoke/VarHandleBooleans$FieldInstanceReadOnly.members...
[2025-03-10 16:01:02] [PROGRESS] resolve files> Scanning /Users/pripum/Documents/codeql-snyk-github-testing/codeql-and-workflows/codeqldb/trap/java/classes/java/lang/invoke/VarHandleInts$FieldInstanceReadOnly.members...
[2025-03-10 16:01:02] [PROGRESS] resolve files> Scanning /Users/pripum/Documents/codeql-snyk-github-testing/codeql-and-workflows/codeqldb/trap/java/classes/java/lang/invoke/VarHandleByteArrayAsChars$ArrayHandle.members...
[2025-03-10 16:01:02] [PROGRESS] resolve files> Scanning /Users/pripum/Documents/codeql-snyk-github-testing/codeql-and-workflows/codeqldb/trap/java/classes/java/lang/invoke/VarHandleDoubles$FieldInstanceReadOnly.members...
[2025-03-10 16:01:02] [PROGRESS] resolve files> Scanning /Users/pripum/Documents/codeql-snyk-github-testing/codeql-and-workflows/codeqldb/trap/java/classes/java/lang/invoke/VarHandleChars$FieldInstanceReadWrite.members...
[2025-03-10 16:01:02] [PROGRESS] resolve files> Scanning /Users/pripum/Documents/codeql-snyk-github-testing/codeql-and-workflows/codeqldb/trap/java/classes/java/lang/invoke/MethodHandleImpl$CountingWrapper.members...
[2025-03-10 16:01:02] [PROGRESS] resolve files> Scanning /Users/pripum/Documents/codeql-snyk-github-testing/codeql-and-workflows/codeqldb/trap/java/classes/java/lang/invoke/VarHandleByteArrayAsDoubles$ByteArrayViewVarHandle.members...
[2025-03-10 16:01:02] [PROGRESS] resolve files> Scanning /Users/pripum/Documents/codeql-snyk-github-testing/codeql-and-workflows/codeqldb/trap/java/classes/java/lang/invoke/VarHandleLongs$FieldStaticReadWrite.members...
[2025-03-10 16:01:02] [PROGRESS] resolve files> Scanning /Users/pripum/Documents/codeql-snyk-github-testing/codeql-and-workflows/codeqldb/trap/java/classes/java/lang/invoke/VarHandleReferences.members...
[2025-03-10 16:01:02] [PROGRESS] resolve files> Scanning /Users/pripum/Documents/codeql-snyk-github-testing/codeql-and-workflows/codeqldb/trap/java/classes/java/lang/invoke/BoundMethodHandle$Specializer.members...
[2025-03-10 16:01:02] [PROGRESS] resolve files> Scanning /Users/pripum/Documents/codeql-snyk-github-testing/codeql-and-workflows/codeqldb/trap/java/classes/java/lang/invoke/VarHandleFloats$FieldStaticReadWrite.members...
[2025-03-10 16:01:02] [PROGRESS] resolve files> Scanning /Users/pripum/Documents/codeql-snyk-github-testing/codeql-and-workflows/codeqldb/trap/java/classes/java/lang/invoke/VarHandleByteArrayAsInts$ByteArrayViewVarHandle.members...
[2025-03-10 16:01:02] [PROGRESS] resolve files> Scanning /Users/pripum/Documents/codeql-snyk-github-testing/codeql-and-workflows/codeqldb/trap/java/classes/java/lang/invoke/VarHandleShorts.members...
[2025-03-10 16:01:02] [PROGRESS] resolve files> Scanning /Users/pripum/Documents/codeql-snyk-github-testing/codeql-and-workflows/codeqldb/trap/java/classes/java/lang/invoke/VarHandleByteArrayAsLongs.members...
[2025-03-10 16:01:02] [PROGRESS] resolve files> Scanning /Users/pripum/Documents/codeql-snyk-github-testing/codeql-and-workflows/codeqldb/trap/java/classes/java/lang/invoke/LambdaForm$Kind.members...
[2025-03-10 16:01:02] [PROGRESS] resolve files> Scanning /Users/pripum/Documents/codeql-snyk-github-testing/codeql-and-workflows/codeqldb/trap/java/classes/java/lang/invoke/VarHandleByteArrayBase.members...
[2025-03-10 16:01:02] [PROGRESS] resolve files> Scanning /Users/pripum/Documents/codeql-snyk-github-testing/codeql-and-workflows/codeqldb/trap/java/classes/java/lang/invoke/MethodHandleImpl$LoopClauses.members...
[2025-03-10 16:01:02] [PROGRESS] resolve files> Scanning /Users/pripum/Documents/codeql-snyk-github-testing/codeql-and-workflows/codeqldb/trap/java/classes/java/lang/invoke/MethodHandles$Lookup$ClassOption.members...
[2025-03-10 16:01:02] [PROGRESS] resolve files> Scanning /Users/pripum/Documents/codeql-snyk-github-testing/codeql-and-workflows/codeqldb/trap/java/classes/java/lang/invoke/TypeDescriptor$OfField.members...
[2025-03-10 16:01:02] [PROGRESS] resolve files> Scanning /Users/pripum/Documents/codeql-snyk-github-testing/codeql-and-workflows/codeqldb/trap/java/classes/java/lang/invoke/MethodHandles.members...
[2025-03-10 16:01:02] [PROGRESS] resolve files> Scanning /Users/pripum/Documents/codeql-snyk-github-testing/codeql-and-workflows/codeqldb/trap/java/classes/java/lang/invoke/VarHandleSegmentAsFloats.members...
[2025-03-10 16:01:02] [PROGRESS] resolve files> Scanning /Users/pripum/Documents/codeql-snyk-github-testing/codeql-and-workflows/codeqldb/trap/java/classes/java/lang/NumberFormatException.members...
[2025-03-10 16:01:02] [PROGRESS] resolve files> Scanning /Users/pripum/Documents/codeql-snyk-github-testing/codeql-and-workflows/codeqldb/trap/java/classes/java/lang/ThreadGroup.members...
[2025-03-10 16:01:02] [PROGRESS] resolve files> Scanning /Users/pripum/Documents/codeql-snyk-github-testing/codeql-and-workflows/codeqldb/trap/java/classes/java/lang/module...
[2025-03-10 16:01:02] [PROGRESS] resolve files> Scanning /Users/pripum/Documents/codeql-snyk-github-testing/codeql-and-workflows/codeqldb/trap/java/classes/java/lang/module/ModuleDescriptor$Version.members...
[2025-03-10 16:01:02] [PROGRESS] resolve files> Scanning /Users/pripum/Documents/codeql-snyk-github-testing/codeql-and-workflows/codeqldb/trap/java/classes/java/lang/module/ModuleDescriptor$Opens$Modifier.members...
[2025-03-10 16:01:02] [PROGRESS] resolve files> Scanning /Users/pripum/Documents/codeql-snyk-github-testing/codeql-and-workflows/codeqldb/trap/java/classes/java/lang/module/ModuleDescriptor.members...
[2025-03-10 16:01:02] [PROGRESS] resolve files> Scanning /Users/pripum/Documents/codeql-snyk-github-testing/codeql-and-workflows/codeqldb/trap/java/classes/java/lang/module/ModuleDescriptor$Builder.members...
[2025-03-10 16:01:02] [PROGRESS] resolve files> Scanning /Users/pripum/Documents/codeql-snyk-github-testing/codeql-and-workflows/codeqldb/trap/java/classes/java/lang/module/ModuleDescriptor$Modifier.members...
[2025-03-10 16:01:02] [PROGRESS] resolve files> Scanning /Users/pripum/Documents/codeql-snyk-github-testing/codeql-and-workflows/codeqldb/trap/java/classes/java/lang/module/ModuleDescriptor$Opens.members...
[2025-03-10 16:01:02] [PROGRESS] resolve files> Scanning /Users/pripum/Documents/codeql-snyk-github-testing/codeql-and-workflows/codeqldb/trap/java/classes/java/lang/module/ModuleDescriptor$Requires$Modifier.members...
[2025-03-10 16:01:02] [PROGRESS] resolve files> Scanning /Users/pripum/Documents/codeql-snyk-github-testing/codeql-and-workflows/codeqldb/trap/java/classes/java/lang/module/ResolvedModule.members...
[2025-03-10 16:01:02] [PROGRESS] resolve files> Scanning /Users/pripum/Documents/codeql-snyk-github-testing/codeql-and-workflows/codeqldb/trap/java/classes/java/lang/module/ModuleDescriptor$Exports.members...
[2025-03-10 16:01:02] [PROGRESS] resolve files> Scanning /Users/pripum/Documents/codeql-snyk-github-testing/codeql-and-workflows/codeqldb/trap/java/classes/java/lang/module/Configuration.members...
[2025-03-10 16:01:02] [PROGRESS] resolve files> Scanning /Users/pripum/Documents/codeql-snyk-github-testing/codeql-and-workflows/codeqldb/trap/java/classes/java/lang/module/ModuleDescriptor$Requires.members...
[2025-03-10 16:01:02] [PROGRESS] resolve files> Scanning /Users/pripum/Documents/codeql-snyk-github-testing/codeql-and-workflows/codeqldb/trap/java/classes/java/lang/module/ModuleReference.members...
[2025-03-10 16:01:02] [PROGRESS] resolve files> Scanning /Users/pripum/Documents/codeql-snyk-github-testing/codeql-and-workflows/codeqldb/trap/java/classes/java/lang/module/ModuleFinder.members...
[2025-03-10 16:01:02] [PROGRESS] resolve files> Scanning /Users/pripum/Documents/codeql-snyk-github-testing/codeql-and-workflows/codeqldb/trap/java/classes/java/lang/module/ModuleDescriptor$Exports$Modifier.members...
[2025-03-10 16:01:02] [PROGRESS] resolve files> Scanning /Users/pripum/Documents/codeql-snyk-github-testing/codeql-and-workflows/codeqldb/trap/java/classes/java/lang/module/ModuleReader.members...
[2025-03-10 16:01:02] [PROGRESS] resolve files> Scanning /Users/pripum/Documents/codeql-snyk-github-testing/codeql-and-workflows/codeqldb/trap/java/classes/java/lang/module/ModuleDescriptor$Provides.members...
[2025-03-10 16:01:02] [PROGRESS] resolve files> Scanning /Users/pripum/Documents/codeql-snyk-github-testing/codeql-and-workflows/codeqldb/trap/java/classes/java/lang/Integer.members...
[2025-03-10 16:01:02] [PROGRESS] resolve files> Scanning /Users/pripum/Documents/codeql-snyk-github-testing/codeql-and-workflows/codeqldb/trap/java/classes/java/lang/Class.members...
[2025-03-10 16:01:02] [PROGRESS] resolve files> Scanning /Users/pripum/Documents/codeql-snyk-github-testing/codeql-and-workflows/codeqldb/trap/java/classes/java/lang/LinkageError.members...
[2025-03-10 16:01:02] [PROGRESS] resolve files> Scanning /Users/pripum/Documents/codeql-snyk-github-testing/codeql-and-workflows/codeqldb/trap/java/classes/java/lang/Override.members...
[2025-03-10 16:01:02] [PROGRESS] resolve files> Scanning /Users/pripum/Documents/codeql-snyk-github-testing/codeql-and-workflows/codeqldb/trap/java/classes/java/lang/reflect...
[2025-03-10 16:01:02] [PROGRESS] resolve files> Scanning /Users/pripum/Documents/codeql-snyk-github-testing/codeql-and-workflows/codeqldb/trap/java/classes/java/lang/reflect/AccessFlag$Location.members...
[2025-03-10 16:01:02] [PROGRESS] resolve files> Scanning /Users/pripum/Documents/codeql-snyk-github-testing/codeql-and-workflows/codeqldb/trap/java/classes/java/lang/reflect/WildcardType.members...
[2025-03-10 16:01:02] [PROGRESS] resolve files> Scanning /Users/pripum/Documents/codeql-snyk-github-testing/codeql-and-workflows/codeqldb/trap/java/classes/java/lang/reflect/Method.members...
[2025-03-10 16:01:02] [PROGRESS] resolve files> Scanning /Users/pripum/Documents/codeql-snyk-github-testing/codeql-and-workflows/codeqldb/trap/java/classes/java/lang/reflect/Parameter.members...
[2025-03-10 16:01:02] [PROGRESS] resolve files> Scanning /Users/pripum/Documents/codeql-snyk-github-testing/codeql-and-workflows/codeqldb/trap/java/classes/java/lang/reflect/AnnotatedType.members...
[2025-03-10 16:01:02] [PROGRESS] resolve files> Scanning /Users/pripum/Documents/codeql-snyk-github-testing/codeql-and-workflows/codeqldb/trap/java/classes/java/lang/reflect/ParameterizedType.members...
[2025-03-10 16:01:02] [PROGRESS] resolve files> Scanning /Users/pripum/Documents/codeql-snyk-github-testing/codeql-and-workflows/codeqldb/trap/java/classes/java/lang/reflect/InvocationTargetException.members...
[2025-03-10 16:01:02] [PROGRESS] resolve files> Scanning /Users/pripum/Documents/codeql-snyk-github-testing/codeql-and-workflows/codeqldb/trap/java/classes/java/lang/reflect/RecordComponent.members...
[2025-03-10 16:01:02] [PROGRESS] resolve files> Scanning /Users/pripum/Documents/codeql-snyk-github-testing/codeql-and-workflows/codeqldb/trap/java/classes/java/lang/reflect/Executable.members...
[2025-03-10 16:01:02] [PROGRESS] resolve files> Scanning /Users/pripum/Documents/codeql-snyk-github-testing/codeql-and-workflows/codeqldb/trap/java/classes/java/lang/reflect/AccessibleObject.members...
[2025-03-10 16:01:02] [PROGRESS] resolve files> Scanning /Users/pripum/Documents/codeql-snyk-github-testing/codeql-and-workflows/codeqldb/trap/java/classes/java/lang/reflect/Member.members...
[2025-03-10 16:01:02] [PROGRESS] resolve files> Scanning /Users/pripum/Documents/codeql-snyk-github-testing/codeql-and-workflows/codeqldb/trap/java/classes/java/lang/reflect/AccessFlag.members...
[2025-03-10 16:01:02] [PROGRESS] resolve files> Scanning /Users/pripum/Documents/codeql-snyk-github-testing/codeql-and-workflows/codeqldb/trap/java/classes/java/lang/reflect/AnnotatedElement.members...
[2025-03-10 16:01:02] [PROGRESS] resolve files> Scanning /Users/pripum/Documents/codeql-snyk-github-testing/codeql-and-workflows/codeqldb/trap/java/classes/java/lang/reflect/Field.members...
[2025-03-10 16:01:02] [PROGRESS] resolve files> Scanning /Users/pripum/Documents/codeql-snyk-github-testing/codeql-and-workflows/codeqldb/trap/java/classes/java/lang/reflect/Constructor.members...
[2025-03-10 16:01:02] [PROGRESS] resolve files> Scanning /Users/pripum/Documents/codeql-snyk-github-testing/codeql-and-workflows/codeqldb/trap/java/classes/java/lang/reflect/ClassFileFormatVersion.members...
[2025-03-10 16:01:02] [PROGRESS] resolve files> Scanning /Users/pripum/Documents/codeql-snyk-github-testing/codeql-and-workflows/codeqldb/trap/java/classes/java/lang/reflect/TypeVariable.members...
[2025-03-10 16:01:02] [PROGRESS] resolve files> Scanning /Users/pripum/Documents/codeql-snyk-github-testing/codeql-and-workflows/codeqldb/trap/java/classes/java/lang/reflect/GenericDeclaration.members...
[2025-03-10 16:01:02] [PROGRESS] resolve files> Scanning /Users/pripum/Documents/codeql-snyk-github-testing/codeql-and-workflows/codeqldb/trap/java/classes/java/lang/reflect/Type.members...
[2025-03-10 16:01:02] [PROGRESS] resolve files> Scanning /Users/pripum/Documents/codeql-snyk-github-testing/codeql-and-workflows/codeqldb/trap/java/classes/java/lang/SafeVarargs.members...
[2025-03-10 16:01:02] [PROGRESS] resolve files> Scanning /Users/pripum/Documents/codeql-snyk-github-testing/codeql-and-workflows/codeqldb/trap/java/classes/java/lang/ClassValue.members...
[2025-03-10 16:01:02] [PROGRESS] resolve files> Scanning /Users/pripum/Documents/codeql-snyk-github-testing/codeql-and-workflows/codeqldb/trap/java/classes/java/lang/Float.members...
[2025-03-10 16:01:02] [PROGRESS] resolve files> Scanning /Users/pripum/Documents/codeql-snyk-github-testing/codeql-and-workflows/codeqldb/trap/java/classes/java/lang/annotation...
[2025-03-10 16:01:02] [PROGRESS] resolve files> Scanning /Users/pripum/Documents/codeql-snyk-github-testing/codeql-and-workflows/codeqldb/trap/java/classes/java/lang/annotation/Target.members...
[2025-03-10 16:01:02] [PROGRESS] resolve files> Scanning /Users/pripum/Documents/codeql-snyk-github-testing/codeql-and-workflows/codeqldb/trap/java/classes/java/lang/annotation/Documented.members...
[2025-03-10 16:01:02] [PROGRESS] resolve files> Scanning /Users/pripum/Documents/codeql-snyk-github-testing/codeql-and-workflows/codeqldb/trap/java/classes/java/lang/annotation/Annotation.members...
[2025-03-10 16:01:02] [PROGRESS] resolve files> Scanning /Users/pripum/Documents/codeql-snyk-github-testing/codeql-and-workflows/codeqldb/trap/java/classes/java/lang/annotation/Retention.members...
[2025-03-10 16:01:02] [PROGRESS] resolve files> Scanning /Users/pripum/Documents/codeql-snyk-github-testing/codeql-and-workflows/codeqldb/trap/java/classes/java/lang/annotation/ElementType.members...
[2025-03-10 16:01:02] [PROGRESS] resolve files> Scanning /Users/pripum/Documents/codeql-snyk-github-testing/codeql-and-workflows/codeqldb/trap/java/classes/java/lang/annotation/RetentionPolicy.members...
[2025-03-10 16:01:02] [PROGRESS] resolve files> Scanning /Users/pripum/Documents/codeql-snyk-github-testing/codeql-and-workflows/codeqldb/trap/java/classes/java/lang/System$Logger.members...
[2025-03-10 16:01:02] [PROGRESS] resolve files> Scanning /Users/pripum/Documents/codeql-snyk-github-testing/codeql-and-workflows/codeqldb/trap/java/classes/java/lang/InterruptedException.members...
[2025-03-10 16:01:02] [PROGRESS] resolve files> Scanning /Users/pripum/Documents/codeql-snyk-github-testing/codeql-and-workflows/codeqldb/trap/java/classes/java/lang/UnsupportedOperationException.members...
[2025-03-10 16:01:02] [PROGRESS] resolve files> Scanning /Users/pripum/Documents/codeql-snyk-github-testing/codeql-and-workflows/codeqldb/trap/java/classes/java/lang/ClassValue$ClassValueMap.members...
[2025-03-10 16:01:02] [PROGRESS] resolve files> Scanning /Users/pripum/Documents/codeql-snyk-github-testing/codeql-and-workflows/codeqldb/trap/java/classes/java/lang/ClassNotFoundException.members...
[2025-03-10 16:01:02] [PROGRESS] resolve files> Scanning /Users/pripum/Documents/codeql-snyk-github-testing/codeql-and-workflows/codeqldb/trap/java/classes/java/lang/ThreadBuilders$PlatformThreadBuilder.members...
[2025-03-10 16:01:02] [PROGRESS] resolve files> Scanning /Users/pripum/Documents/codeql-snyk-github-testing/codeql-and-workflows/codeqldb/trap/java/classes/java/lang/ClassFrameInfo.members...
[2025-03-10 16:01:02] [PROGRESS] resolve files> Scanning /Users/pripum/Documents/codeql-snyk-github-testing/codeql-and-workflows/codeqldb/trap/java/classes/java/lang/Throwable.members...
[2025-03-10 16:01:02] [PROGRESS] resolve files> Scanning /Users/pripum/Documents/codeql-snyk-github-testing/codeql-and-workflows/codeqldb/trap/java/classes/java/lang/Error.members...
[2025-03-10 16:01:02] [PROGRESS] resolve files> Scanning /Users/pripum/Documents/codeql-snyk-github-testing/codeql-and-workflows/codeqldb/trap/java/classes/java/lang/Thread$State.members...
[2025-03-10 16:01:02] [PROGRESS] resolve files> Scanning /Users/pripum/Documents/codeql-snyk-github-testing/codeql-and-workflows/codeqldb/trap/java/classes/java/lang/ProcessHandle$Info.members...
[2025-03-10 16:01:02] [PROGRESS] resolve files> Scanning /Users/pripum/Documents/codeql-snyk-github-testing/codeql-and-workflows/codeqldb/trap/java/classes/java/lang/Thread.members...
[2025-03-10 16:01:02] [PROGRESS] resolve files> Scanning /Users/pripum/Documents/codeql-snyk-github-testing/codeql-and-workflows/codeqldb/trap/java/classes/java/lang/Runtime.members...
[2025-03-10 16:01:02] [PROGRESS] resolve files> Scanning /Users/pripum/Documents/codeql-snyk-github-testing/codeql-and-workflows/codeqldb/trap/java/classes/java/lang/ReflectiveOperationException.members...
[2025-03-10 16:01:02] [PROGRESS] resolve files> Scanning /Users/pripum/Documents/codeql-snyk-github-testing/codeql-and-workflows/codeqldb/trap/java/classes/java/lang/constant...
[2025-03-10 16:01:02] [PROGRESS] resolve files> Scanning /Users/pripum/Documents/codeql-snyk-github-testing/codeql-and-workflows/codeqldb/trap/java/classes/java/lang/constant/MethodTypeDesc.members...
[2025-03-10 16:01:02] [PROGRESS] resolve files> Scanning /Users/pripum/Documents/codeql-snyk-github-testing/codeql-and-workflows/codeqldb/trap/java/classes/java/lang/constant/ClassDesc.members...
[2025-03-10 16:01:02] [PROGRESS] resolve files> Scanning /Users/pripum/Documents/codeql-snyk-github-testing/codeql-and-workflows/codeqldb/trap/java/classes/java/lang/constant/MethodHandleDesc.members...
[2025-03-10 16:01:02] [PROGRESS] resolve files> Scanning /Users/pripum/Documents/codeql-snyk-github-testing/codeql-and-workflows/codeqldb/trap/java/classes/java/lang/constant/ConstantDesc.members...
[2025-03-10 16:01:02] [PROGRESS] resolve files> Scanning /Users/pripum/Documents/codeql-snyk-github-testing/codeql-and-workflows/codeqldb/trap/java/classes/java/lang/constant/DirectMethodHandleDesc$Kind.members...
[2025-03-10 16:01:02] [PROGRESS] resolve files> Scanning /Users/pripum/Documents/codeql-snyk-github-testing/codeql-and-workflows/codeqldb/trap/java/classes/java/lang/constant/Constable.members...
[2025-03-10 16:01:02] [PROGRESS] resolve files> Scanning /Users/pripum/Documents/codeql-snyk-github-testing/codeql-and-workflows/codeqldb/trap/java/classes/java/lang/constant/DirectMethodHandleDesc.members...
[2025-03-10 16:01:02] [PROGRESS] resolve files> Scanning /Users/pripum/Documents/codeql-snyk-github-testing/codeql-and-workflows/codeqldb/trap/java/classes/java/lang/constant/DynamicConstantDesc.members...
[2025-03-10 16:01:02] [PROGRESS] resolve files> Scanning /Users/pripum/Documents/codeql-snyk-github-testing/codeql-and-workflows/codeqldb/trap/java/classes/java/lang/constant/AsTypeMethodHandleDesc.members...
[2025-03-10 16:01:02] [PROGRESS] resolve files> Scanning /Users/pripum/Documents/codeql-snyk-github-testing/codeql-and-workflows/codeqldb/trap/java/classes/java/lang/StackWalker$ExtendedOption.members...
[2025-03-10 16:01:02] [PROGRESS] resolve files> Scanning /Users/pripum/Documents/codeql-snyk-github-testing/codeql-and-workflows/codeqldb/trap/java/classes/java/lang/Deprecated.members...
[2025-03-10 16:01:02] [PROGRESS] resolve files> Scanning /Users/pripum/Documents/codeql-snyk-github-testing/codeql-and-workflows/codeqldb/trap/java/classes/java/lang/InternalError.members...
[2025-03-10 16:01:02] [PROGRESS] resolve files> Scanning /Users/pripum/Documents/codeql-snyk-github-testing/codeql-and-workflows/codeqldb/trap/java/classes/java/lang/IllegalStateException.members...
[2025-03-10 16:01:02] [PROGRESS] resolve files> Scanning /Users/pripum/Documents/codeql-snyk-github-testing/codeql-and-workflows/codeqldb/trap/java/classes/java/lang/Boolean.members...
[2025-03-10 16:01:02] [PROGRESS] resolve files> Scanning /Users/pripum/Documents/codeql-snyk-github-testing/codeql-and-workflows/codeqldb/trap/java/classes/java/lang/Long.members...
[2025-03-10 16:01:02] [PROGRESS] resolve files> Scanning /Users/pripum/Documents/codeql-snyk-github-testing/codeql-and-workflows/codeqldb/trap/java/classes/java/lang/System.members...
[2025-03-10 16:01:02] [PROGRESS] resolve files> Scanning /Users/pripum/Documents/codeql-snyk-github-testing/codeql-and-workflows/codeqldb/trap/java/classes/java/lang/Double.members...
[2025-03-10 16:01:02] [PROGRESS] resolve files> Scanning /Users/pripum/Documents/codeql-snyk-github-testing/codeql-and-workflows/codeqldb/trap/java/classes/java/lang/Object.members...
[2025-03-10 16:01:02] [PROGRESS] resolve files> Scanning /Users/pripum/Documents/codeql-snyk-github-testing/codeql-and-workflows/codeqldb/trap/java/classes/java/lang/NoSuchFieldException.members...
[2025-03-10 16:01:02] [PROGRESS] resolve files> Scanning /Users/pripum/Documents/codeql-snyk-github-testing/codeql-and-workflows/codeqldb/trap/java/classes/java/lang/ScopedValue.members...
[2025-03-10 16:01:02] [PROGRESS] resolve files> Scanning /Users/pripum/Documents/codeql-snyk-github-testing/codeql-and-workflows/codeqldb/trap/java/classes/java/lang/Appendable.members...
[2025-03-10 16:01:02] [PROGRESS] resolve files> Scanning /Users/pripum/Documents/codeql-snyk-github-testing/codeql-and-workflows/codeqldb/trap/java/classes/java/lang/StringBuilder.members...
[2025-03-10 16:01:02] [PROGRESS] resolve files> Scanning /Users/pripum/Documents/codeql-snyk-github-testing/codeql-and-workflows/codeqldb/trap/java/classes/java/lang/IllegalArgumentException.members...
[2025-03-10 16:01:02] [PROGRESS] resolve files> Scanning /Users/pripum/Documents/codeql-snyk-github-testing/codeql-and-workflows/codeqldb/trap/java/classes/java/lang/Package.members...
[2025-03-10 16:01:02] [PROGRESS] resolve files> Scanning /Users/pripum/Documents/codeql-snyk-github-testing/codeql-and-workflows/codeqldb/trap/java/classes/java/lang/AutoCloseable.members...
[2025-03-10 16:01:02] [PROGRESS] resolve files> Scanning /Users/pripum/Documents/codeql-snyk-github-testing/codeql-and-workflows/codeqldb/trap/java/classes/java/lang/ModuleLayer$Controller.members...
[2025-03-10 16:01:02] [PROGRESS] resolve files> Scanning /Users/pripum/Documents/codeql-snyk-github-testing/codeql-and-workflows/codeqldb/trap/java/classes/java/lang/Enum.members...
[2025-03-10 16:01:02] [PROGRESS] resolve files> Scanning /Users/pripum/Documents/codeql-snyk-github-testing/codeql-and-workflows/codeqldb/trap/java/classes/java/lang/IllegalAccessException.members...
[2025-03-10 16:01:02] [PROGRESS] resolve files> Scanning /Users/pripum/Documents/codeql-snyk-github-testing/codeql-and-workflows/codeqldb/trap/java/classes/java/lang/System$Logger$Level.members...
[2025-03-10 16:01:02] [PROGRESS] resolve files> Scanning /Users/pripum/Documents/codeql-snyk-github-testing/codeql-and-workflows/codeqldb/trap/java/classes/java/lang/FunctionalInterface.members...
[2025-03-10 16:01:02] [PROGRESS] resolve files> Scanning /Users/pripum/Documents/codeql-snyk-github-testing/codeql-and-workflows/codeqldb/trap/java/classes/java/lang/Module.members...
[2025-03-10 16:01:02] [PROGRESS] resolve files> Scanning /Users/pripum/Documents/codeql-snyk-github-testing/codeql-and-workflows/codeqldb/trap/java/classes/java/lang/ScopedValue$CallableOp.members...
[2025-03-10 16:01:02] [PROGRESS] resolve files> Scanning /Users/pripum/Documents/codeql-snyk-github-testing/codeql-and-workflows/codeqldb/trap/java/classes/java/lang/ThreadLocal$ThreadLocalMap.members...
[2025-03-10 16:01:02] [PROGRESS] resolve files> Scanning /Users/pripum/Documents/codeql-snyk-github-testing/codeql-and-workflows/codeqldb/trap/java/classes/java/lang/StackWalker$StackFrame.members...
[2025-03-10 16:01:02] [PROGRESS] resolve files> Scanning /Users/pripum/Documents/codeql-snyk-github-testing/codeql-and-workflows/codeqldb/trap/java/classes/java/lang/foreign...
[2025-03-10 16:01:02] [PROGRESS] resolve files> Scanning /Users/pripum/Documents/codeql-snyk-github-testing/codeql-and-workflows/codeqldb/trap/java/classes/java/lang/foreign/ValueLayout$OfLong.members...
[2025-03-10 16:01:02] [PROGRESS] resolve files> Scanning /Users/pripum/Documents/codeql-snyk-github-testing/codeql-and-workflows/codeqldb/trap/java/classes/java/lang/foreign/MemorySegment$Scope.members...
[2025-03-10 16:01:02] [PROGRESS] resolve files> Scanning /Users/pripum/Documents/codeql-snyk-github-testing/codeql-and-workflows/codeqldb/trap/java/classes/java/lang/foreign/Arena.members...
[2025-03-10 16:01:02] [PROGRESS] resolve files> Scanning /Users/pripum/Documents/codeql-snyk-github-testing/codeql-and-workflows/codeqldb/trap/java/classes/java/lang/foreign/SegmentAllocator.members...
[2025-03-10 16:01:02] [PROGRESS] resolve files> Scanning /Users/pripum/Documents/codeql-snyk-github-testing/codeql-and-workflows/codeqldb/trap/java/classes/java/lang/foreign/MemoryLayout.members...
[2025-03-10 16:01:02] [PROGRESS] resolve files> Scanning /Users/pripum/Documents/codeql-snyk-github-testing/codeql-and-workflows/codeqldb/trap/java/classes/java/lang/foreign/ValueLayout$OfShort.members...
[2025-03-10 16:01:02] [PROGRESS] resolve files> Scanning /Users/pripum/Documents/codeql-snyk-github-testing/codeql-and-workflows/codeqldb/trap/java/classes/java/lang/foreign/ValueLayout$OfDouble.members...
[2025-03-10 16:01:02] [PROGRESS] resolve files> Scanning /Users/pripum/Documents/codeql-snyk-github-testing/codeql-and-workflows/codeqldb/trap/java/classes/java/lang/foreign/ValueLayout.members...
[2025-03-10 16:01:02] [PROGRESS] resolve files> Scanning /Users/pripum/Documents/codeql-snyk-github-testing/codeql-and-workflows/codeqldb/trap/java/classes/java/lang/foreign/ValueLayout$OfBoolean.members...
[2025-03-10 16:01:02] [PROGRESS] resolve files> Scanning /Users/pripum/Documents/codeql-snyk-github-testing/codeql-and-workflows/codeqldb/trap/java/classes/java/lang/foreign/UnionLayout.members...
[2025-03-10 16:01:02] [PROGRESS] resolve files> Scanning /Users/pripum/Documents/codeql-snyk-github-testing/codeql-and-workflows/codeqldb/trap/java/classes/java/lang/foreign/PaddingLayout.members...
[2025-03-10 16:01:02] [PROGRESS] resolve files> Scanning /Users/pripum/Documents/codeql-snyk-github-testing/codeql-and-workflows/codeqldb/trap/java/classes/java/lang/foreign/MemoryLayout$PathElement.members...
[2025-03-10 16:01:02] [PROGRESS] resolve files> Scanning /Users/pripum/Documents/codeql-snyk-github-testing/codeql-and-workflows/codeqldb/trap/java/classes/java/lang/foreign/MemorySegment.members...
[2025-03-10 16:01:02] [PROGRESS] resolve files> Scanning /Users/pripum/Documents/codeql-snyk-github-testing/codeql-and-workflows/codeqldb/trap/java/classes/java/lang/foreign/ValueLayout$OfByte.members...
[2025-03-10 16:01:02] [PROGRESS] resolve files> Scanning /Users/pripum/Documents/codeql-snyk-github-testing/codeql-and-workflows/codeqldb/trap/java/classes/java/lang/foreign/GroupLayout.members...
[2025-03-10 16:01:02] [PROGRESS] resolve files> Scanning /Users/pripum/Documents/codeql-snyk-github-testing/codeql-and-workflows/codeqldb/trap/java/classes/java/lang/foreign/SequenceLayout.members...
[2025-03-10 16:01:02] [PROGRESS] resolve files> Scanning /Users/pripum/Documents/codeql-snyk-github-testing/codeql-and-workflows/codeqldb/trap/java/classes/java/lang/foreign/StructLayout.members...
[2025-03-10 16:01:02] [PROGRESS] resolve files> Scanning /Users/pripum/Documents/codeql-snyk-github-testing/codeql-and-workflows/codeqldb/trap/java/classes/java/lang/foreign/ValueLayout$OfFloat.members...
[2025-03-10 16:01:02] [PROGRESS] resolve files> Scanning /Users/pripum/Documents/codeql-snyk-github-testing/codeql-and-workflows/codeqldb/trap/java/classes/java/lang/foreign/ValueLayout$OfChar.members...
[2025-03-10 16:01:02] [PROGRESS] resolve files> Scanning /Users/pripum/Documents/codeql-snyk-github-testing/codeql-and-workflows/codeqldb/trap/java/classes/java/lang/foreign/ValueLayout$OfInt.members...
[2025-03-10 16:01:02] [PROGRESS] resolve files> Scanning /Users/pripum/Documents/codeql-snyk-github-testing/codeql-and-workflows/codeqldb/trap/java/classes/java/lang/foreign/AddressLayout.members...
[2025-03-10 16:01:02] [PROGRESS] resolve files> Scanning /Users/pripum/Documents/codeql-snyk-github-testing/codeql-and-workflows/codeqldb/trap/java/classes/java/lang/SecurityException.members...
[2025-03-10 16:01:02] [PROGRESS] resolve files> Scanning /Users/pripum/Documents/codeql-snyk-github-testing/codeql-and-workflows/codeqldb/trap/java/classes/java/lang/AbstractStringBuilder.members...
[2025-03-10 16:01:02] [PROGRESS] resolve files> Scanning /Users/pripum/Documents/codeql-snyk-github-testing/codeql-and-workflows/codeqldb/trap/java/classes/java/lang/TypeNotPresentException.members...
[2025-03-10 16:01:02] [PROGRESS] resolve files> Scanning /Users/pripum/Documents/codeql-snyk-github-testing/codeql-and-workflows/codeqldb/trap/java/classes/java/lang/ClassLoader.members...
[2025-03-10 16:01:02] [PROGRESS] resolve files> Scanning /Users/pripum/Documents/codeql-snyk-github-testing/codeql-and-workflows/codeqldb/trap/java/classes/java/lang/StackTraceElement.members...
[2025-03-10 16:01:02] [PROGRESS] resolve files> Scanning /Users/pripum/Documents/codeql-snyk-github-testing/codeql-and-workflows/codeqldb/trap/java/classes/java/lang/Number.members...
[2025-03-10 16:01:02] [PROGRESS] resolve files> Scanning /Users/pripum/Documents/codeql-snyk-github-testing/codeql-and-workflows/codeqldb/trap/java/classes/java/lang/Runtime$Version.members...
[2025-03-10 16:01:02] [PROGRESS] resolve files> Scanning /Users/pripum/Documents/codeql-snyk-github-testing/codeql-and-workflows/codeqldb/trap/java/classes/java/lang/ClassValue$Identity.members...
[2025-03-10 16:01:02] [PROGRESS] resolve files> Scanning /Users/pripum/Documents/codeql-snyk-github-testing/codeql-and-workflows/codeqldb/trap/java/classes/java/lang/Thread$UncaughtExceptionHandler.members...
[2025-03-10 16:01:02] [PROGRESS] resolve files> Scanning /Users/pripum/Documents/codeql-snyk-github-testing/codeql-and-workflows/codeqldb/trap/java/classes/java/lang/NoSuchMethodException.members...
[2025-03-10 16:01:02] [PROGRESS] resolve files> Scanning /Users/pripum/Documents/codeql-snyk-github-testing/codeql-and-workflows/codeqldb/trap/java/classes/java/lang/Comparable.members...
[2025-03-10 16:01:02] [PROGRESS] resolve files> Scanning /Users/pripum/Documents/codeql-snyk-github-testing/codeql-and-workflows/codeqldb/trap/java/classes/java/lang/ClassValue$Version.members...
[2025-03-10 16:01:02] [PROGRESS] resolve files> Scanning /Users/pripum/Documents/codeql-snyk-github-testing/codeql-and-workflows/codeqldb/trap/java/classes/java/lang/ScopedValue$Carrier.members...
[2025-03-10 16:01:02] [PROGRESS] resolve files> Scanning /Users/pripum/Documents/codeql-snyk-github-testing/codeql-and-workflows/codeqldb/trap/java/classes/java/lang/RuntimePermission.members...
[2025-03-10 16:01:02] [PROGRESS] resolve files> Scanning /Users/pripum/Documents/codeql-snyk-github-testing/codeql-and-workflows/codeqldb/trap/java/classes/java/lang/ThreadBuilders.members...
[2025-03-10 16:01:02] [PROGRESS] resolve files> Scanning /Users/pripum/Documents/codeql-snyk-github-testing/codeql-and-workflows/codeqldb/trap/java/classes/java/lang/StackWalker.members...
[2025-03-10 16:01:02] [PROGRESS] resolve files> Scanning /Users/pripum/Documents/codeql-snyk-github-testing/codeql-and-workflows/codeqldb/trap/java/classes/java/lang/StackFrameInfo.members...
[2025-03-10 16:01:02] [PROGRESS] resolve files> Scanning /Users/pripum/Documents/codeql-snyk-github-testing/codeql-and-workflows/codeqldb/trap/java/classes/java/nio...
[2025-03-10 16:01:02] [PROGRESS] resolve files> Scanning /Users/pripum/Documents/codeql-snyk-github-testing/codeql-and-workflows/codeqldb/trap/java/classes/java/nio/HeapLongBufferR.members...
[2025-03-10 16:01:02] [PROGRESS] resolve files> Scanning /Users/pripum/Documents/codeql-snyk-github-testing/codeql-and-workflows/codeqldb/trap/java/classes/java/nio/DirectFloatBufferU.members...
[2025-03-10 16:01:02] [PROGRESS] resolve files> Scanning /Users/pripum/Documents/codeql-snyk-github-testing/codeql-and-workflows/codeqldb/trap/java/classes/java/nio/ByteBufferAsLongBufferB.members...
[2025-03-10 16:01:02] [PROGRESS] resolve files> Scanning /Users/pripum/Documents/codeql-snyk-github-testing/codeql-and-workflows/codeqldb/trap/java/classes/java/nio/ByteOrder.members...
[2025-03-10 16:01:02] [PROGRESS] resolve files> Scanning /Users/pripum/Documents/codeql-snyk-github-testing/codeql-and-workflows/codeqldb/trap/java/classes/java/nio/DirectShortBufferS.members...
[2025-03-10 16:01:02] [PROGRESS] resolve files> Scanning /Users/pripum/Documents/codeql-snyk-github-testing/codeql-and-workflows/codeqldb/trap/java/classes/java/nio/DirectIntBufferRU.members...
[2025-03-10 16:01:02] [PROGRESS] resolve files> Scanning /Users/pripum/Documents/codeql-snyk-github-testing/codeql-and-workflows/codeqldb/trap/java/classes/java/nio/DirectShortBufferRU.members...
[2025-03-10 16:01:02] [PROGRESS] resolve files> Scanning /Users/pripum/Documents/codeql-snyk-github-testing/codeql-and-workflows/codeqldb/trap/java/classes/java/nio/DirectByteBufferR.members...
[2025-03-10 16:01:02] [PROGRESS] resolve files> Scanning /Users/pripum/Documents/codeql-snyk-github-testing/codeql-and-workflows/codeqldb/trap/java/classes/java/nio/ByteBufferAsIntBufferL.members...
[2025-03-10 16:01:02] [PROGRESS] resolve files> Scanning /Users/pripum/Documents/codeql-snyk-github-testing/codeql-and-workflows/codeqldb/trap/java/classes/java/nio/FloatBuffer.members...
[2025-03-10 16:01:02] [PROGRESS] resolve files> Scanning /Users/pripum/Documents/codeql-snyk-github-testing/codeql-and-workflows/codeqldb/trap/java/classes/java/nio/MappedByteBuffer.members...
[2025-03-10 16:01:02] [PROGRESS] resolve files> Scanning /Users/pripum/Documents/codeql-snyk-github-testing/codeql-and-workflows/codeqldb/trap/java/classes/java/nio/DirectLongBufferRS.members...
[2025-03-10 16:01:02] [PROGRESS] resolve files> Scanning /Users/pripum/Documents/codeql-snyk-github-testing/codeql-and-workflows/codeqldb/trap/java/classes/java/nio/DirectCharBufferRU.members...
[2025-03-10 16:01:02] [PROGRESS] resolve files> Scanning /Users/pripum/Documents/codeql-snyk-github-testing/codeql-and-workflows/codeqldb/trap/java/classes/java/nio/file...
[2025-03-10 16:01:02] [PROGRESS] resolve files> Scanning /Users/pripum/Documents/codeql-snyk-github-testing/codeql-and-workflows/codeqldb/trap/java/classes/java/nio/file/WatchService.members...
[2025-03-10 16:01:02] [PROGRESS] resolve files> Scanning /Users/pripum/Documents/codeql-snyk-github-testing/codeql-and-workflows/codeqldb/trap/java/classes/java/nio/file/PathMatcher.members...
[2025-03-10 16:01:02] [PROGRESS] resolve files> Scanning /Users/pripum/Documents/codeql-snyk-github-testing/codeql-and-workflows/codeqldb/trap/java/classes/java/nio/file/FileStore.members...
[2025-03-10 16:01:02] [PROGRESS] resolve files> Scanning /Users/pripum/Documents/codeql-snyk-github-testing/codeql-and-workflows/codeqldb/trap/java/classes/java/nio/file/DirectoryStream$Filter.members...
[2025-03-10 16:01:02] [PROGRESS] resolve files> Scanning /Users/pripum/Documents/codeql-snyk-github-testing/codeql-and-workflows/codeqldb/trap/java/classes/java/nio/file/OpenOption.members...
[2025-03-10 16:01:02] [PROGRESS] resolve files> Scanning /Users/pripum/Documents/codeql-snyk-github-testing/codeql-and-workflows/codeqldb/trap/java/classes/java/nio/file/attribute...
[2025-03-10 16:01:02] [PROGRESS] resolve files> Scanning /Users/pripum/Documents/codeql-snyk-github-testing/codeql-and-workflows/codeqldb/trap/java/classes/java/nio/file/attribute/BasicFileAttributes.members...
[2025-03-10 16:01:02] [PROGRESS] resolve files> Scanning /Users/pripum/Documents/codeql-snyk-github-testing/codeql-and-workflows/codeqldb/trap/java/classes/java/nio/file/attribute/UserPrincipal.members...
[2025-03-10 16:01:02] [PROGRESS] resolve files> Scanning /Users/pripum/Documents/codeql-snyk-github-testing/codeql-and-workflows/codeqldb/trap/java/classes/java/nio/file/attribute/FileTime.members...
[2025-03-10 16:01:02] [PROGRESS] resolve files> Scanning /Users/pripum/Documents/codeql-snyk-github-testing/codeql-and-workflows/codeqldb/trap/java/classes/java/nio/file/attribute/AttributeView.members...
[2025-03-10 16:01:02] [PROGRESS] resolve files> Scanning /Users/pripum/Documents/codeql-snyk-github-testing/codeql-and-workflows/codeqldb/trap/java/classes/java/nio/file/attribute/FileAttribute.members...
[2025-03-10 16:01:02] [PROGRESS] resolve files> Scanning /Users/pripum/Documents/codeql-snyk-github-testing/codeql-and-workflows/codeqldb/trap/java/classes/java/nio/file/attribute/FileAttributeView.members...
[2025-03-10 16:01:02] [PROGRESS] resolve files> Scanning /Users/pripum/Documents/codeql-snyk-github-testing/codeql-and-workflows/codeqldb/trap/java/classes/java/nio/file/attribute/FileStoreAttributeView.members...
[2025-03-10 16:01:02] [PROGRESS] resolve files> Scanning /Users/pripum/Documents/codeql-snyk-github-testing/codeql-and-workflows/codeqldb/trap/java/classes/java/nio/file/attribute/UserPrincipalLookupService.members...
[2025-03-10 16:01:02] [PROGRESS] resolve files> Scanning /Users/pripum/Documents/codeql-snyk-github-testing/codeql-and-workflows/codeqldb/trap/java/classes/java/nio/file/attribute/GroupPrincipal.members...
[2025-03-10 16:01:02] [PROGRESS] resolve files> Scanning /Users/pripum/Documents/codeql-snyk-github-testing/codeql-and-workflows/codeqldb/trap/java/classes/java/nio/file/CopyOption.members...
[2025-03-10 16:01:02] [PROGRESS] resolve files> Scanning /Users/pripum/Documents/codeql-snyk-github-testing/codeql-and-workflows/codeqldb/trap/java/classes/java/nio/file/AccessMode.members...
[2025-03-10 16:01:02] [PROGRESS] resolve files> Scanning /Users/pripum/Documents/codeql-snyk-github-testing/codeql-and-workflows/codeqldb/trap/java/classes/java/nio/file/WatchEvent$Kind.members...
[2025-03-10 16:01:02] [PROGRESS] resolve files> Scanning /Users/pripum/Documents/codeql-snyk-github-testing/codeql-and-workflows/codeqldb/trap/java/classes/java/nio/file/WatchEvent.members...
[2025-03-10 16:01:02] [PROGRESS] resolve files> Scanning /Users/pripum/Documents/codeql-snyk-github-testing/codeql-and-workflows/codeqldb/trap/java/classes/java/nio/file/WatchEvent$Modifier.members...
[2025-03-10 16:01:02] [PROGRESS] resolve files> Scanning /Users/pripum/Documents/codeql-snyk-github-testing/codeql-and-workflows/codeqldb/trap/java/classes/java/nio/file/WatchKey.members...
[2025-03-10 16:01:02] [PROGRESS] resolve files> Scanning /Users/pripum/Documents/codeql-snyk-github-testing/codeql-and-workflows/codeqldb/trap/java/classes/java/nio/file/Path.members...
[2025-03-10 16:01:02] [PROGRESS] resolve files> Scanning /Users/pripum/Documents/codeql-snyk-github-testing/codeql-and-workflows/codeqldb/trap/java/classes/java/nio/file/spi...
[2025-03-10 16:01:02] [PROGRESS] resolve files> Scanning /Users/pripum/Documents/codeql-snyk-github-testing/codeql-and-workflows/codeqldb/trap/java/classes/java/nio/file/spi/FileSystemProvider.members...
[2025-03-10 16:01:02] [PROGRESS] resolve files> Scanning /Users/pripum/Documents/codeql-snyk-github-testing/codeql-and-workflows/codeqldb/trap/java/classes/java/nio/file/Watchable.members...
[2025-03-10 16:01:02] [PROGRESS] resolve files> Scanning /Users/pripum/Documents/codeql-snyk-github-testing/codeql-and-workflows/codeqldb/trap/java/classes/java/nio/file/FileSystem.members...
[2025-03-10 16:01:02] [PROGRESS] resolve files> Scanning /Users/pripum/Documents/codeql-snyk-github-testing/codeql-and-workflows/codeqldb/trap/java/classes/java/nio/file/DirectoryStream.members...
[2025-03-10 16:01:02] [PROGRESS] resolve files> Scanning /Users/pripum/Documents/codeql-snyk-github-testing/codeql-and-workflows/codeqldb/trap/java/classes/java/nio/file/LinkOption.members...
[2025-03-10 16:01:02] [PROGRESS] resolve files> Scanning /Users/pripum/Documents/codeql-snyk-github-testing/codeql-and-workflows/codeqldb/trap/java/classes/java/nio/ByteBufferAsCharBufferL.members...
[2025-03-10 16:01:02] [PROGRESS] resolve files> Scanning /Users/pripum/Documents/codeql-snyk-github-testing/codeql-and-workflows/codeqldb/trap/java/classes/java/nio/ByteBufferAsDoubleBufferB.members...
[2025-03-10 16:01:02] [PROGRESS] resolve files> Scanning /Users/pripum/Documents/codeql-snyk-github-testing/codeql-and-workflows/codeqldb/trap/java/classes/java/nio/DirectDoubleBufferS.members...
[2025-03-10 16:01:02] [PROGRESS] resolve files> Scanning /Users/pripum/Documents/codeql-snyk-github-testing/codeql-and-workflows/codeqldb/trap/java/classes/java/nio/ByteBufferAsShortBufferRL.members...
[2025-03-10 16:01:02] [PROGRESS] resolve files> Scanning /Users/pripum/Documents/codeql-snyk-github-testing/codeql-and-workflows/codeqldb/trap/java/classes/java/nio/HeapFloatBufferR.members...
[2025-03-10 16:01:02] [PROGRESS] resolve files> Scanning /Users/pripum/Documents/codeql-snyk-github-testing/codeql-and-workflows/codeqldb/trap/java/classes/java/nio/ByteBufferAsLongBufferRB.members...
[2025-03-10 16:01:02] [PROGRESS] resolve files> Scanning /Users/pripum/Documents/codeql-snyk-github-testing/codeql-and-workflows/codeqldb/trap/java/classes/java/nio/ByteBufferAsIntBufferRL.members...
[2025-03-10 16:01:02] [PROGRESS] resolve files> Scanning /Users/pripum/Documents/codeql-snyk-github-testing/codeql-and-workflows/codeqldb/trap/java/classes/java/nio/ByteBufferAsFloatBufferL.members...
[2025-03-10 16:01:02] [PROGRESS] resolve files> Scanning /Users/pripum/Documents/codeql-snyk-github-testing/codeql-and-workflows/codeqldb/trap/java/classes/java/nio/DirectDoubleBufferRS.members...
[2025-03-10 16:01:02] [PROGRESS] resolve files> Scanning /Users/pripum/Documents/codeql-snyk-github-testing/codeql-and-workflows/codeqldb/trap/java/classes/java/nio/HeapDoubleBuffer.members...
[2025-03-10 16:01:02] [PROGRESS] resolve files> Scanning /Users/pripum/Documents/codeql-snyk-github-testing/codeql-and-workflows/codeqldb/trap/java/classes/java/nio/DirectByteBuffer.members...
[2025-03-10 16:01:02] [PROGRESS] resolve files> Scanning /Users/pripum/Documents/codeql-snyk-github-testing/codeql-and-workflows/codeqldb/trap/java/classes/java/nio/ByteBufferAsFloatBufferRL.members...
[2025-03-10 16:01:02] [PROGRESS] resolve files> Scanning /Users/pripum/Documents/codeql-snyk-github-testing/codeql-and-workflows/codeqldb/trap/java/classes/java/nio/HeapByteBufferR.members...
[2025-03-10 16:01:02] [PROGRESS] resolve files> Scanning /Users/pripum/Documents/codeql-snyk-github-testing/codeql-and-workflows/codeqldb/trap/java/classes/java/nio/CharBuffer.members...
[2025-03-10 16:01:02] [PROGRESS] resolve files> Scanning /Users/pripum/Documents/codeql-snyk-github-testing/codeql-and-workflows/codeqldb/trap/java/classes/java/nio/DirectCharBufferU.members...
[2025-03-10 16:01:02] [PROGRESS] resolve files> Scanning /Users/pripum/Documents/codeql-snyk-github-testing/codeql-and-workflows/codeqldb/trap/java/classes/java/nio/HeapCharBuffer.members...
[2025-03-10 16:01:02] [PROGRESS] resolve files> Scanning /Users/pripum/Documents/codeql-snyk-github-testing/codeql-and-workflows/codeqldb/trap/java/classes/java/nio/ByteBufferAsCharBufferRL.members...
[2025-03-10 16:01:02] [PROGRESS] resolve files> Scanning /Users/pripum/Documents/codeql-snyk-github-testing/codeql-and-workflows/codeqldb/trap/java/classes/java/nio/DirectFloatBufferRU.members...
[2025-03-10 16:01:02] [PROGRESS] resolve files> Scanning /Users/pripum/Documents/codeql-snyk-github-testing/codeql-and-workflows/codeqldb/trap/java/classes/java/nio/ByteBufferAsShortBufferB.members...
[2025-03-10 16:01:02] [PROGRESS] resolve files> Scanning /Users/pripum/Documents/codeql-snyk-github-testing/codeql-and-workflows/codeqldb/trap/java/classes/java/nio/LongBuffer.members...
[2025-03-10 16:01:02] [PROGRESS] resolve files> Scanning /Users/pripum/Documents/codeql-snyk-github-testing/codeql-and-workflows/codeqldb/trap/java/classes/java/nio/DirectLongBufferS.members...
[2025-03-10 16:01:02] [PROGRESS] resolve files> Scanning /Users/pripum/Documents/codeql-snyk-github-testing/codeql-and-workflows/codeqldb/trap/java/classes/java/nio/DirectIntBufferS.members...
[2025-03-10 16:01:02] [PROGRESS] resolve files> Scanning /Users/pripum/Documents/codeql-snyk-github-testing/codeql-and-workflows/codeqldb/trap/java/classes/java/nio/ByteBufferAsDoubleBufferRB.members...
[2025-03-10 16:01:02] [PROGRESS] resolve files> Scanning /Users/pripum/Documents/codeql-snyk-github-testing/codeql-and-workflows/codeqldb/trap/java/classes/java/nio/ShortBuffer.members...
[2025-03-10 16:01:02] [PROGRESS] resolve files> Scanning /Users/pripum/Documents/codeql-snyk-github-testing/codeql-and-workflows/codeqldb/trap/java/classes/java/nio/HeapLongBuffer.members...
[2025-03-10 16:01:02] [PROGRESS] resolve files> Scanning /Users/pripum/Documents/codeql-snyk-github-testing/codeql-and-workflows/codeqldb/trap/java/classes/java/nio/DirectCharBufferRS.members...
[2025-03-10 16:01:02] [PROGRESS] resolve files> Scanning /Users/pripum/Documents/codeql-snyk-github-testing/codeql-and-workflows/codeqldb/trap/java/classes/java/nio/HeapDoubleBufferR.members...
[2025-03-10 16:01:02] [PROGRESS] resolve files> Scanning /Users/pripum/Documents/codeql-snyk-github-testing/codeql-and-workflows/codeqldb/trap/java/classes/java/nio/ByteBufferAsLongBufferL.members...
[2025-03-10 16:01:02] [PROGRESS] resolve files> Scanning /Users/pripum/Documents/codeql-snyk-github-testing/codeql-and-workflows/codeqldb/trap/java/classes/java/nio/DirectLongBufferRU.members...
[2025-03-10 16:01:02] [PROGRESS] resolve files> Scanning /Users/pripum/Documents/codeql-snyk-github-testing/codeql-and-workflows/codeqldb/trap/java/classes/java/nio/DirectDoubleBufferU.members...
[2025-03-10 16:01:02] [PROGRESS] resolve files> Scanning /Users/pripum/Documents/codeql-snyk-github-testing/codeql-and-workflows/codeqldb/trap/java/classes/java/nio/ByteBufferAsIntBufferB.members...
[2025-03-10 16:01:02] [PROGRESS] resolve files> Scanning /Users/pripum/Documents/codeql-snyk-github-testing/codeql-and-workflows/codeqldb/trap/java/classes/java/nio/HeapIntBuffer.members...
[2025-03-10 16:01:02] [PROGRESS] resolve files> Scanning /Users/pripum/Documents/codeql-snyk-github-testing/codeql-and-workflows/codeqldb/trap/java/classes/java/nio/DirectFloatBufferS.members...
[2025-03-10 16:01:02] [PROGRESS] resolve files> Scanning /Users/pripum/Documents/codeql-snyk-github-testing/codeql-and-workflows/codeqldb/trap/java/classes/java/nio/HeapIntBufferR.members...
[2025-03-10 16:01:02] [PROGRESS] resolve files> Scanning /Users/pripum/Documents/codeql-snyk-github-testing/codeql-and-workflows/codeqldb/trap/java/classes/java/nio/ByteBufferAsCharBufferB.members...
[2025-03-10 16:01:02] [PROGRESS] resolve files> Scanning /Users/pripum/Documents/codeql-snyk-github-testing/codeql-and-workflows/codeqldb/trap/java/classes/java/nio/DirectShortBufferRS.members...
[2025-03-10 16:01:02] [PROGRESS] resolve files> Scanning /Users/pripum/Documents/codeql-snyk-github-testing/codeql-and-workflows/codeqldb/trap/java/classes/java/nio/ByteBufferAsDoubleBufferL.members...
[2025-03-10 16:01:02] [PROGRESS] resolve files> Scanning /Users/pripum/Documents/codeql-snyk-github-testing/codeql-and-workflows/codeqldb/trap/java/classes/java/nio/HeapByteBuffer.members...
[2025-03-10 16:01:02] [PROGRESS] resolve files> Scanning /Users/pripum/Documents/codeql-snyk-github-testing/codeql-and-workflows/codeqldb/trap/java/classes/java/nio/ByteBufferAsShortBufferRB.members...
[2025-03-10 16:01:02] [PROGRESS] resolve files> Scanning /Users/pripum/Documents/codeql-snyk-github-testing/codeql-and-workflows/codeqldb/trap/java/classes/java/nio/DirectIntBufferRS.members...
[2025-03-10 16:01:02] [PROGRESS] resolve files> Scanning /Users/pripum/Documents/codeql-snyk-github-testing/codeql-and-workflows/codeqldb/trap/java/classes/java/nio/HeapShortBuffer.members...
[2025-03-10 16:01:02] [PROGRESS] resolve files> Scanning /Users/pripum/Documents/codeql-snyk-github-testing/codeql-and-workflows/codeqldb/trap/java/classes/java/nio/DirectShortBufferU.members...
[2025-03-10 16:01:02] [PROGRESS] resolve files> Scanning /Users/pripum/Documents/codeql-snyk-github-testing/codeql-and-workflows/codeqldb/trap/java/classes/java/nio/HeapCharBufferR.members...
[2025-03-10 16:01:02] [PROGRESS] resolve files> Scanning /Users/pripum/Documents/codeql-snyk-github-testing/codeql-and-workflows/codeqldb/trap/java/classes/java/nio/ByteBuffer.members...
[2025-03-10 16:01:02] [PROGRESS] resolve files> Scanning /Users/pripum/Documents/codeql-snyk-github-testing/codeql-and-workflows/codeqldb/trap/java/classes/java/nio/ByteBufferAsFloatBufferB.members...
[2025-03-10 16:01:02] [PROGRESS] resolve files> Scanning /Users/pripum/Documents/codeql-snyk-github-testing/codeql-and-workflows/codeqldb/trap/java/classes/java/nio/DirectCharBufferS.members...
[2025-03-10 16:01:02] [PROGRESS] resolve files> Scanning /Users/pripum/Documents/codeql-snyk-github-testing/codeql-and-workflows/codeqldb/trap/java/classes/java/nio/ByteBufferAsLongBufferRL.members...
[2025-03-10 16:01:02] [PROGRESS] resolve files> Scanning /Users/pripum/Documents/codeql-snyk-github-testing/codeql-and-workflows/codeqldb/trap/java/classes/java/nio/ByteBufferAsIntBufferRB.members...
[2025-03-10 16:01:02] [PROGRESS] resolve files> Scanning /Users/pripum/Documents/codeql-snyk-github-testing/codeql-and-workflows/codeqldb/trap/java/classes/java/nio/Buffer.members...
[2025-03-10 16:01:02] [PROGRESS] resolve files> Scanning /Users/pripum/Documents/codeql-snyk-github-testing/codeql-and-workflows/codeqldb/trap/java/classes/java/nio/DoubleBuffer.members...
[2025-03-10 16:01:02] [PROGRESS] resolve files> Scanning /Users/pripum/Documents/codeql-snyk-github-testing/codeql-and-workflows/codeqldb/trap/java/classes/java/nio/HeapFloatBuffer.members...
[2025-03-10 16:01:02] [PROGRESS] resolve files> Scanning /Users/pripum/Documents/codeql-snyk-github-testing/codeql-and-workflows/codeqldb/trap/java/classes/java/nio/DirectIntBufferU.members...
[2025-03-10 16:01:02] [PROGRESS] resolve files> Scanning /Users/pripum/Documents/codeql-snyk-github-testing/codeql-and-workflows/codeqldb/trap/java/classes/java/nio/DirectLongBufferU.members...
[2025-03-10 16:01:02] [PROGRESS] resolve files> Scanning /Users/pripum/Documents/codeql-snyk-github-testing/codeql-and-workflows/codeqldb/trap/java/classes/java/nio/ByteBufferAsFloatBufferRB.members...
[2025-03-10 16:01:02] [PROGRESS] resolve files> Scanning /Users/pripum/Documents/codeql-snyk-github-testing/codeql-and-workflows/codeqldb/trap/java/classes/java/nio/DirectFloatBufferRS.members...
[2025-03-10 16:01:02] [PROGRESS] resolve files> Scanning /Users/pripum/Documents/codeql-snyk-github-testing/codeql-and-workflows/codeqldb/trap/java/classes/java/nio/ByteBufferAsCharBufferRB.members...
[2025-03-10 16:01:02] [PROGRESS] resolve files> Scanning /Users/pripum/Documents/codeql-snyk-github-testing/codeql-and-workflows/codeqldb/trap/java/classes/java/nio/charset...
[2025-03-10 16:01:02] [PROGRESS] resolve files> Scanning /Users/pripum/Documents/codeql-snyk-github-testing/codeql-and-workflows/codeqldb/trap/java/classes/java/nio/charset/CharsetDecoder.members...
[2025-03-10 16:01:02] [PROGRESS] resolve files> Scanning /Users/pripum/Documents/codeql-snyk-github-testing/codeql-and-workflows/codeqldb/trap/java/classes/java/nio/charset/Charset.members...
[2025-03-10 16:01:02] [PROGRESS] resolve files> Scanning /Users/pripum/Documents/codeql-snyk-github-testing/codeql-and-workflows/codeqldb/trap/java/classes/java/nio/charset/CharacterCodingException.members...
[2025-03-10 16:01:02] [PROGRESS] resolve files> Scanning /Users/pripum/Documents/codeql-snyk-github-testing/codeql-and-workflows/codeqldb/trap/java/classes/java/nio/charset/CodingErrorAction.members...
[2025-03-10 16:01:02] [PROGRESS] resolve files> Scanning /Users/pripum/Documents/codeql-snyk-github-testing/codeql-and-workflows/codeqldb/trap/java/classes/java/nio/charset/StandardCharsets.members...
[2025-03-10 16:01:02] [PROGRESS] resolve files> Scanning /Users/pripum/Documents/codeql-snyk-github-testing/codeql-and-workflows/codeqldb/trap/java/classes/java/nio/charset/CharsetEncoder.members...
[2025-03-10 16:01:02] [PROGRESS] resolve files> Scanning /Users/pripum/Documents/codeql-snyk-github-testing/codeql-and-workflows/codeqldb/trap/java/classes/java/nio/charset/CoderResult.members...
[2025-03-10 16:01:02] [PROGRESS] resolve files> Scanning /Users/pripum/Documents/codeql-snyk-github-testing/codeql-and-workflows/codeqldb/trap/java/classes/java/nio/HeapShortBufferR.members...
[2025-03-10 16:01:02] [PROGRESS] resolve files> Scanning /Users/pripum/Documents/codeql-snyk-github-testing/codeql-and-workflows/codeqldb/trap/java/classes/java/nio/ByteBufferAsDoubleBufferRL.members...
[2025-03-10 16:01:02] [PROGRESS] resolve files> Scanning /Users/pripum/Documents/codeql-snyk-github-testing/codeql-and-workflows/codeqldb/trap/java/classes/java/nio/StringCharBuffer.members...
[2025-03-10 16:01:02] [PROGRESS] resolve files> Scanning /Users/pripum/Documents/codeql-snyk-github-testing/codeql-and-workflows/codeqldb/trap/java/classes/java/nio/IntBuffer.members...
[2025-03-10 16:01:02] [PROGRESS] resolve files> Scanning /Users/pripum/Documents/codeql-snyk-github-testing/codeql-and-workflows/codeqldb/trap/java/classes/java/nio/ByteBufferAsShortBufferL.members...
[2025-03-10 16:01:02] [PROGRESS] resolve files> Scanning /Users/pripum/Documents/codeql-snyk-github-testing/codeql-and-workflows/codeqldb/trap/java/classes/java/nio/channels...
[2025-03-10 16:01:02] [PROGRESS] resolve files> Scanning /Users/pripum/Documents/codeql-snyk-github-testing/codeql-and-workflows/codeqldb/trap/java/classes/java/nio/channels/GatheringByteChannel.members...
[2025-03-10 16:01:02] [PROGRESS] resolve files> Scanning /Users/pripum/Documents/codeql-snyk-github-testing/codeql-and-workflows/codeqldb/trap/java/classes/java/nio/channels/CompletionHandler.members...
[2025-03-10 16:01:02] [PROGRESS] resolve files> Scanning /Users/pripum/Documents/codeql-snyk-github-testing/codeql-and-workflows/codeqldb/trap/java/classes/java/nio/channels/SeekableByteChannel.members...
[2025-03-10 16:01:02] [PROGRESS] resolve files> Scanning /Users/pripum/Documents/codeql-snyk-github-testing/codeql-and-workflows/codeqldb/trap/java/classes/java/nio/channels/FileChannel$MapMode.members...
[2025-03-10 16:01:02] [PROGRESS] resolve files> Scanning /Users/pripum/Documents/codeql-snyk-github-testing/codeql-and-workflows/codeqldb/trap/java/classes/java/nio/channels/FileChannel.members...
[2025-03-10 16:01:02] [PROGRESS] resolve files> Scanning /Users/pripum/Documents/codeql-snyk-github-testing/codeql-and-workflows/codeqldb/trap/java/classes/java/nio/channels/ClosedChannelException.members...
[2025-03-10 16:01:02] [PROGRESS] resolve files> Scanning /Users/pripum/Documents/codeql-snyk-github-testing/codeql-and-workflows/codeqldb/trap/java/classes/java/nio/channels/Channel.members...
[2025-03-10 16:01:02] [PROGRESS] resolve files> Scanning /Users/pripum/Documents/codeql-snyk-github-testing/codeql-and-workflows/codeqldb/trap/java/classes/java/nio/channels/WritableByteChannel.members...
[2025-03-10 16:01:02] [PROGRESS] resolve files> Scanning /Users/pripum/Documents/codeql-snyk-github-testing/codeql-and-workflows/codeqldb/trap/java/classes/java/nio/channels/ByteChannel.members...
[2025-03-10 16:01:02] [PROGRESS] resolve files> Scanning /Users/pripum/Documents/codeql-snyk-github-testing/codeql-and-workflows/codeqldb/trap/java/classes/java/nio/channels/spi...
[2025-03-10 16:01:02] [PROGRESS] resolve files> Scanning /Users/pripum/Documents/codeql-snyk-github-testing/codeql-and-workflows/codeqldb/trap/java/classes/java/nio/channels/spi/AbstractInterruptibleChannel.members...
[2025-03-10 16:01:02] [PROGRESS] resolve files> Scanning /Users/pripum/Documents/codeql-snyk-github-testing/codeql-and-workflows/codeqldb/trap/java/classes/java/nio/channels/AsynchronousCloseException.members...
[2025-03-10 16:01:02] [PROGRESS] resolve files> Scanning /Users/pripum/Documents/codeql-snyk-github-testing/codeql-and-workflows/codeqldb/trap/java/classes/java/nio/channels/InterruptibleChannel.members...
[2025-03-10 16:01:02] [PROGRESS] resolve files> Scanning /Users/pripum/Documents/codeql-snyk-github-testing/codeql-and-workflows/codeqldb/trap/java/classes/java/nio/channels/ReadableByteChannel.members...
[2025-03-10 16:01:02] [PROGRESS] resolve files> Scanning /Users/pripum/Documents/codeql-snyk-github-testing/codeql-and-workflows/codeqldb/trap/java/classes/java/nio/channels/ScatteringByteChannel.members...
[2025-03-10 16:01:02] [PROGRESS] resolve files> Scanning /Users/pripum/Documents/codeql-snyk-github-testing/codeql-and-workflows/codeqldb/trap/java/classes/java/nio/channels/AsynchronousFileChannel.members...
[2025-03-10 16:01:02] [PROGRESS] resolve files> Scanning /Users/pripum/Documents/codeql-snyk-github-testing/codeql-and-workflows/codeqldb/trap/java/classes/java/nio/channels/FileLock.members...
[2025-03-10 16:01:02] [PROGRESS] resolve files> Scanning /Users/pripum/Documents/codeql-snyk-github-testing/codeql-and-workflows/codeqldb/trap/java/classes/java/nio/channels/AsynchronousChannel.members...
[2025-03-10 16:01:02] [PROGRESS] resolve files> Scanning /Users/pripum/Documents/codeql-snyk-github-testing/codeql-and-workflows/codeqldb/trap/java/classes/java/nio/DirectDoubleBufferRU.members...
[2025-03-10 16:01:02] [PROGRESS] resolve files> Scanning /Users/pripum/Documents/codeql-snyk-github-testing/codeql-and-workflows/codeqldb/trap/java/classes/java/text...
[2025-03-10 16:01:02] [PROGRESS] resolve files> Scanning /Users/pripum/Documents/codeql-snyk-github-testing/codeql-and-workflows/codeqldb/trap/java/classes/java/text/Format.members...
[2025-03-10 16:01:02] [PROGRESS] resolve files> Scanning /Users/pripum/Documents/codeql-snyk-github-testing/codeql-and-workflows/codeqldb/trap/java/classes/java/text/DateFormat.members...
[2025-03-10 16:01:02] [PROGRESS] resolve files> Scanning /Users/pripum/Documents/codeql-snyk-github-testing/codeql-and-workflows/codeqldb/trap/java/classes/java/text/FieldPosition.members...
[2025-03-10 16:01:02] [PROGRESS] resolve files> Scanning /Users/pripum/Documents/codeql-snyk-github-testing/codeql-and-workflows/codeqldb/trap/java/classes/java/text/Format$Field.members...
[2025-03-10 16:01:02] [PROGRESS] resolve files> Scanning /Users/pripum/Documents/codeql-snyk-github-testing/codeql-and-workflows/codeqldb/trap/java/classes/java/text/SimpleDateFormat.members...
[2025-03-10 16:01:02] [PROGRESS] resolve files> Scanning /Users/pripum/Documents/codeql-snyk-github-testing/codeql-and-workflows/codeqldb/trap/java/classes/java/text/AttributedCharacterIterator.members...
[2025-03-10 16:01:02] [PROGRESS] resolve files> Scanning /Users/pripum/Documents/codeql-snyk-github-testing/codeql-and-workflows/codeqldb/trap/java/classes/java/text/AttributedCharacterIterator$Attribute.members...
[2025-03-10 16:01:02] [PROGRESS] resolve files> Scanning /Users/pripum/Documents/codeql-snyk-github-testing/codeql-and-workflows/codeqldb/trap/java/classes/java/text/Format$FieldDelegate.members...
[2025-03-10 16:01:02] [PROGRESS] resolve files> Scanning /Users/pripum/Documents/codeql-snyk-github-testing/codeql-and-workflows/codeqldb/trap/java/classes/java/text/DateFormatSymbols.members...
[2025-03-10 16:01:02] [PROGRESS] resolve files> Scanning /Users/pripum/Documents/codeql-snyk-github-testing/codeql-and-workflows/codeqldb/trap/java/classes/java/text/ParseException.members...
[2025-03-10 16:01:02] [PROGRESS] resolve files> Scanning /Users/pripum/Documents/codeql-snyk-github-testing/codeql-and-workflows/codeqldb/trap/java/classes/java/text/NumberFormat.members...
[2025-03-10 16:01:02] [PROGRESS] resolve files> Scanning /Users/pripum/Documents/codeql-snyk-github-testing/codeql-and-workflows/codeqldb/trap/java/classes/java/text/NumberFormat$Style.members...
[2025-03-10 16:01:02] [PROGRESS] resolve files> Scanning /Users/pripum/Documents/codeql-snyk-github-testing/codeql-and-workflows/codeqldb/trap/java/classes/java/text/ParsePosition.members...
[2025-03-10 16:01:02] [PROGRESS] resolve files> Scanning /Users/pripum/Documents/codeql-snyk-github-testing/codeql-and-workflows/codeqldb/trap/java/classes/java/text/CharacterIterator.members...
[2025-03-10 16:01:02] [PROGRESS] resolve files> Scanning /Users/pripum/Documents/codeql-snyk-github-testing/codeql-and-workflows/codeqldb/trap/java/classes/java/sql...
[2025-03-10 16:01:02] [PROGRESS] resolve files> Scanning /Users/pripum/Documents/codeql-snyk-github-testing/codeql-and-workflows/codeqldb/trap/java/classes/java/sql/ClientInfoStatus.members...
[2025-03-10 16:01:02] [PROGRESS] resolve files> Scanning /Users/pripum/Documents/codeql-snyk-github-testing/codeql-and-workflows/codeqldb/trap/java/classes/java/sql/ParameterMetaData.members...
[2025-03-10 16:01:02] [PROGRESS] resolve files> Scanning /Users/pripum/Documents/codeql-snyk-github-testing/codeql-and-workflows/codeqldb/trap/java/classes/java/sql/SQLFeatureNotSupportedException.members...
[2025-03-10 16:01:02] [PROGRESS] resolve files> Scanning /Users/pripum/Documents/codeql-snyk-github-testing/codeql-and-workflows/codeqldb/trap/java/classes/java/sql/Ref.members...
[2025-03-10 16:01:02] [PROGRESS] resolve files> Scanning /Users/pripum/Documents/codeql-snyk-github-testing/codeql-and-workflows/codeqldb/trap/java/classes/java/sql/DriverAction.members...
[2025-03-10 16:01:02] [PROGRESS] resolve files> Scanning /Users/pripum/Documents/codeql-snyk-github-testing/codeql-and-workflows/codeqldb/trap/java/classes/java/sql/SQLType.members...
[2025-03-10 16:01:02] [PROGRESS] resolve files> Scanning /Users/pripum/Documents/codeql-snyk-github-testing/codeql-and-workflows/codeqldb/trap/java/classes/java/sql/RowId.members...
[2025-03-10 16:01:02] [PROGRESS] resolve files> Scanning /Users/pripum/Documents/codeql-snyk-github-testing/codeql-and-workflows/codeqldb/trap/java/classes/java/sql/Timestamp.members...
[2025-03-10 16:01:02] [PROGRESS] resolve files> Scanning /Users/pripum/Documents/codeql-snyk-github-testing/codeql-and-workflows/codeqldb/trap/java/classes/java/sql/Wrapper.members...
[2025-03-10 16:01:02] [PROGRESS] resolve files> Scanning /Users/pripum/Documents/codeql-snyk-github-testing/codeql-and-workflows/codeqldb/trap/java/classes/java/sql/Connection.members...
[2025-03-10 16:01:02] [PROGRESS] resolve files> Scanning /Users/pripum/Documents/codeql-snyk-github-testing/codeql-and-workflows/codeqldb/trap/java/classes/java/sql/DriverManager.members...
[2025-03-10 16:01:02] [PROGRESS] resolve files> Scanning /Users/pripum/Documents/codeql-snyk-github-testing/codeql-and-workflows/codeqldb/trap/java/classes/java/sql/ResultSet.members...
[2025-03-10 16:01:02] [PROGRESS] resolve files> Scanning /Users/pripum/Documents/codeql-snyk-github-testing/codeql-and-workflows/codeqldb/trap/java/classes/java/sql/ResultSetMetaData.members...
[2025-03-10 16:01:02] [PROGRESS] resolve files> Scanning /Users/pripum/Documents/codeql-snyk-github-testing/codeql-and-workflows/codeqldb/trap/java/classes/java/sql/Struct.members...
[2025-03-10 16:01:02] [PROGRESS] resolve files> Scanning /Users/pripum/Documents/codeql-snyk-github-testing/codeql-and-workflows/codeqldb/trap/java/classes/java/sql/DriverPropertyInfo.members...
[2025-03-10 16:01:02] [PROGRESS] resolve files> Scanning /Users/pripum/Documents/codeql-snyk-github-testing/codeql-and-workflows/codeqldb/trap/java/classes/java/sql/DatabaseMetaData.members...
[2025-03-10 16:01:02] [PROGRESS] resolve files> Scanning /Users/pripum/Documents/codeql-snyk-github-testing/codeql-and-workflows/codeqldb/trap/java/classes/java/sql/Statement.members...
[2025-03-10 16:01:02] [PROGRESS] resolve files> Scanning /Users/pripum/Documents/codeql-snyk-github-testing/codeql-and-workflows/codeqldb/trap/java/classes/java/sql/SQLException.members...
[2025-03-10 16:01:02] [PROGRESS] resolve files> Scanning /Users/pripum/Documents/codeql-snyk-github-testing/codeql-and-workflows/codeqldb/trap/java/classes/java/sql/SQLNonTransientException.members...
[2025-03-10 16:01:02] [PROGRESS] resolve files> Scanning /Users/pripum/Documents/codeql-snyk-github-testing/codeql-and-workflows/codeqldb/trap/java/classes/java/sql/SQLXML.members...
[2025-03-10 16:01:02] [PROGRESS] resolve files> Scanning /Users/pripum/Documents/codeql-snyk-github-testing/codeql-and-workflows/codeqldb/trap/java/classes/java/sql/Blob.members...
[2025-03-10 16:01:02] [PROGRESS] resolve files> Scanning /Users/pripum/Documents/codeql-snyk-github-testing/codeql-and-workflows/codeqldb/trap/java/classes/java/sql/RowIdLifetime.members...
[2025-03-10 16:01:02] [PROGRESS] resolve files> Scanning /Users/pripum/Documents/codeql-snyk-github-testing/codeql-and-workflows/codeqldb/trap/java/classes/java/sql/Time.members...
[2025-03-10 16:01:02] [PROGRESS] resolve files> Scanning /Users/pripum/Documents/codeql-snyk-github-testing/codeql-and-workflows/codeqldb/trap/java/classes/java/sql/SQLPermission.members...
[2025-03-10 16:01:02] [PROGRESS] resolve files> Scanning /Users/pripum/Documents/codeql-snyk-github-testing/codeql-and-workflows/codeqldb/trap/java/classes/java/sql/CallableStatement.members...
[2025-03-10 16:01:02] [PROGRESS] resolve files> Scanning /Users/pripum/Documents/codeql-snyk-github-testing/codeql-and-workflows/codeqldb/trap/java/classes/java/sql/Savepoint.members...
[2025-03-10 16:01:02] [PROGRESS] resolve files> Scanning /Users/pripum/Documents/codeql-snyk-github-testing/codeql-and-workflows/codeqldb/trap/java/classes/java/sql/Array.members...
[2025-03-10 16:01:02] [PROGRESS] resolve files> Scanning /Users/pripum/Documents/codeql-snyk-github-testing/codeql-and-workflows/codeqldb/trap/java/classes/java/sql/Driver.members...
[2025-03-10 16:01:02] [PROGRESS] resolve files> Scanning /Users/pripum/Documents/codeql-snyk-github-testing/codeql-and-workflows/codeqldb/trap/java/classes/java/sql/NClob.members...
[2025-03-10 16:01:02] [PROGRESS] resolve files> Scanning /Users/pripum/Documents/codeql-snyk-github-testing/codeql-and-workflows/codeqldb/trap/java/classes/java/sql/Date.members...
[2025-03-10 16:01:02] [PROGRESS] resolve files> Scanning /Users/pripum/Documents/codeql-snyk-github-testing/codeql-and-workflows/codeqldb/trap/java/classes/java/sql/Clob.members...
[2025-03-10 16:01:02] [PROGRESS] resolve files> Scanning /Users/pripum/Documents/codeql-snyk-github-testing/codeql-and-workflows/codeqldb/trap/java/classes/java/sql/SQLClientInfoException.members...
[2025-03-10 16:01:02] [PROGRESS] resolve files> Scanning /Users/pripum/Documents/codeql-snyk-github-testing/codeql-and-workflows/codeqldb/trap/java/classes/java/sql/PreparedStatement.members...
[2025-03-10 16:01:02] [PROGRESS] resolve files> Scanning /Users/pripum/Documents/codeql-snyk-github-testing/codeql-and-workflows/codeqldb/trap/java/classes/java/sql/ShardingKey.members...
[2025-03-10 16:01:02] [PROGRESS] resolve files> Scanning /Users/pripum/Documents/codeql-snyk-github-testing/codeql-and-workflows/codeqldb/trap/java/classes/java/sql/SQLWarning.members...
[2025-03-10 16:01:02] [PROGRESS] resolve files> Scanning /Users/pripum/Documents/codeql-snyk-github-testing/codeql-and-workflows/codeqldb/trap/java/classes/javax...
[2025-03-10 16:01:02] [PROGRESS] resolve files> Scanning /Users/pripum/Documents/codeql-snyk-github-testing/codeql-and-workflows/codeqldb/trap/java/classes/javax/security...
[2025-03-10 16:01:02] [PROGRESS] resolve files> Scanning /Users/pripum/Documents/codeql-snyk-github-testing/codeql-and-workflows/codeqldb/trap/java/classes/javax/security/auth...
[2025-03-10 16:01:02] [PROGRESS] resolve files> Scanning /Users/pripum/Documents/codeql-snyk-github-testing/codeql-and-workflows/codeqldb/trap/java/classes/javax/security/auth/Subject.members...
[2025-03-10 16:01:02] [PROGRESS] resolve files> Scanning /Users/pripum/Documents/codeql-snyk-github-testing/codeql-and-workflows/codeqldb/trap/java/classes/javax/xml...
[2025-03-10 16:01:02] [PROGRESS] resolve files> Scanning /Users/pripum/Documents/codeql-snyk-github-testing/codeql-and-workflows/codeqldb/trap/java/classes/javax/xml/transform...
[2025-03-10 16:01:02] [PROGRESS] resolve files> Scanning /Users/pripum/Documents/codeql-snyk-github-testing/codeql-and-workflows/codeqldb/trap/java/classes/javax/xml/transform/Source.members...
[2025-03-10 16:01:02] [PROGRESS] resolve files> Scanning /Users/pripum/Documents/codeql-snyk-github-testing/codeql-and-workflows/codeqldb/trap/java/classes/javax/xml/transform/Result.members...
[2025-03-10 16:01:02] [PROGRESS] resolve files> Scanning /Users/pripum/Documents/codeql-snyk-github-testing/codeql-and-workflows/codeqldb/trap/java/classes/com...
[2025-03-10 16:01:02] [PROGRESS] resolve files> Scanning /Users/pripum/Documents/codeql-snyk-github-testing/codeql-and-workflows/codeqldb/trap/java/classes/com/veracode...
[2025-03-10 16:01:02] [PROGRESS] resolve files> Scanning /Users/pripum/Documents/codeql-snyk-github-testing/codeql-and-workflows/codeqldb/trap/java/classes/com/veracode/verademo...
[2025-03-10 16:01:02] [PROGRESS] resolve files> Scanning /Users/pripum/Documents/codeql-snyk-github-testing/codeql-and-workflows/codeqldb/trap/java/classes/com/veracode/verademo/Application.members...
[2025-03-10 16:01:02] [PROGRESS] resolve files> Scanning /Users/pripum/Documents/codeql-snyk-github-testing/codeql-and-workflows/codeqldb/trap/java/classes/com/veracode/verademo/utils...
[2025-03-10 16:01:02] [PROGRESS] resolve files> Scanning /Users/pripum/Documents/codeql-snyk-github-testing/codeql-and-workflows/codeqldb/trap/java/classes/com/veracode/verademo/utils/Utils.members...
[2025-03-10 16:01:02] [PROGRESS] resolve files> Scanning /Users/pripum/Documents/codeql-snyk-github-testing/codeql-and-workflows/codeqldb/trap/java/classes/com/veracode/verademo/utils/User.members...
[2025-03-10 16:01:02] [PROGRESS] resolve files> Scanning /Users/pripum/Documents/codeql-snyk-github-testing/codeql-and-workflows/codeqldb/trap/java/classes/com/veracode/verademo/utils/UserFactory.members...
[2025-03-10 16:01:02] [PROGRESS] resolve files> Scanning /Users/pripum/Documents/codeql-snyk-github-testing/codeql-and-workflows/codeqldb/trap/java/classes/com/veracode/verademo/utils/Constants.members...
[2025-03-10 16:01:02] [PROGRESS] resolve files> Scanning /Users/pripum/Documents/codeql-snyk-github-testing/codeql-and-workflows/codeqldb/trap/java/classes/com/veracode/verademo/controller...
[2025-03-10 16:01:02] [PROGRESS] resolve files> Scanning /Users/pripum/Documents/codeql-snyk-github-testing/codeql-and-workflows/codeqldb/trap/java/classes/com/veracode/verademo/controller/HomeController.members...
[2025-03-10 16:01:02] [PROGRESS] resolve files> Scanning /Users/pripum/Documents/codeql-snyk-github-testing/codeql-and-workflows/codeqldb/trap/java/classes/com/veracode/verademo/controller/ToolsController.members...
[2025-03-10 16:01:02] [PROGRESS] resolve files> Scanning /Users/pripum/Documents/codeql-snyk-github-testing/codeql-and-workflows/codeqldb/trap/java/classes/com/veracode/verademo/controller/UserController.members...
[2025-03-10 16:01:02] [PROGRESS] resolve files> Scanning /Users/pripum/Documents/codeql-snyk-github-testing/codeql-and-workflows/codeqldb/trap/java/classes/com/veracode/verademo/controller/BlabController.members...
[2025-03-10 16:01:02] [PROGRESS] resolve files> Scanning /Users/pripum/Documents/codeql-snyk-github-testing/codeql-and-workflows/codeqldb/trap/java/classes/com/veracode/verademo/controller/ResetController.members...
[2025-03-10 16:01:02] [PROGRESS] resolve files> Scanning /Users/pripum/Documents/codeql-snyk-github-testing/codeql-and-workflows/codeqldb/trap/java/classes/com/veracode/verademo/model...
[2025-03-10 16:01:02] [PROGRESS] resolve files> Scanning /Users/pripum/Documents/codeql-snyk-github-testing/codeql-and-workflows/codeqldb/trap/java/classes/com/veracode/verademo/model/Comment.members...
[2025-03-10 16:01:02] [PROGRESS] resolve files> Scanning /Users/pripum/Documents/codeql-snyk-github-testing/codeql-and-workflows/codeqldb/trap/java/classes/com/veracode/verademo/model/Blab.members...
[2025-03-10 16:01:02] [PROGRESS] resolve files> Scanning /Users/pripum/Documents/codeql-snyk-github-testing/codeql-and-workflows/codeqldb/trap/java/classes/com/veracode/verademo/model/Blabber.members...
[2025-03-10 16:01:02] [PROGRESS] resolve files> Scanning /Users/pripum/Documents/codeql-snyk-github-testing/codeql-and-workflows/codeqldb/trap/java/classes/com/veracode/verademo/commands...
[2025-03-10 16:01:02] [PROGRESS] resolve files> Scanning /Users/pripum/Documents/codeql-snyk-github-testing/codeql-and-workflows/codeqldb/trap/java/classes/com/veracode/verademo/commands/RemoveAccountCommand.members...
[2025-03-10 16:01:02] [PROGRESS] resolve files> Scanning /Users/pripum/Documents/codeql-snyk-github-testing/codeql-and-workflows/codeqldb/trap/java/classes/com/veracode/verademo/commands/IgnoreCommand.members...
[2025-03-10 16:01:02] [PROGRESS] resolve files> Scanning /Users/pripum/Documents/codeql-snyk-github-testing/codeql-and-workflows/codeqldb/trap/java/classes/com/veracode/verademo/commands/ListenCommand.members...
[2025-03-10 16:01:02] [PROGRESS] resolve files> Scanning /Users/pripum/Documents/codeql-snyk-github-testing/codeql-and-workflows/codeqldb/trap/java/classes/com/veracode/verademo/commands/BlabberCommand.members...
[2025-03-10 16:01:02] [PROGRESS] resolve files> Scanning /Users/pripum/Documents/codeql-snyk-github-testing/codeql-and-workflows/codeqldb/trap/java/Users...
[2025-03-10 16:01:02] [PROGRESS] resolve files> Scanning /Users/pripum/Documents/codeql-snyk-github-testing/codeql-and-workflows/codeqldb/trap/java/Users/pripum...
[2025-03-10 16:01:02] [PROGRESS] resolve files> Scanning /Users/pripum/Documents/codeql-snyk-github-testing/codeql-and-workflows/codeqldb/trap/java/Users/pripum/Documents...
[2025-03-10 16:01:02] [PROGRESS] resolve files> Scanning /Users/pripum/Documents/codeql-snyk-github-testing/codeql-and-workflows/codeqldb/trap/java/Users/pripum/Documents/codeql-snyk-github-testing...
[2025-03-10 16:01:02] [PROGRESS] resolve files> Scanning /Users/pripum/Documents/codeql-snyk-github-testing/codeql-and-workflows/codeqldb/trap/java/Users/pripum/Documents/codeql-snyk-github-testing/codeql-and-workflows...
[2025-03-10 16:01:02] [PROGRESS] resolve files> Scanning /Users/pripum/Documents/codeql-snyk-github-testing/codeql-and-workflows/codeqldb/trap/java/Users/pripum/Documents/codeql-snyk-github-testing/codeql-and-workflows/codeqldb...
[2025-03-10 16:01:02] [PROGRESS] resolve files> Scanning /Users/pripum/Documents/codeql-snyk-github-testing/codeql-and-workflows/codeqldb/trap/java/Users/pripum/Documents/codeql-snyk-github-testing/codeql-and-workflows/codeqldb/working...
[2025-03-10 16:01:02] [PROGRESS] resolve files> Scanning /Users/pripum/Documents/codeql-snyk-github-testing/codeql-and-workflows/codeqldb/trap/java/Users/pripum/Documents/codeql-snyk-github-testing/codeql-and-workflows/src...
[2025-03-10 16:01:02] [PROGRESS] resolve files> Scanning /Users/pripum/Documents/codeql-snyk-github-testing/codeql-and-workflows/codeqldb/trap/java/Users/pripum/Documents/codeql-snyk-github-testing/codeql-and-workflows/src/verademo...
[2025-03-10 16:01:02] [PROGRESS] resolve files> Scanning /Users/pripum/Documents/codeql-snyk-github-testing/codeql-and-workflows/codeqldb/trap/java/Users/pripum/Documents/codeql-snyk-github-testing/codeql-and-workflows/src/verademo/app...
[2025-03-10 16:01:02] [PROGRESS] resolve files> Scanning /Users/pripum/Documents/codeql-snyk-github-testing/codeql-and-workflows/codeqldb/trap/java/Users/pripum/Documents/codeql-snyk-github-testing/codeql-and-workflows/src/verademo/app/src...
[2025-03-10 16:01:02] [PROGRESS] resolve files> Scanning /Users/pripum/Documents/codeql-snyk-github-testing/codeql-and-workflows/codeqldb/trap/java/Users/pripum/Documents/codeql-snyk-github-testing/codeql-and-workflows/src/verademo/app/src/main...
[2025-03-10 16:01:02] [PROGRESS] resolve files> Scanning /Users/pripum/Documents/codeql-snyk-github-testing/codeql-and-workflows/codeqldb/trap/java/Users/pripum/Documents/codeql-snyk-github-testing/codeql-and-workflows/src/verademo/app/src/main/resources...
[2025-03-10 16:01:02] [PROGRESS] resolve files> Scanning /Users/pripum/Documents/codeql-snyk-github-testing/codeql-and-workflows/codeqldb/trap/java/Users/pripum/Documents/codeql-snyk-github-testing/codeql-and-workflows/src/verademo/app/src/main/webapp...
[2025-03-10 16:01:02] [PROGRESS] resolve files> Scanning /Users/pripum/Documents/codeql-snyk-github-testing/codeql-and-workflows/codeqldb/trap/java/Users/pripum/Documents/codeql-snyk-github-testing/codeql-and-workflows/src/verademo/app/src/main/webapp/WEB-INF...
[2025-03-10 16:01:02] [PROGRESS] resolve files> Scanning /Users/pripum/Documents/codeql-snyk-github-testing/codeql-and-workflows/codeqldb/trap/java/Users/pripum/Documents/codeql-snyk-github-testing/codeql-and-workflows/src/verademo/app/src/main/java...
[2025-03-10 16:01:02] [PROGRESS] resolve files> Scanning /Users/pripum/Documents/codeql-snyk-github-testing/codeql-and-workflows/codeqldb/trap/java/Users/pripum/Documents/codeql-snyk-github-testing/codeql-and-workflows/src/verademo/app/src/main/java/com...
[2025-03-10 16:01:02] [PROGRESS] resolve files> Scanning /Users/pripum/Documents/codeql-snyk-github-testing/codeql-and-workflows/codeqldb/trap/java/Users/pripum/Documents/codeql-snyk-github-testing/codeql-and-workflows/src/verademo/app/src/main/java/com/veracode...
[2025-03-10 16:01:02] [PROGRESS] resolve files> Scanning /Users/pripum/Documents/codeql-snyk-github-testing/codeql-and-workflows/codeqldb/trap/java/Users/pripum/Documents/codeql-snyk-github-testing/codeql-and-workflows/src/verademo/app/src/main/java/com/veracode/verademo...
[2025-03-10 16:01:02] [PROGRESS] resolve files> Scanning /Users/pripum/Documents/codeql-snyk-github-testing/codeql-and-workflows/codeqldb/trap/java/Users/pripum/Documents/codeql-snyk-github-testing/codeql-and-workflows/src/verademo/app/src/main/java/com/veracode/verademo/utils...
[2025-03-10 16:01:02] [PROGRESS] resolve files> Scanning /Users/pripum/Documents/codeql-snyk-github-testing/codeql-and-workflows/codeqldb/trap/java/Users/pripum/Documents/codeql-snyk-github-testing/codeql-and-workflows/src/verademo/app/src/main/java/com/veracode/verademo/controller...
[2025-03-10 16:01:02] [PROGRESS] resolve files> Scanning /Users/pripum/Documents/codeql-snyk-github-testing/codeql-and-workflows/codeqldb/trap/java/Users/pripum/Documents/codeql-snyk-github-testing/codeql-and-workflows/src/verademo/app/src/main/java/com/veracode/verademo/model...
[2025-03-10 16:01:02] [PROGRESS] resolve files> Scanning /Users/pripum/Documents/codeql-snyk-github-testing/codeql-and-workflows/codeqldb/trap/java/Users/pripum/Documents/codeql-snyk-github-testing/codeql-and-workflows/src/verademo/app/src/main/java/com/veracode/verademo/commands...
[2025-03-10 16:01:02] [PROGRESS] resolve files> Scanning /Users/pripum/Documents/codeql-snyk-github-testing/codeql-and-workflows/codeqldb/trap/java/diagnostics...
[2025-03-10 16:01:02] [PROGRESS] resolve files> Scanning /Users/pripum/Documents/codeql-snyk-github-testing/codeql-and-workflows/codeqldb/trap/java/modules...
[2025-03-10 16:01:02] [PROGRESS] resolve files> Scanning /Users/pripum/Documents/codeql-snyk-github-testing/codeql-and-workflows/codeqldb/log...
[2025-03-10 16:01:02] [PROGRESS] resolve files> Scanning /Users/pripum/Documents/codeql-snyk-github-testing/codeql-and-workflows/codeqldb/log/ext...
[2025-03-10 16:01:02] [PROGRESS] resolve files> Scanning /Users/pripum/Documents/codeql-snyk-github-testing/codeql-and-workflows/codeqldb/src...
[2025-03-10 16:01:02] [PROGRESS] resolve files> Scanning /Users/pripum/Documents/codeql-snyk-github-testing/codeql-and-workflows/codeqldb/src/Users...
[2025-03-10 16:01:02] [PROGRESS] resolve files> Scanning /Users/pripum/Documents/codeql-snyk-github-testing/codeql-and-workflows/codeqldb/src/Users/pripum...
[2025-03-10 16:01:02] [PROGRESS] resolve files> Scanning /Users/pripum/Documents/codeql-snyk-github-testing/codeql-and-workflows/codeqldb/src/Users/pripum/Documents...
[2025-03-10 16:01:02] [PROGRESS] resolve files> Scanning /Users/pripum/Documents/codeql-snyk-github-testing/codeql-and-workflows/codeqldb/src/Users/pripum/Documents/codeql-snyk-github-testing...
[2025-03-10 16:01:02] [PROGRESS] resolve files> Scanning /Users/pripum/Documents/codeql-snyk-github-testing/codeql-and-workflows/codeqldb/src/Users/pripum/Documents/codeql-snyk-github-testing/codeql-and-workflows...
[2025-03-10 16:01:02] [PROGRESS] resolve files> Scanning /Users/pripum/Documents/codeql-snyk-github-testing/codeql-and-workflows/codeqldb/src/Users/pripum/Documents/codeql-snyk-github-testing/codeql-and-workflows/codeqldb...
[2025-03-10 16:01:02] [PROGRESS] resolve files> Scanning /Users/pripum/Documents/codeql-snyk-github-testing/codeql-and-workflows/codeqldb/src/Users/pripum/Documents/codeql-snyk-github-testing/codeql-and-workflows/codeqldb/working...
[2025-03-10 16:01:02] [PROGRESS] resolve files> Scanning /Users/pripum/Documents/codeql-snyk-github-testing/codeql-and-workflows/codeqldb/src/Users/pripum/Documents/codeql-snyk-github-testing/codeql-and-workflows/src...
[2025-03-10 16:01:02] [PROGRESS] resolve files> Scanning /Users/pripum/Documents/codeql-snyk-github-testing/codeql-and-workflows/codeqldb/src/Users/pripum/Documents/codeql-snyk-github-testing/codeql-and-workflows/src/verademo...
[2025-03-10 16:01:02] [PROGRESS] resolve files> Scanning /Users/pripum/Documents/codeql-snyk-github-testing/codeql-and-workflows/codeqldb/src/Users/pripum/Documents/codeql-snyk-github-testing/codeql-and-workflows/src/verademo/app...
[2025-03-10 16:01:02] [PROGRESS] resolve files> Scanning /Users/pripum/Documents/codeql-snyk-github-testing/codeql-and-workflows/codeqldb/src/Users/pripum/Documents/codeql-snyk-github-testing/codeql-and-workflows/src/verademo/app/src...
[2025-03-10 16:01:02] [PROGRESS] resolve files> Scanning /Users/pripum/Documents/codeql-snyk-github-testing/codeql-and-workflows/codeqldb/src/Users/pripum/Documents/codeql-snyk-github-testing/codeql-and-workflows/src/verademo/app/src/main...
[2025-03-10 16:01:02] [PROGRESS] resolve files> Scanning /Users/pripum/Documents/codeql-snyk-github-testing/codeql-and-workflows/codeqldb/src/Users/pripum/Documents/codeql-snyk-github-testing/codeql-and-workflows/src/verademo/app/src/main/resources...
[2025-03-10 16:01:02] [PROGRESS] resolve files> Scanning /Users/pripum/Documents/codeql-snyk-github-testing/codeql-and-workflows/codeqldb/src/Users/pripum/Documents/codeql-snyk-github-testing/codeql-and-workflows/src/verademo/app/src/main/webapp...
[2025-03-10 16:01:02] [PROGRESS] resolve files> Scanning /Users/pripum/Documents/codeql-snyk-github-testing/codeql-and-workflows/codeqldb/src/Users/pripum/Documents/codeql-snyk-github-testing/codeql-and-workflows/src/verademo/app/src/main/webapp/WEB-INF...
[2025-03-10 16:01:02] [PROGRESS] resolve files> Scanning /Users/pripum/Documents/codeql-snyk-github-testing/codeql-and-workflows/codeqldb/src/Users/pripum/Documents/codeql-snyk-github-testing/codeql-and-workflows/src/verademo/app/src/main/java...
[2025-03-10 16:01:02] [PROGRESS] resolve files> Scanning /Users/pripum/Documents/codeql-snyk-github-testing/codeql-and-workflows/codeqldb/src/Users/pripum/Documents/codeql-snyk-github-testing/codeql-and-workflows/src/verademo/app/src/main/java/com...
[2025-03-10 16:01:02] [PROGRESS] resolve files> Scanning /Users/pripum/Documents/codeql-snyk-github-testing/codeql-and-workflows/codeqldb/src/Users/pripum/Documents/codeql-snyk-github-testing/codeql-and-workflows/src/verademo/app/src/main/java/com/veracode...
[2025-03-10 16:01:02] [PROGRESS] resolve files> Scanning /Users/pripum/Documents/codeql-snyk-github-testing/codeql-and-workflows/codeqldb/src/Users/pripum/Documents/codeql-snyk-github-testing/codeql-and-workflows/src/verademo/app/src/main/java/com/veracode/verademo...
[2025-03-10 16:01:02] [PROGRESS] resolve files> Scanning /Users/pripum/Documents/codeql-snyk-github-testing/codeql-and-workflows/codeqldb/src/Users/pripum/Documents/codeql-snyk-github-testing/codeql-and-workflows/src/verademo/app/src/main/java/com/veracode/verademo/utils...
[2025-03-10 16:01:02] [PROGRESS] resolve files> Scanning /Users/pripum/Documents/codeql-snyk-github-testing/codeql-and-workflows/codeqldb/src/Users/pripum/Documents/codeql-snyk-github-testing/codeql-and-workflows/src/verademo/app/src/main/java/com/veracode/verademo/controller...
[2025-03-10 16:01:02] [PROGRESS] resolve files> Scanning /Users/pripum/Documents/codeql-snyk-github-testing/codeql-and-workflows/codeqldb/src/Users/pripum/Documents/codeql-snyk-github-testing/codeql-and-workflows/src/verademo/app/src/main/java/com/veracode/verademo/model...
[2025-03-10 16:01:02] [PROGRESS] resolve files> Scanning /Users/pripum/Documents/codeql-snyk-github-testing/codeql-and-workflows/codeqldb/src/Users/pripum/Documents/codeql-snyk-github-testing/codeql-and-workflows/src/verademo/app/src/main/java/com/veracode/verademo/commands...
[2025-03-10 16:01:02] [PROGRESS] resolve files> Scanning /Users/pripum/Documents/codeql-snyk-github-testing/codeql-and-workflows/.github...
[2025-03-10 16:01:02] [PROGRESS] resolve files> Scanning /Users/pripum/Documents/codeql-snyk-github-testing/codeql-and-workflows/.github/workflows...
[2025-03-10 16:01:02] [PROGRESS] resolve files> Scanning /Users/pripum/Documents/codeql-snyk-github-testing/codeql-and-workflows/.git...
[2025-03-10 16:01:02] [PROGRESS] resolve files> Scanning /Users/pripum/Documents/codeql-snyk-github-testing/codeql-and-workflows/.git/objects...
[2025-03-10 16:01:02] [PROGRESS] resolve files> Scanning /Users/pripum/Documents/codeql-snyk-github-testing/codeql-and-workflows/.git/objects/61...
[2025-03-10 16:01:02] [PROGRESS] resolve files> Scanning /Users/pripum/Documents/codeql-snyk-github-testing/codeql-and-workflows/.git/objects/0d...
[2025-03-10 16:01:02] [PROGRESS] resolve files> Scanning /Users/pripum/Documents/codeql-snyk-github-testing/codeql-and-workflows/.git/objects/95...
[2025-03-10 16:01:02] [PROGRESS] resolve files> Scanning /Users/pripum/Documents/codeql-snyk-github-testing/codeql-and-workflows/.git/objects/59...
[2025-03-10 16:01:02] [PROGRESS] resolve files> Scanning /Users/pripum/Documents/codeql-snyk-github-testing/codeql-and-workflows/.git/objects/92...
[2025-03-10 16:01:02] [PROGRESS] resolve files> Scanning /Users/pripum/Documents/codeql-snyk-github-testing/codeql-and-workflows/.git/objects/0c...
[2025-03-10 16:01:02] [PROGRESS] resolve files> Scanning /Users/pripum/Documents/codeql-snyk-github-testing/codeql-and-workflows/.git/objects/66...
[2025-03-10 16:01:02] [PROGRESS] resolve files> Scanning /Users/pripum/Documents/codeql-snyk-github-testing/codeql-and-workflows/.git/objects/3e...
[2025-03-10 16:01:02] [PROGRESS] resolve files> Scanning /Users/pripum/Documents/codeql-snyk-github-testing/codeql-and-workflows/.git/objects/50...
[2025-03-10 16:01:02] [PROGRESS] resolve files> Scanning /Users/pripum/Documents/codeql-snyk-github-testing/codeql-and-workflows/.git/objects/68...
[2025-03-10 16:01:02] [PROGRESS] resolve files> Scanning /Users/pripum/Documents/codeql-snyk-github-testing/codeql-and-workflows/.git/objects/57...
[2025-03-10 16:01:02] [PROGRESS] resolve files> Scanning /Users/pripum/Documents/codeql-snyk-github-testing/codeql-and-workflows/.git/objects/3b...
[2025-03-10 16:01:02] [PROGRESS] resolve files> Scanning /Users/pripum/Documents/codeql-snyk-github-testing/codeql-and-workflows/.git/objects/6f...
[2025-03-10 16:01:02] [PROGRESS] resolve files> Scanning /Users/pripum/Documents/codeql-snyk-github-testing/codeql-and-workflows/.git/objects/03...
[2025-03-10 16:01:02] [PROGRESS] resolve files> Scanning /Users/pripum/Documents/codeql-snyk-github-testing/codeql-and-workflows/.git/objects/9b...
[2025-03-10 16:01:02] [PROGRESS] resolve files> Scanning /Users/pripum/Documents/codeql-snyk-github-testing/codeql-and-workflows/.git/objects/9e...
[2025-03-10 16:01:02] [PROGRESS] resolve files> Scanning /Users/pripum/Documents/codeql-snyk-github-testing/codeql-and-workflows/.git/objects/04...
[2025-03-10 16:01:02] [PROGRESS] resolve files> Scanning /Users/pripum/Documents/codeql-snyk-github-testing/codeql-and-workflows/.git/objects/6a...
[2025-03-10 16:01:02] [PROGRESS] resolve files> Scanning /Users/pripum/Documents/codeql-snyk-github-testing/codeql-and-workflows/.git/objects/32...
[2025-03-10 16:01:02] [PROGRESS] resolve files> Scanning /Users/pripum/Documents/codeql-snyk-github-testing/codeql-and-workflows/.git/objects/35...
[2025-03-10 16:01:02] [PROGRESS] resolve files> Scanning /Users/pripum/Documents/codeql-snyk-github-testing/codeql-and-workflows/.git/objects/69...
[2025-03-10 16:01:02] [PROGRESS] resolve files> Scanning /Users/pripum/Documents/codeql-snyk-github-testing/codeql-and-workflows/.git/objects/3c...
[2025-03-10 16:01:02] [PROGRESS] resolve files> Scanning /Users/pripum/Documents/codeql-snyk-github-testing/codeql-and-workflows/.git/objects/51...
[2025-03-10 16:01:02] [PROGRESS] resolve files> Scanning /Users/pripum/Documents/codeql-snyk-github-testing/codeql-and-workflows/.git/objects/3d...
[2025-03-10 16:01:02] [PROGRESS] resolve files> Scanning /Users/pripum/Documents/codeql-snyk-github-testing/codeql-and-workflows/.git/objects/58...
[2025-03-10 16:01:02] [PROGRESS] resolve files> Scanning /Users/pripum/Documents/codeql-snyk-github-testing/codeql-and-workflows/.git/objects/67...
[2025-03-10 16:01:02] [PROGRESS] resolve files> Scanning /Users/pripum/Documents/codeql-snyk-github-testing/codeql-and-workflows/.git/objects/0b...
[2025-03-10 16:01:02] [PROGRESS] resolve files> Scanning /Users/pripum/Documents/codeql-snyk-github-testing/codeql-and-workflows/.git/objects/93...
[2025-03-10 16:01:02] [PROGRESS] resolve files> Scanning /Users/pripum/Documents/codeql-snyk-github-testing/codeql-and-workflows/.git/objects/94...
[2025-03-10 16:01:02] [PROGRESS] resolve files> Scanning /Users/pripum/Documents/codeql-snyk-github-testing/codeql-and-workflows/.git/objects/0e...
[2025-03-10 16:01:02] [PROGRESS] resolve files> Scanning /Users/pripum/Documents/codeql-snyk-github-testing/codeql-and-workflows/.git/objects/60...
[2025-03-10 16:01:02] [PROGRESS] resolve files> Scanning /Users/pripum/Documents/codeql-snyk-github-testing/codeql-and-workflows/.git/objects/34...
[2025-03-10 16:01:02] [PROGRESS] resolve files> Scanning /Users/pripum/Documents/codeql-snyk-github-testing/codeql-and-workflows/.git/objects/5a...
[2025-03-10 16:01:02] [PROGRESS] resolve files> Scanning /Users/pripum/Documents/codeql-snyk-github-testing/codeql-and-workflows/.git/objects/5f...
[2025-03-10 16:01:02] [PROGRESS] resolve files> Scanning /Users/pripum/Documents/codeql-snyk-github-testing/codeql-and-workflows/.git/objects/33...
[2025-03-10 16:01:02] [PROGRESS] resolve files> Scanning /Users/pripum/Documents/codeql-snyk-github-testing/codeql-and-workflows/.git/objects/05...
[2025-03-10 16:01:02] [PROGRESS] resolve files> Scanning /Users/pripum/Documents/codeql-snyk-github-testing/codeql-and-workflows/.git/objects/9d...
[2025-03-10 16:01:02] [PROGRESS] resolve files> Scanning /Users/pripum/Documents/codeql-snyk-github-testing/codeql-and-workflows/.git/objects/9c...
[2025-03-10 16:01:02] [PROGRESS] resolve files> Scanning /Users/pripum/Documents/codeql-snyk-github-testing/codeql-and-workflows/.git/objects/02...
[2025-03-10 16:01:02] [PROGRESS] resolve files> Scanning /Users/pripum/Documents/codeql-snyk-github-testing/codeql-and-workflows/.git/objects/a4...
[2025-03-10 16:01:02] [PROGRESS] resolve files> Scanning /Users/pripum/Documents/codeql-snyk-github-testing/codeql-and-workflows/.git/objects/a3...
[2025-03-10 16:01:02] [PROGRESS] resolve files> Scanning /Users/pripum/Documents/codeql-snyk-github-testing/codeql-and-workflows/.git/objects/b5...
[2025-03-10 16:01:02] [PROGRESS] resolve files> Scanning /Users/pripum/Documents/codeql-snyk-github-testing/codeql-and-workflows/.git/objects/b2...
[2025-03-10 16:01:02] [PROGRESS] resolve files> Scanning /Users/pripum/Documents/codeql-snyk-github-testing/codeql-and-workflows/.git/objects/d9...
[2025-03-10 16:01:02] [PROGRESS] resolve files> Scanning /Users/pripum/Documents/codeql-snyk-github-testing/codeql-and-workflows/.git/objects/ac...
[2025-03-10 16:01:02] [PROGRESS] resolve files> Scanning /Users/pripum/Documents/codeql-snyk-github-testing/codeql-and-workflows/.git/objects/ad...
[2025-03-10 16:01:02] [PROGRESS] resolve files> Scanning /Users/pripum/Documents/codeql-snyk-github-testing/codeql-and-workflows/.git/objects/bb...
[2025-03-10 16:01:02] [PROGRESS] resolve files> Scanning /Users/pripum/Documents/codeql-snyk-github-testing/codeql-and-workflows/.git/objects/d7...
[2025-03-10 16:01:02] [PROGRESS] resolve files> Scanning /Users/pripum/Documents/codeql-snyk-github-testing/codeql-and-workflows/.git/objects/d0...
[2025-03-10 16:01:02] [PROGRESS] resolve files> Scanning /Users/pripum/Documents/codeql-snyk-github-testing/codeql-and-workflows/.git/objects/be...
[2025-03-10 16:01:02] [PROGRESS] resolve files> Scanning /Users/pripum/Documents/codeql-snyk-github-testing/codeql-and-workflows/.git/objects/b3...
[2025-03-10 16:01:02] [PROGRESS] resolve files> Scanning /Users/pripum/Documents/codeql-snyk-github-testing/codeql-and-workflows/.git/objects/df...
[2025-03-10 16:01:02] [PROGRESS] resolve files> Scanning /Users/pripum/Documents/codeql-snyk-github-testing/codeql-and-workflows/.git/objects/da...
[2025-03-10 16:01:02] [PROGRESS] resolve files> Scanning /Users/pripum/Documents/codeql-snyk-github-testing/codeql-and-workflows/.git/objects/b4...
[2025-03-10 16:01:02] [PROGRESS] resolve files> Scanning /Users/pripum/Documents/codeql-snyk-github-testing/codeql-and-workflows/.git/objects/a2...
[2025-03-10 16:01:02] [PROGRESS] resolve files> Scanning /Users/pripum/Documents/codeql-snyk-github-testing/codeql-and-workflows/.git/objects/a5...
[2025-03-10 16:01:02] [PROGRESS] resolve files> Scanning /Users/pripum/Documents/codeql-snyk-github-testing/codeql-and-workflows/.git/objects/bd...
[2025-03-10 16:01:02] [PROGRESS] resolve files> Scanning /Users/pripum/Documents/codeql-snyk-github-testing/codeql-and-workflows/.git/objects/d1...
[2025-03-10 16:01:02] [PROGRESS] resolve files> Scanning /Users/pripum/Documents/codeql-snyk-github-testing/codeql-and-workflows/.git/objects/d6...
[2025-03-10 16:01:02] [PROGRESS] resolve files> Scanning /Users/pripum/Documents/codeql-snyk-github-testing/codeql-and-workflows/.git/objects/bc...
[2025-03-10 16:01:02] [PROGRESS] resolve files> Scanning /Users/pripum/Documents/codeql-snyk-github-testing/codeql-and-workflows/.git/objects/ae...
[2025-03-10 16:01:02] [PROGRESS] resolve files> Scanning /Users/pripum/Documents/codeql-snyk-github-testing/codeql-and-workflows/.git/objects/d8...
[2025-03-10 16:01:02] [PROGRESS] resolve files> Scanning /Users/pripum/Documents/codeql-snyk-github-testing/codeql-and-workflows/.git/objects/ab...
[2025-03-10 16:01:02] [PROGRESS] resolve files> Scanning /Users/pripum/Documents/codeql-snyk-github-testing/codeql-and-workflows/.git/objects/e5...
[2025-03-10 16:01:02] [PROGRESS] resolve files> Scanning /Users/pripum/Documents/codeql-snyk-github-testing/codeql-and-workflows/.git/objects/e2...
[2025-03-10 16:01:02] [PROGRESS] resolve files> Scanning /Users/pripum/Documents/codeql-snyk-github-testing/codeql-and-workflows/.git/objects/f4...
[2025-03-10 16:01:02] [PROGRESS] resolve files> Scanning /Users/pripum/Documents/codeql-snyk-github-testing/codeql-and-workflows/.git/objects/f3...
[2025-03-10 16:01:02] [PROGRESS] resolve files> Scanning /Users/pripum/Documents/codeql-snyk-github-testing/codeql-and-workflows/.git/objects/eb...
[2025-03-10 16:01:02] [PROGRESS] resolve files> Scanning /Users/pripum/Documents/codeql-snyk-github-testing/codeql-and-workflows/.git/objects/c7...
[2025-03-10 16:01:02] [PROGRESS] resolve files> Scanning /Users/pripum/Documents/codeql-snyk-github-testing/codeql-and-workflows/.git/objects/c0...
[2025-03-10 16:01:02] [PROGRESS] resolve files> Scanning /Users/pripum/Documents/codeql-snyk-github-testing/codeql-and-workflows/.git/objects/ee...
[2025-03-10 16:01:02] [PROGRESS] resolve files> Scanning /Users/pripum/Documents/codeql-snyk-github-testing/codeql-and-workflows/.git/objects/c9...
[2025-03-10 16:01:02] [PROGRESS] resolve files> Scanning /Users/pripum/Documents/codeql-snyk-github-testing/codeql-and-workflows/.git/objects/fc...
[2025-03-10 16:01:02] [PROGRESS] resolve files> Scanning /Users/pripum/Documents/codeql-snyk-github-testing/codeql-and-workflows/.git/objects/fd...
[2025-03-10 16:01:02] [PROGRESS] resolve files> Scanning /Users/pripum/Documents/codeql-snyk-github-testing/codeql-and-workflows/.git/objects/f2...
[2025-03-10 16:01:02] [PROGRESS] resolve files> Scanning /Users/pripum/Documents/codeql-snyk-github-testing/codeql-and-workflows/.git/objects/f5...
[2025-03-10 16:01:02] [PROGRESS] resolve files> Scanning /Users/pripum/Documents/codeql-snyk-github-testing/codeql-and-workflows/.git/objects/e3...
[2025-03-10 16:01:02] [PROGRESS] resolve files> Scanning /Users/pripum/Documents/codeql-snyk-github-testing/codeql-and-workflows/.git/objects/cf...
[2025-03-10 16:01:02] [PROGRESS] resolve files> Scanning /Users/pripum/Documents/codeql-snyk-github-testing/codeql-and-workflows/.git/objects/ca...
[2025-03-10 16:01:02] [PROGRESS] resolve files> Scanning /Users/pripum/Documents/codeql-snyk-github-testing/codeql-and-workflows/.git/objects/e4...
[2025-03-10 16:01:02] [PROGRESS] resolve files> Scanning /Users/pripum/Documents/codeql-snyk-github-testing/codeql-and-workflows/.git/objects/fe...
[2025-03-10 16:01:02] [PROGRESS] resolve files> Scanning /Users/pripum/Documents/codeql-snyk-github-testing/codeql-and-workflows/.git/objects/fb...
[2025-03-10 16:01:02] [PROGRESS] resolve files> Scanning /Users/pripum/Documents/codeql-snyk-github-testing/codeql-and-workflows/.git/objects/ed...
[2025-03-10 16:01:02] [PROGRESS] resolve files> Scanning /Users/pripum/Documents/codeql-snyk-github-testing/codeql-and-workflows/.git/objects/c1...
[2025-03-10 16:01:02] [PROGRESS] resolve files> Scanning /Users/pripum/Documents/codeql-snyk-github-testing/codeql-and-workflows/.git/objects/c6...
[2025-03-10 16:01:02] [PROGRESS] resolve files> Scanning /Users/pripum/Documents/codeql-snyk-github-testing/codeql-and-workflows/.git/objects/ec...
[2025-03-10 16:01:02] [PROGRESS] resolve files> Scanning /Users/pripum/Documents/codeql-snyk-github-testing/codeql-and-workflows/.git/objects/4e...
[2025-03-10 16:01:02] [PROGRESS] resolve files> Scanning /Users/pripum/Documents/codeql-snyk-github-testing/codeql-and-workflows/.git/objects/18...
[2025-03-10 16:01:02] [PROGRESS] resolve files> Scanning /Users/pripum/Documents/codeql-snyk-github-testing/codeql-and-workflows/.git/objects/27...
[2025-03-10 16:01:02] [PROGRESS] resolve files> Scanning /Users/pripum/Documents/codeql-snyk-github-testing/codeql-and-workflows/.git/objects/4b...
[2025-03-10 16:01:02] [PROGRESS] resolve files> Scanning /Users/pripum/Documents/codeql-snyk-github-testing/codeql-and-workflows/.git/objects/pack...
[2025-03-10 16:01:02] [PROGRESS] resolve files> Scanning /Users/pripum/Documents/codeql-snyk-github-testing/codeql-and-workflows/.git/objects/11...
[2025-03-10 16:01:02] [PROGRESS] resolve files> Scanning /Users/pripum/Documents/codeql-snyk-github-testing/codeql-and-workflows/.git/objects/7d...
[2025-03-10 16:01:02] [PROGRESS] resolve files> Scanning /Users/pripum/Documents/codeql-snyk-github-testing/codeql-and-workflows/.git/objects/29...
[2025-03-10 16:01:02] [PROGRESS] resolve files> Scanning /Users/pripum/Documents/codeql-snyk-github-testing/codeql-and-workflows/.git/objects/7c...
[2025-03-10 16:01:02] [PROGRESS] resolve files> Scanning /Users/pripum/Documents/codeql-snyk-github-testing/codeql-and-workflows/.git/objects/16...
[2025-03-10 16:01:02] [PROGRESS] resolve files> Scanning /Users/pripum/Documents/codeql-snyk-github-testing/codeql-and-workflows/.git/objects/42...
[2025-03-10 16:01:02] [PROGRESS] resolve files> Scanning /Users/pripum/Documents/codeql-snyk-github-testing/codeql-and-workflows/.git/objects/89...
[2025-03-10 16:01:02] [PROGRESS] resolve files> Scanning /Users/pripum/Documents/codeql-snyk-github-testing/codeql-and-workflows/.git/objects/45...
[2025-03-10 16:01:02] [PROGRESS] resolve files> Scanning /Users/pripum/Documents/codeql-snyk-github-testing/codeql-and-workflows/.git/objects/1f...
[2025-03-10 16:01:02] [PROGRESS] resolve files> Scanning /Users/pripum/Documents/codeql-snyk-github-testing/codeql-and-workflows/.git/objects/73...
[2025-03-10 16:01:02] [PROGRESS] resolve files> Scanning /Users/pripum/Documents/codeql-snyk-github-testing/codeql-and-workflows/.git/objects/87...
[2025-03-10 16:01:02] [PROGRESS] resolve files> Scanning /Users/pripum/Documents/codeql-snyk-github-testing/codeql-and-workflows/.git/objects/80...
[2025-03-10 16:01:02] [PROGRESS] resolve files> Scanning /Users/pripum/Documents/codeql-snyk-github-testing/codeql-and-workflows/.git/objects/74...
[2025-03-10 16:01:02] [PROGRESS] resolve files> Scanning /Users/pripum/Documents/codeql-snyk-github-testing/codeql-and-workflows/.git/objects/1a...
[2025-03-10 16:01:02] [PROGRESS] resolve files> Scanning /Users/pripum/Documents/codeql-snyk-github-testing/codeql-and-workflows/.git/objects/28...
[2025-03-10 16:01:02] [PROGRESS] resolve files> Scanning /Users/pripum/Documents/codeql-snyk-github-testing/codeql-and-workflows/.git/objects/17...
[2025-03-10 16:01:02] [PROGRESS] resolve files> Scanning /Users/pripum/Documents/codeql-snyk-github-testing/codeql-and-workflows/.git/objects/7b...
[2025-03-10 16:01:02] [PROGRESS] resolve files> Scanning /Users/pripum/Documents/codeql-snyk-github-testing/codeql-and-workflows/.git/objects/8f...
[2025-03-10 16:01:02] [PROGRESS] resolve files> Scanning /Users/pripum/Documents/codeql-snyk-github-testing/codeql-and-workflows/.git/objects/8a...
[2025-03-10 16:01:02] [PROGRESS] resolve files> Scanning /Users/pripum/Documents/codeql-snyk-github-testing/codeql-and-workflows/.git/objects/7e...
[2025-03-10 16:01:02] [PROGRESS] resolve files> Scanning /Users/pripum/Documents/codeql-snyk-github-testing/codeql-and-workflows/.git/objects/10...
[2025-03-10 16:01:02] [PROGRESS] resolve files> Scanning /Users/pripum/Documents/codeql-snyk-github-testing/codeql-and-workflows/.git/objects/19...
[2025-03-10 16:01:02] [PROGRESS] resolve files> Scanning /Users/pripum/Documents/codeql-snyk-github-testing/codeql-and-workflows/.git/objects/26...
[2025-03-10 16:01:02] [PROGRESS] resolve files> Scanning /Users/pripum/Documents/codeql-snyk-github-testing/codeql-and-workflows/.git/objects/4d...
[2025-03-10 16:01:02] [PROGRESS] resolve files> Scanning /Users/pripum/Documents/codeql-snyk-github-testing/codeql-and-workflows/.git/objects/75...
[2025-03-10 16:01:02] [PROGRESS] resolve files> Scanning /Users/pripum/Documents/codeql-snyk-github-testing/codeql-and-workflows/.git/objects/81...
[2025-03-10 16:01:02] [PROGRESS] resolve files> Scanning /Users/pripum/Documents/codeql-snyk-github-testing/codeql-and-workflows/.git/objects/86...
[2025-03-10 16:01:02] [PROGRESS] resolve files> Scanning /Users/pripum/Documents/codeql-snyk-github-testing/codeql-and-workflows/.git/objects/72...
[2025-03-10 16:01:02] [PROGRESS] resolve files> Scanning /Users/pripum/Documents/codeql-snyk-github-testing/codeql-and-workflows/.git/objects/44...
[2025-03-10 16:01:02] [PROGRESS] resolve files> Scanning /Users/pripum/Documents/codeql-snyk-github-testing/codeql-and-workflows/.git/objects/2a...
[2025-03-10 16:01:02] [PROGRESS] resolve files> Scanning /Users/pripum/Documents/codeql-snyk-github-testing/codeql-and-workflows/.git/objects/2f...
[2025-03-10 16:01:02] [PROGRESS] resolve files> Scanning /Users/pripum/Documents/codeql-snyk-github-testing/codeql-and-workflows/.git/objects/43...
[2025-03-10 16:01:02] [PROGRESS] resolve files> Scanning /Users/pripum/Documents/codeql-snyk-github-testing/codeql-and-workflows/.git/objects/88...
[2025-03-10 16:01:02] [PROGRESS] resolve files> Scanning /Users/pripum/Documents/codeql-snyk-github-testing/codeql-and-workflows/.git/objects/9f...
[2025-03-10 16:01:02] [PROGRESS] resolve files> Scanning /Users/pripum/Documents/codeql-snyk-github-testing/codeql-and-workflows/.git/objects/6b...
[2025-03-10 16:01:02] [PROGRESS] resolve files> Scanning /Users/pripum/Documents/codeql-snyk-github-testing/codeql-and-workflows/.git/objects/07...
[2025-03-10 16:01:02] [PROGRESS] resolve files> Scanning /Users/pripum/Documents/codeql-snyk-github-testing/codeql-and-workflows/.git/objects/38...
[2025-03-10 16:01:02] [PROGRESS] resolve files> Scanning /Users/pripum/Documents/codeql-snyk-github-testing/codeql-and-workflows/.git/objects/00...
[2025-03-10 16:01:02] [PROGRESS] resolve files> Scanning /Users/pripum/Documents/codeql-snyk-github-testing/codeql-and-workflows/.git/objects/6e...
[2025-03-10 16:01:02] [PROGRESS] resolve files> Scanning /Users/pripum/Documents/codeql-snyk-github-testing/codeql-and-workflows/.git/objects/9a...
[2025-03-10 16:01:02] [PROGRESS] resolve files> Scanning /Users/pripum/Documents/codeql-snyk-github-testing/codeql-and-workflows/.git/objects/36...
[2025-03-10 16:01:02] [PROGRESS] resolve files> Scanning /Users/pripum/Documents/codeql-snyk-github-testing/codeql-and-workflows/.git/objects/5c...
[2025-03-10 16:01:02] [PROGRESS] resolve files> Scanning /Users/pripum/Documents/codeql-snyk-github-testing/codeql-and-workflows/.git/objects/09...
[2025-03-10 16:01:02] [PROGRESS] resolve files> Scanning /Users/pripum/Documents/codeql-snyk-github-testing/codeql-and-workflows/.git/objects/5d...
[2025-03-10 16:01:02] [PROGRESS] resolve files> Scanning /Users/pripum/Documents/codeql-snyk-github-testing/codeql-and-workflows/.git/objects/31...
[2025-03-10 16:01:02] [PROGRESS] resolve files> Scanning /Users/pripum/Documents/codeql-snyk-github-testing/codeql-and-workflows/.git/objects/info...
[2025-03-10 16:01:02] [PROGRESS] resolve files> Scanning /Users/pripum/Documents/codeql-snyk-github-testing/codeql-and-workflows/.git/objects/91...
[2025-03-10 16:01:02] [PROGRESS] resolve files> Scanning /Users/pripum/Documents/codeql-snyk-github-testing/codeql-and-workflows/.git/objects/65...
[2025-03-10 16:01:02] [PROGRESS] resolve files> Scanning /Users/pripum/Documents/codeql-snyk-github-testing/codeql-and-workflows/.git/objects/62...
[2025-03-10 16:01:02] [PROGRESS] resolve files> Scanning /Users/pripum/Documents/codeql-snyk-github-testing/codeql-and-workflows/.git/objects/96...
[2025-03-10 16:01:02] [PROGRESS] resolve files> Scanning /Users/pripum/Documents/codeql-snyk-github-testing/codeql-and-workflows/.git/objects/54...
[2025-03-10 16:01:02] [PROGRESS] resolve files> Scanning /Users/pripum/Documents/codeql-snyk-github-testing/codeql-and-workflows/.git/objects/98...
[2025-03-10 16:01:02] [PROGRESS] resolve files> Scanning /Users/pripum/Documents/codeql-snyk-github-testing/codeql-and-workflows/.git/objects/53...
[2025-03-10 16:01:02] [PROGRESS] resolve files> Scanning /Users/pripum/Documents/codeql-snyk-github-testing/codeql-and-workflows/.git/objects/3f...
[2025-03-10 16:01:02] [PROGRESS] resolve files> Scanning /Users/pripum/Documents/codeql-snyk-github-testing/codeql-and-workflows/.git/objects/30...
[2025-03-10 16:01:02] [PROGRESS] resolve files> Scanning /Users/pripum/Documents/codeql-snyk-github-testing/codeql-and-workflows/.git/objects/5e...
[2025-03-10 16:01:02] [PROGRESS] resolve files> Scanning /Users/pripum/Documents/codeql-snyk-github-testing/codeql-and-workflows/.git/objects/5b...
[2025-03-10 16:01:02] [PROGRESS] resolve files> Scanning /Users/pripum/Documents/codeql-snyk-github-testing/codeql-and-workflows/.git/objects/37...
[2025-03-10 16:01:02] [PROGRESS] resolve files> Scanning /Users/pripum/Documents/codeql-snyk-github-testing/codeql-and-workflows/.git/objects/08...
[2025-03-10 16:01:02] [PROGRESS] resolve files> Scanning /Users/pripum/Documents/codeql-snyk-github-testing/codeql-and-workflows/.git/objects/6d...
[2025-03-10 16:01:02] [PROGRESS] resolve files> Scanning /Users/pripum/Documents/codeql-snyk-github-testing/codeql-and-workflows/.git/objects/01...
[2025-03-10 16:01:02] [PROGRESS] resolve files> Scanning /Users/pripum/Documents/codeql-snyk-github-testing/codeql-and-workflows/.git/objects/06...
[2025-03-10 16:01:02] [PROGRESS] resolve files> Scanning /Users/pripum/Documents/codeql-snyk-github-testing/codeql-and-workflows/.git/objects/6c...
[2025-03-10 16:01:02] [PROGRESS] resolve files> Scanning /Users/pripum/Documents/codeql-snyk-github-testing/codeql-and-workflows/.git/objects/39...
[2025-03-10 16:01:02] [PROGRESS] resolve files> Scanning /Users/pripum/Documents/codeql-snyk-github-testing/codeql-and-workflows/.git/objects/99...
[2025-03-10 16:01:02] [PROGRESS] resolve files> Scanning /Users/pripum/Documents/codeql-snyk-github-testing/codeql-and-workflows/.git/objects/52...
[2025-03-10 16:01:02] [PROGRESS] resolve files> Scanning /Users/pripum/Documents/codeql-snyk-github-testing/codeql-and-workflows/.git/objects/55...
[2025-03-10 16:01:02] [PROGRESS] resolve files> Scanning /Users/pripum/Documents/codeql-snyk-github-testing/codeql-and-workflows/.git/objects/97...
[2025-03-10 16:01:02] [PROGRESS] resolve files> Scanning /Users/pripum/Documents/codeql-snyk-github-testing/codeql-and-workflows/.git/objects/63...
[2025-03-10 16:01:02] [PROGRESS] resolve files> Scanning /Users/pripum/Documents/codeql-snyk-github-testing/codeql-and-workflows/.git/objects/0f...
[2025-03-10 16:01:02] [PROGRESS] resolve files> Scanning /Users/pripum/Documents/codeql-snyk-github-testing/codeql-and-workflows/.git/objects/0a...
[2025-03-10 16:01:02] [PROGRESS] resolve files> Scanning /Users/pripum/Documents/codeql-snyk-github-testing/codeql-and-workflows/.git/objects/64...
[2025-03-10 16:01:02] [PROGRESS] resolve files> Scanning /Users/pripum/Documents/codeql-snyk-github-testing/codeql-and-workflows/.git/objects/90...
[2025-03-10 16:01:02] [PROGRESS] resolve files> Scanning /Users/pripum/Documents/codeql-snyk-github-testing/codeql-and-workflows/.git/objects/bf...
[2025-03-10 16:01:02] [PROGRESS] resolve files> Scanning /Users/pripum/Documents/codeql-snyk-github-testing/codeql-and-workflows/.git/objects/d3...
[2025-03-10 16:01:02] [PROGRESS] resolve files> Scanning /Users/pripum/Documents/codeql-snyk-github-testing/codeql-and-workflows/.git/objects/d4...
[2025-03-10 16:01:02] [PROGRESS] resolve files> Scanning /Users/pripum/Documents/codeql-snyk-github-testing/codeql-and-workflows/.git/objects/ba...
[2025-03-10 16:01:02] [PROGRESS] resolve files> Scanning /Users/pripum/Documents/codeql-snyk-github-testing/codeql-and-workflows/.git/objects/a0...
[2025-03-10 16:01:02] [PROGRESS] resolve files> Scanning /Users/pripum/Documents/codeql-snyk-github-testing/codeql-and-workflows/.git/objects/a7...
[2025-03-10 16:01:02] [PROGRESS] resolve files> Scanning /Users/pripum/Documents/codeql-snyk-github-testing/codeql-and-workflows/.git/objects/b8...
[2025-03-10 16:01:02] [PROGRESS] resolve files> Scanning /Users/pripum/Documents/codeql-snyk-github-testing/codeql-and-workflows/.git/objects/b1...
[2025-03-10 16:01:02] [PROGRESS] resolve files> Scanning /Users/pripum/Documents/codeql-snyk-github-testing/codeql-and-workflows/.git/objects/dd...
[2025-03-10 16:01:02] [PROGRESS] resolve files> Scanning /Users/pripum/Documents/codeql-snyk-github-testing/codeql-and-workflows/.git/objects/dc...
[2025-03-10 16:01:02] [PROGRESS] resolve files> Scanning /Users/pripum/Documents/codeql-snyk-github-testing/codeql-and-workflows/.git/objects/b6...
[2025-03-10 16:01:02] [PROGRESS] resolve files> Scanning /Users/pripum/Documents/codeql-snyk-github-testing/codeql-and-workflows/.git/objects/a9...
[2025-03-10 16:01:02] [PROGRESS] resolve files> Scanning /Users/pripum/Documents/codeql-snyk-github-testing/codeql-and-workflows/.git/objects/d5...
[2025-03-10 16:01:02] [PROGRESS] resolve files> Scanning /Users/pripum/Documents/codeql-snyk-github-testing/codeql-and-workflows/.git/objects/d2...
[2025-03-10 16:01:02] [PROGRESS] resolve files> Scanning /Users/pripum/Documents/codeql-snyk-github-testing/codeql-and-workflows/.git/objects/aa...
[2025-03-10 16:01:02] [PROGRESS] resolve files> Scanning /Users/pripum/Documents/codeql-snyk-github-testing/codeql-and-workflows/.git/objects/af...
[2025-03-10 16:01:02] [PROGRESS] resolve files> Scanning /Users/pripum/Documents/codeql-snyk-github-testing/codeql-and-workflows/.git/objects/b7...
[2025-03-10 16:01:02] [PROGRESS] resolve files> Scanning /Users/pripum/Documents/codeql-snyk-github-testing/codeql-and-workflows/.git/objects/db...
[2025-03-10 16:01:02] [PROGRESS] resolve files> Scanning /Users/pripum/Documents/codeql-snyk-github-testing/codeql-and-workflows/.git/objects/a8...
[2025-03-10 16:01:02] [PROGRESS] resolve files> Scanning /Users/pripum/Documents/codeql-snyk-github-testing/codeql-and-workflows/.git/objects/de...
[2025-03-10 16:01:02] [PROGRESS] resolve files> Scanning /Users/pripum/Documents/codeql-snyk-github-testing/codeql-and-workflows/.git/objects/b0...
[2025-03-10 16:01:02] [PROGRESS] resolve files> Scanning /Users/pripum/Documents/codeql-snyk-github-testing/codeql-and-workflows/.git/objects/a6...
[2025-03-10 16:01:02] [PROGRESS] resolve files> Scanning /Users/pripum/Documents/codeql-snyk-github-testing/codeql-and-workflows/.git/objects/b9...
[2025-03-10 16:01:02] [PROGRESS] resolve files> Scanning /Users/pripum/Documents/codeql-snyk-github-testing/codeql-and-workflows/.git/objects/a1...
[2025-03-10 16:01:02] [PROGRESS] resolve files> Scanning /Users/pripum/Documents/codeql-snyk-github-testing/codeql-and-workflows/.git/objects/c3...
[2025-03-10 16:01:02] [PROGRESS] resolve files> Scanning /Users/pripum/Documents/codeql-snyk-github-testing/codeql-and-workflows/.git/objects/c4...
[2025-03-10 16:01:02] [PROGRESS] resolve files> Scanning /Users/pripum/Documents/codeql-snyk-github-testing/codeql-and-workflows/.git/objects/ea...
[2025-03-10 16:01:02] [PROGRESS] resolve files> Scanning /Users/pripum/Documents/codeql-snyk-github-testing/codeql-and-workflows/.git/objects/e1...
[2025-03-10 16:01:02] [PROGRESS] resolve files> Scanning /Users/pripum/Documents/codeql-snyk-github-testing/codeql-and-workflows/.git/objects/cd...
[2025-03-10 16:01:02] [PROGRESS] resolve files> Scanning /Users/pripum/Documents/codeql-snyk-github-testing/codeql-and-workflows/.git/objects/cc...
[2025-03-10 16:01:02] [PROGRESS] resolve files> Scanning /Users/pripum/Documents/codeql-snyk-github-testing/codeql-and-workflows/.git/objects/e6...
[2025-03-10 16:01:02] [PROGRESS] resolve files> Scanning /Users/pripum/Documents/codeql-snyk-github-testing/codeql-and-workflows/.git/objects/f9...
[2025-03-10 16:01:02] [PROGRESS] resolve files> Scanning /Users/pripum/Documents/codeql-snyk-github-testing/codeql-and-workflows/.git/objects/f0...
[2025-03-10 16:01:02] [PROGRESS] resolve files> Scanning /Users/pripum/Documents/codeql-snyk-github-testing/codeql-and-workflows/.git/objects/f7...
[2025-03-10 16:01:02] [PROGRESS] resolve files> Scanning /Users/pripum/Documents/codeql-snyk-github-testing/codeql-and-workflows/.git/objects/e8...
[2025-03-10 16:01:02] [PROGRESS] resolve files> Scanning /Users/pripum/Documents/codeql-snyk-github-testing/codeql-and-workflows/.git/objects/fa...
[2025-03-10 16:01:02] [PROGRESS] resolve files> Scanning /Users/pripum/Documents/codeql-snyk-github-testing/codeql-and-workflows/.git/objects/ff...
[2025-03-10 16:01:02] [PROGRESS] resolve files> Scanning /Users/pripum/Documents/codeql-snyk-github-testing/codeql-and-workflows/.git/objects/c5...
[2025-03-10 16:01:02] [PROGRESS] resolve files> Scanning /Users/pripum/Documents/codeql-snyk-github-testing/codeql-and-workflows/.git/objects/c2...
[2025-03-10 16:01:02] [PROGRESS] resolve files> Scanning /Users/pripum/Documents/codeql-snyk-github-testing/codeql-and-workflows/.git/objects/f6...
[2025-03-10 16:01:02] [PROGRESS] resolve files> Scanning /Users/pripum/Documents/codeql-snyk-github-testing/codeql-and-workflows/.git/objects/e9...
[2025-03-10 16:01:02] [PROGRESS] resolve files> Scanning /Users/pripum/Documents/codeql-snyk-github-testing/codeql-and-workflows/.git/objects/f1...
[2025-03-10 16:01:02] [PROGRESS] resolve files> Scanning /Users/pripum/Documents/codeql-snyk-github-testing/codeql-and-workflows/.git/objects/e7...
[2025-03-10 16:01:02] [PROGRESS] resolve files> Scanning /Users/pripum/Documents/codeql-snyk-github-testing/codeql-and-workflows/.git/objects/cb...
[2025-03-10 16:01:02] [PROGRESS] resolve files> Scanning /Users/pripum/Documents/codeql-snyk-github-testing/codeql-and-workflows/.git/objects/f8...
[2025-03-10 16:01:02] [PROGRESS] resolve files> Scanning /Users/pripum/Documents/codeql-snyk-github-testing/codeql-and-workflows/.git/objects/ce...
[2025-03-10 16:01:02] [PROGRESS] resolve files> Scanning /Users/pripum/Documents/codeql-snyk-github-testing/codeql-and-workflows/.git/objects/e0...
[2025-03-10 16:01:02] [PROGRESS] resolve files> Scanning /Users/pripum/Documents/codeql-snyk-github-testing/codeql-and-workflows/.git/objects/46...
[2025-03-10 16:01:02] [PROGRESS] resolve files> Scanning /Users/pripum/Documents/codeql-snyk-github-testing/codeql-and-workflows/.git/objects/2c...
[2025-03-10 16:01:02] [PROGRESS] resolve files> Scanning /Users/pripum/Documents/codeql-snyk-github-testing/codeql-and-workflows/.git/objects/79...
[2025-03-10 16:01:02] [PROGRESS] resolve files> Scanning /Users/pripum/Documents/codeql-snyk-github-testing/codeql-and-workflows/.git/objects/2d...
[2025-03-10 16:01:02] [PROGRESS] resolve files> Scanning /Users/pripum/Documents/codeql-snyk-github-testing/codeql-and-workflows/.git/objects/41...
[2025-03-10 16:01:02] [PROGRESS] resolve files> Scanning /Users/pripum/Documents/codeql-snyk-github-testing/codeql-and-workflows/.git/objects/83...
[2025-03-10 16:01:02] [PROGRESS] resolve files> Scanning /Users/pripum/Documents/codeql-snyk-github-testing/codeql-and-workflows/.git/objects/1b...
[2025-03-10 16:01:02] [PROGRESS] resolve files> Scanning /Users/pripum/Documents/codeql-snyk-github-testing/codeql-and-workflows/.git/objects/77...
[2025-03-10 16:01:02] [PROGRESS] resolve files> Scanning /Users/pripum/Documents/codeql-snyk-github-testing/codeql-and-workflows/.git/objects/48...
[2025-03-10 16:01:02] [PROGRESS] resolve files> Scanning /Users/pripum/Documents/codeql-snyk-github-testing/codeql-and-workflows/.git/objects/70...
[2025-03-10 16:01:02] [PROGRESS] resolve files> Scanning /Users/pripum/Documents/codeql-snyk-github-testing/codeql-and-workflows/.git/objects/1e...
[2025-03-10 16:01:02] [PROGRESS] resolve files> Scanning /Users/pripum/Documents/codeql-snyk-github-testing/codeql-and-workflows/.git/objects/84...
[2025-03-10 16:01:02] [PROGRESS] resolve files> Scanning /Users/pripum/Documents/codeql-snyk-github-testing/codeql-and-workflows/.git/objects/4a...
[2025-03-10 16:01:02] [PROGRESS] resolve files> Scanning /Users/pripum/Documents/codeql-snyk-github-testing/codeql-and-workflows/.git/objects/24...
[2025-03-10 16:01:02] [PROGRESS] resolve files> Scanning /Users/pripum/Documents/codeql-snyk-github-testing/codeql-and-workflows/.git/objects/23...
[2025-03-10 16:01:02] [PROGRESS] resolve files> Scanning /Users/pripum/Documents/codeql-snyk-github-testing/codeql-and-workflows/.git/objects/4f...
[2025-03-10 16:01:02] [PROGRESS] resolve files> Scanning /Users/pripum/Documents/codeql-snyk-github-testing/codeql-and-workflows/.git/objects/8d...
[2025-03-10 16:01:02] [PROGRESS] resolve files> Scanning /Users/pripum/Documents/codeql-snyk-github-testing/codeql-and-workflows/.git/objects/15...
[2025-03-10 16:01:02] [PROGRESS] resolve files> Scanning /Users/pripum/Documents/codeql-snyk-github-testing/codeql-and-workflows/.git/objects/12...
[2025-03-10 16:01:02] [PROGRESS] resolve files> Scanning /Users/pripum/Documents/codeql-snyk-github-testing/codeql-and-workflows/.git/objects/8c...
[2025-03-10 16:01:02] [PROGRESS] resolve files> Scanning /Users/pripum/Documents/codeql-snyk-github-testing/codeql-and-workflows/.git/objects/85...
[2025-03-10 16:01:02] [PROGRESS] resolve files> Scanning /Users/pripum/Documents/codeql-snyk-github-testing/codeql-and-workflows/.git/objects/1d...
[2025-03-10 16:01:02] [PROGRESS] resolve files> Scanning /Users/pripum/Documents/codeql-snyk-github-testing/codeql-and-workflows/.git/objects/71...
[2025-03-10 16:01:02] [PROGRESS] resolve files> Scanning /Users/pripum/Documents/codeql-snyk-github-testing/codeql-and-workflows/.git/objects/76...
[2025-03-10 16:01:02] [PROGRESS] resolve files> Scanning /Users/pripum/Documents/codeql-snyk-github-testing/codeql-and-workflows/.git/objects/1c...
[2025-03-10 16:01:02] [PROGRESS] resolve files> Scanning /Users/pripum/Documents/codeql-snyk-github-testing/codeql-and-workflows/.git/objects/82...
[2025-03-10 16:01:02] [PROGRESS] resolve files> Scanning /Users/pripum/Documents/codeql-snyk-github-testing/codeql-and-workflows/.git/objects/40...
[2025-03-10 16:01:02] [PROGRESS] resolve files> Scanning /Users/pripum/Documents/codeql-snyk-github-testing/codeql-and-workflows/.git/objects/2e...
[2025-03-10 16:01:02] [PROGRESS] resolve files> Scanning /Users/pripum/Documents/codeql-snyk-github-testing/codeql-and-workflows/.git/objects/2b...
[2025-03-10 16:01:02] [PROGRESS] resolve files> Scanning /Users/pripum/Documents/codeql-snyk-github-testing/codeql-and-workflows/.git/objects/47...
[2025-03-10 16:01:02] [PROGRESS] resolve files> Scanning /Users/pripum/Documents/codeql-snyk-github-testing/codeql-and-workflows/.git/objects/78...
[2025-03-10 16:01:02] [PROGRESS] resolve files> Scanning /Users/pripum/Documents/codeql-snyk-github-testing/codeql-and-workflows/.git/objects/13...
[2025-03-10 16:01:02] [PROGRESS] resolve files> Scanning /Users/pripum/Documents/codeql-snyk-github-testing/codeql-and-workflows/.git/objects/7f...
[2025-03-10 16:01:02] [PROGRESS] resolve files> Scanning /Users/pripum/Documents/codeql-snyk-github-testing/codeql-and-workflows/.git/objects/7a...
[2025-03-10 16:01:02] [PROGRESS] resolve files> Scanning /Users/pripum/Documents/codeql-snyk-github-testing/codeql-and-workflows/.git/objects/14...
[2025-03-10 16:01:02] [PROGRESS] resolve files> Scanning /Users/pripum/Documents/codeql-snyk-github-testing/codeql-and-workflows/.git/objects/8e...
[2025-03-10 16:01:02] [PROGRESS] resolve files> Scanning /Users/pripum/Documents/codeql-snyk-github-testing/codeql-and-workflows/.git/objects/22...
[2025-03-10 16:01:02] [PROGRESS] resolve files> Scanning /Users/pripum/Documents/codeql-snyk-github-testing/codeql-and-workflows/.git/objects/25...
[2025-03-10 16:01:02] [PROGRESS] resolve files> Scanning /Users/pripum/Documents/codeql-snyk-github-testing/codeql-and-workflows/.git/info...
[2025-03-10 16:01:02] [PROGRESS] resolve files> Scanning /Users/pripum/Documents/codeql-snyk-github-testing/codeql-and-workflows/.git/logs...
[2025-03-10 16:01:02] [PROGRESS] resolve files> Scanning /Users/pripum/Documents/codeql-snyk-github-testing/codeql-and-workflows/.git/logs/refs...
[2025-03-10 16:01:02] [PROGRESS] resolve files> Scanning /Users/pripum/Documents/codeql-snyk-github-testing/codeql-and-workflows/.git/logs/refs/heads...
[2025-03-10 16:01:02] [PROGRESS] resolve files> Scanning /Users/pripum/Documents/codeql-snyk-github-testing/codeql-and-workflows/.git/logs/refs/remotes...
[2025-03-10 16:01:02] [PROGRESS] resolve files> Scanning /Users/pripum/Documents/codeql-snyk-github-testing/codeql-and-workflows/.git/logs/refs/remotes/origin...
[2025-03-10 16:01:02] [PROGRESS] resolve files> Scanning /Users/pripum/Documents/codeql-snyk-github-testing/codeql-and-workflows/.git/hooks...
[2025-03-10 16:01:02] [PROGRESS] resolve files> Scanning /Users/pripum/Documents/codeql-snyk-github-testing/codeql-and-workflows/.git/refs...
[2025-03-10 16:01:02] [PROGRESS] resolve files> Scanning /Users/pripum/Documents/codeql-snyk-github-testing/codeql-and-workflows/.git/refs/heads...
[2025-03-10 16:01:02] [PROGRESS] resolve files> Scanning /Users/pripum/Documents/codeql-snyk-github-testing/codeql-and-workflows/.git/refs/tags...
[2025-03-10 16:01:02] [PROGRESS] resolve files> Scanning /Users/pripum/Documents/codeql-snyk-github-testing/codeql-and-workflows/.git/refs/remotes...
[2025-03-10 16:01:02] [PROGRESS] resolve files> Scanning /Users/pripum/Documents/codeql-snyk-github-testing/codeql-and-workflows/.git/refs/remotes/origin...
[2025-03-10 16:01:02] [PROGRESS] resolve files> Scanning /Users/pripum/Documents/codeql-snyk-github-testing/codeql-and-workflows/src...
[2025-03-10 16:01:02] [PROGRESS] resolve files> Scanning /Users/pripum/Documents/codeql-snyk-github-testing/codeql-and-workflows/src/verademo...
[2025-03-10 16:01:02] [PROGRESS] resolve files> Scanning /Users/pripum/Documents/codeql-snyk-github-testing/codeql-and-workflows/src/verademo/app...
[2025-03-10 16:01:02] [PROGRESS] resolve files> Scanning /Users/pripum/Documents/codeql-snyk-github-testing/codeql-and-workflows/src/verademo/app/src...
[2025-03-10 16:01:02] [PROGRESS] resolve files> Scanning /Users/pripum/Documents/codeql-snyk-github-testing/codeql-and-workflows/src/verademo/app/src/main...
[2025-03-10 16:01:02] [PROGRESS] resolve files> Scanning /Users/pripum/Documents/codeql-snyk-github-testing/codeql-and-workflows/src/verademo/app/src/main/resources...
[2025-03-10 16:01:02] [PROGRESS] resolve files> Scanning /Users/pripum/Documents/codeql-snyk-github-testing/codeql-and-workflows/src/verademo/app/src/main/webapp...
[2025-03-10 16:01:02] [PROGRESS] resolve files> Scanning /Users/pripum/Documents/codeql-snyk-github-testing/codeql-and-workflows/src/verademo/app/src/main/webapp/resources...
[2025-03-10 16:01:02] [PROGRESS] resolve files> Scanning /Users/pripum/Documents/codeql-snyk-github-testing/codeql-and-workflows/src/verademo/app/src/main/webapp/resources/css...
[2025-03-10 16:01:02] [PROGRESS] resolve files> Scanning /Users/pripum/Documents/codeql-snyk-github-testing/codeql-and-workflows/src/verademo/app/src/main/webapp/resources/images...
[2025-03-10 16:01:02] [PROGRESS] resolve files> Scanning /Users/pripum/Documents/codeql-snyk-github-testing/codeql-and-workflows/src/verademo/app/src/main/webapp/resources/js...
[2025-03-10 16:01:02] [PROGRESS] resolve files> Scanning /Users/pripum/Documents/codeql-snyk-github-testing/codeql-and-workflows/src/verademo/app/src/main/webapp/resources/fonts...
[2025-03-10 16:01:02] [PROGRESS] resolve files> Scanning /Users/pripum/Documents/codeql-snyk-github-testing/codeql-and-workflows/src/verademo/app/src/main/webapp/WEB-INF...
[2025-03-10 16:01:02] [PROGRESS] resolve files> Scanning /Users/pripum/Documents/codeql-snyk-github-testing/codeql-and-workflows/src/verademo/app/src/main/webapp/WEB-INF/views...
[2025-03-10 16:01:02] [PROGRESS] resolve files> Scanning /Users/pripum/Documents/codeql-snyk-github-testing/codeql-and-workflows/src/verademo/app/src/main/java...
[2025-03-10 16:01:02] [PROGRESS] resolve files> Scanning /Users/pripum/Documents/codeql-snyk-github-testing/codeql-and-workflows/src/verademo/app/src/main/java/com...
[2025-03-10 16:01:02] [PROGRESS] resolve files> Scanning /Users/pripum/Documents/codeql-snyk-github-testing/codeql-and-workflows/src/verademo/app/src/main/java/com/veracode...
[2025-03-10 16:01:02] [PROGRESS] resolve files> Scanning /Users/pripum/Documents/codeql-snyk-github-testing/codeql-and-workflows/src/verademo/app/src/main/java/com/veracode/verademo...
[2025-03-10 16:01:02] [PROGRESS] resolve files> Scanning /Users/pripum/Documents/codeql-snyk-github-testing/codeql-and-workflows/src/verademo/app/src/main/java/com/veracode/verademo/utils...
[2025-03-10 16:01:02] [PROGRESS] resolve files> Scanning /Users/pripum/Documents/codeql-snyk-github-testing/codeql-and-workflows/src/verademo/app/src/main/java/com/veracode/verademo/controller...
[2025-03-10 16:01:02] [PROGRESS] resolve files> Scanning /Users/pripum/Documents/codeql-snyk-github-testing/codeql-and-workflows/src/verademo/app/src/main/java/com/veracode/verademo/model...
[2025-03-10 16:01:02] [PROGRESS] resolve files> Scanning /Users/pripum/Documents/codeql-snyk-github-testing/codeql-and-workflows/src/verademo/app/src/main/java/com/veracode/verademo/commands...
[2025-03-10 16:01:02] [PROGRESS] resolve files> Scanning /Users/pripum/Documents/codeql-snyk-github-testing/codeql-and-workflows/src/verademo/docs...
[2025-03-10 16:01:02] [PROGRESS] resolve files> Scanning /Users/pripum/Documents/codeql-snyk-github-testing/codeql-and-workflows/src/verademo/docs/artifacts...
[2025-03-10 16:01:02] [PROGRESS] resolve files> Scanning /Users/pripum/Documents/codeql-snyk-github-testing/codeql-and-workflows/src/verademo/docs/scan_results...
[2025-03-10 16:01:02] [PROGRESS] resolve files> Scanning /Users/pripum/Documents/codeql-snyk-github-testing/codeql-and-workflows/src/verademo/docs/flaws...
[2025-03-10 16:01:02] [PROGRESS] resolve files> Scanning /Users/pripum/Documents/codeql-snyk-github-testing/codeql-and-workflows/src/verademo/db...
[2025-03-10 16:01:02] [PROGRESS] resolve files> Scanning /Users/pripum/Documents/codeql-snyk-github-testing/codeql-and-workflows/src/verademo/.git...
[2025-03-10 16:01:02] [PROGRESS] resolve files> Scanning /Users/pripum/Documents/codeql-snyk-github-testing/codeql-and-workflows/src/verademo/.git/objects...
[2025-03-10 16:01:02] [PROGRESS] resolve files> Scanning /Users/pripum/Documents/codeql-snyk-github-testing/codeql-and-workflows/src/verademo/.git/objects/pack...
[2025-03-10 16:01:02] [PROGRESS] resolve files> Scanning /Users/pripum/Documents/codeql-snyk-github-testing/codeql-and-workflows/src/verademo/.git/objects/info...
[2025-03-10 16:01:02] [PROGRESS] resolve files> Scanning /Users/pripum/Documents/codeql-snyk-github-testing/codeql-and-workflows/src/verademo/.git/info...
[2025-03-10 16:01:02] [PROGRESS] resolve files> Scanning /Users/pripum/Documents/codeql-snyk-github-testing/codeql-and-workflows/src/verademo/.git/logs...
[2025-03-10 16:01:02] [PROGRESS] resolve files> Scanning /Users/pripum/Documents/codeql-snyk-github-testing/codeql-and-workflows/src/verademo/.git/logs/refs...
[2025-03-10 16:01:02] [PROGRESS] resolve files> Scanning /Users/pripum/Documents/codeql-snyk-github-testing/codeql-and-workflows/src/verademo/.git/logs/refs/heads...
[2025-03-10 16:01:02] [PROGRESS] resolve files> Scanning /Users/pripum/Documents/codeql-snyk-github-testing/codeql-and-workflows/src/verademo/.git/logs/refs/remotes...
[2025-03-10 16:01:02] [PROGRESS] resolve files> Scanning /Users/pripum/Documents/codeql-snyk-github-testing/codeql-and-workflows/src/verademo/.git/logs/refs/remotes/origin...
[2025-03-10 16:01:02] [PROGRESS] resolve files> Scanning /Users/pripum/Documents/codeql-snyk-github-testing/codeql-and-workflows/src/verademo/.git/hooks...
[2025-03-10 16:01:02] [PROGRESS] resolve files> Scanning /Users/pripum/Documents/codeql-snyk-github-testing/codeql-and-workflows/src/verademo/.git/refs...
[2025-03-10 16:01:02] [PROGRESS] resolve files> Scanning /Users/pripum/Documents/codeql-snyk-github-testing/codeql-and-workflows/src/verademo/.git/refs/heads...
[2025-03-10 16:01:02] [PROGRESS] resolve files> Scanning /Users/pripum/Documents/codeql-snyk-github-testing/codeql-and-workflows/src/verademo/.git/refs/tags...
[2025-03-10 16:01:02] [PROGRESS] resolve files> Scanning /Users/pripum/Documents/codeql-snyk-github-testing/codeql-and-workflows/src/verademo/.git/refs/remotes...
[2025-03-10 16:01:02] [PROGRESS] resolve files> Scanning /Users/pripum/Documents/codeql-snyk-github-testing/codeql-and-workflows/src/verademo/.git/refs/remotes/origin...
[2025-03-10 16:01:02] Plumbing command codeql resolve files completed:
                      [
                        "/Users/pripum/Documents/codeql-snyk-github-testing/codeql-and-workflows/src/verademo/app/src/main/resources/application.properties"
                      ]
[2025-03-10 16:01:02] [DETAILS] database index-files> Found 1 files.
[2025-03-10 16:01:02] [PROGRESS] database index-files> /Users/pripum/Documents/codeql-snyk-github-testing/codeql-and-workflows/codeqldb: Indexing files in in /Users/pripum/Documents/codeql-snyk-github-testing/codeql-and-workflows...
[2025-03-10 16:01:02] Using index-files script /opt/homebrew/Caskroom/codeql/2.20.5/codeql/properties/tools/index-files.sh.
[2025-03-10 16:01:02] [PROGRESS] database index-files> Running command in /Users/pripum/Documents/codeql-snyk-github-testing/codeql-and-workflows: [/opt/homebrew/Caskroom/codeql/2.20.5/codeql/properties/tools/index-files.sh, /Users/pripum/Documents/codeql-snyk-github-testing/codeql-and-workflows/codeqldb/working/files-to-index15071378479525848770.list]
[2025-03-10 16:01:02] Terminating normally.
